,condition,sample_num,cell_a,cell_b,edge_angle_rad,mean_intensity,mean_int_minus_bkgd,mean_int_no_verts,mean_int_no_verts_minus_bkgd
0,fat2,14,9,5,0.7328151017865063,6.91123701605288,1.9640793908080143,5.813888888888889,0.8667312636440236
1,fat2,14,13,11,0.9652516631899264,7.326633165829146,2.3794755405842807,6.920332936979786,1.973175311734921
2,fat2,14,17,5,0.38486364801166234,7.288659793814433,2.3415021685695674,5.560975609756097,0.6138179845112317
3,fat2,14,17,9,1.0878274509383352,9.169902912621358,4.222745287376493,6.711805555555555,1.76464793031069
4,fat2,14,17,13,1.5582969777755349,6.348056537102473,1.4008989118576078,5.0,0.052842374755134536
5,fat2,14,18,9,0.749699050718124,7.72,2.7728423747551343,6.324475524475525,1.3773178992306594
6,fat2,14,18,15,1.4536875822280324,6.610515021459228,1.6633573962143622,5.090604026845638,0.14344640160077216
7,fat2,14,22,15,0.5305578870294476,6.560909090909091,1.6137514656642251,6.171122994652406,1.2239653694075407
8,fat2,14,24,9,0.02272336084164106,7.175496688741722,2.2283390634968567,4.830630630630631,-0.11652699461423488
9,fat2,14,24,18,0.8023456932038532,8.900954653937948,3.9537970286930824,5.975824175824176,1.0286665505793104
10,fat2,14,25,11,0.17863100651394934,8.228483606557377,3.281325981312512,7.945773524720893,2.998615899476028
11,fat2,14,25,13,1.0278451863633038,7.246835443037975,2.2996778177931096,5.363013698630137,0.41585607338527186
12,fat2,14,25,20,1.4823182543139208,6.546838407494145,1.5996807822492798,5.519607843137255,0.5724502178923894
13,fat2,14,26,9,0.260602391747341,11.660818713450292,6.713661088205426,,
14,fat2,14,26,17,0.22560124383602398,7.434606011372868,2.487448386128002,6.510158013544018,1.5630003882991526
15,fat2,14,26,24,1.3654009376051293,7.470909090909091,2.5237514656642253,4.973684210526316,0.026526585281450465
16,fat2,14,27,13,0.3602710442385031,5.557086614173229,0.6099289889283632,4.538805970149253,-0.4083516550956121
17,fat2,14,27,17,0.5565993180102227,8.035897435897436,3.0887398106525703,5.5636363636363635,0.616478738391498
18,fat2,14,27,25,1.4029004035445218,7.6293969849246235,2.682239359679758,5.3,0.35284237475513436
19,fat2,14,27,26,1.3638041325750756,6.828326180257511,1.8811685550126453,4.301630434782608,-0.645527190462257
20,fat2,14,29,23,0.9827937232473292,8.295757575757575,3.3485999505127095,6.439672801635992,1.4925151763911266
21,fat2,14,30,15,0.18216831047276347,10.426229508196721,5.479071882951856,,
22,fat2,14,30,18,0.4471881901660262,7.499300699300699,2.5521430740558335,6.097112860892389,1.149955235647523
23,fat2,14,30,22,1.067953115867036,7.4479578392621875,2.500800214017322,4.235011990407674,-0.7121456348371913
24,fat2,14,31,20,0.7100692725691082,8.149131767109296,3.2019741418644303,6.591194968553459,1.644037343308594
25,fat2,14,31,29,0.8926770190458511,7.047986289631534,2.1008286643866683,5.918170878459687,0.9710132532148217
26,fat2,14,32,24,0.6391627412176616,7.865814696485623,2.918657071240758,4.8624161073825505,-0.08474151786231499
27,fat2,14,32,26,0.631079387471329,6.574316290130796,1.6271586648859309,4.330661322645291,-0.6164963025995744
28,fat2,14,33,22,0.47485162195708286,8.970946579194003,4.023788953949137,8.104252400548697,3.1570947753038316
29,fat2,14,33,30,1.477319545636307,11.15065502183406,6.203497396589195,6.298507462686567,1.3513498374417017
30,fat2,14,35,32,1.3677511095414314,7.934125269978401,2.986967644733536,6.494077834179357,1.5469202089344911
31,fat2,14,35,24,0.2872814533971342,8.721973094170403,3.7748154689255378,6.266272189349112,1.3191145641042468
32,fat2,14,35,30,1.5108681716736887,7.227642276422764,2.2804846511778987,7.308294209702661,2.361136584457795
33,fat2,14,36,23,0.1925016348099795,7.985148514851486,3.03799088960662,5.833333333333333,0.8861757080884676
34,fat2,14,36,29,1.2818209168023302,7.913919413919414,2.9667617886745488,5.013274336283186,0.06611671103832073
35,fat2,14,37,20,0.20707267711703148,6.703797468354431,1.7566398431095651,5.182608695652174,0.23545107040730873
36,fat2,14,37,25,0.9751408114291862,6.9004149377593365,1.953257312514471,6.026525198938992,1.0793675736941264
37,fat2,14,37,31,1.2684339244120932,7.801849405548217,2.8546917803033516,6.729857819905213,1.7827001946603476
38,fat2,14,38,32,1.2933715582052319,6.733862959285005,1.786705334040139,5.536404160475483,0.5892465352306173
39,fat2,14,38,27,0.8023456932038533,5.715880893300248,0.7687232680553828,4.359081419624217,-0.5880762056206486
40,fat2,14,38,26,0.11444030527006345,9.492682926829268,4.545525301584402,9.1067615658363,4.159603940591434
41,fat2,14,39,36,1.2351577764672874,6.448675496688741,1.501517871443876,6.123239436619718,1.1760818113748526
42,fat2,14,40,37,1.273431181570973,6.423031727379554,1.4758741021346884,5.61747572815534,0.6703181029104748
43,fat2,14,40,25,0.2048767170371084,7.565346534653465,2.6181889094086,6.32656023222061,1.3794026069757441
44,fat2,14,40,27,0.7044940642422177,10.391752577319588,5.4445949520747225,7.365384615384615,2.4182269901397495
45,fat2,14,41,36,0.7244409133078742,5.753877973112719,0.806720347867854,4.0634146341463415,-0.883742991098524
46,fat2,14,41,29,0.23374318086890142,8.070796460176991,3.123638834932126,5.75,0.8028423747551345
47,fat2,14,41,31,1.2746811809199319,8.762773722627736,3.815616097382871,7.161676646706587,2.2145190214617214
48,fat2,14,42,33,0.351656165803405,8.66980146290491,3.722643837660045,7.003189792663477,2.0560321674186115
49,fat2,14,43,33,0.6498704494119476,8.3630289532294,3.415871327984534,5.36936936936937,0.42221174412450413
50,fat2,14,43,42,1.5374753309166493,6.112540192926045,1.1653825676811795,5.341463414634147,0.3943057893892812
51,fat2,14,43,30,0.346354089861026,10.149890590809628,5.2027329655647625,9.917098445595855,4.969940820350989
52,fat2,14,45,38,1.2120256565243244,7.0400866738894905,2.092929048644625,6.090604026845638,1.1434464016007722
53,fat2,14,45,40,1.3041081677719246,9.463223787167449,4.516066161922583,9.375923970432947,4.428766345188081
54,fat2,14,45,27,0.10742795360465592,7.594516594516595,2.647358969271729,6.682191780821918,1.7350341555770523
55,fat2,14,46,35,0.5860608584151241,6.435925520262869,1.4887678950180039,5.925862068965517,0.9787044437206518
56,fat2,14,46,43,1.5503909961083584,7.250733137829912,2.303575512585047,5.497058823529412,0.5499011982845463
57,fat2,14,46,30,0.4825132950224769,8.32033426183844,3.3731766365935743,5.636363636363637,0.6892060111187712
58,fat2,14,47,37,0.8986834994141027,7.745784695201038,2.798627069956172,7.719540229885057,2.7723826046401916
59,fat2,14,47,31,0.42927719545780185,7.218095238095238,2.270937612850372,6.072546230440968,1.1253886051961022
60,fat2,14,49,32,0.3049923468144047,8.352785145888594,3.405627520643729,6.788372093023256,1.8412144677783902
61,fat2,14,49,35,0.76721834832447,6.987341772151899,2.040184146907033,5.632558139534884,0.6854005142900181
62,fat2,14,49,38,1.2649174553900444,8.338738738738739,3.3915811134938734,6.135922330097087,1.1887647048522219
63,fat2,14,49,46,1.4876550949064553,6.352739726027397,1.4055821007825315,5.607843137254902,0.6606855120100361
64,fat2,14,52,36,0.19270075866238556,6.392123287671233,1.4449656624263678,4.525210084033613,-0.4219475412112521
65,fat2,14,52,39,0.7454194762741579,5.542261251372119,0.5951036261272531,4.774080560420315,-0.17307706482455032
66,fat2,14,52,41,1.2453004715584186,9.651315789473685,4.7041581642288195,6.418410041841004,1.4712524165961387
67,fat2,14,53,42,0.2040179795925483,6.906034482758621,1.9588768575137552,5.924848484848485,0.9776908596036193
68,fat2,14,54,39,0.7175413405411445,6.904950495049505,1.9577928698046394,5.603550295857988,0.6563926706131227
69,fat2,14,54,52,1.5152978215491797,7.275793650793651,2.3286360255487857,4.51123595505618,-0.43592167018868544
70,fat2,14,55,41,0.42773491238624217,8.831236897274634,3.8840792720297683,7.371150729335494,2.423993104090629
71,fat2,14,55,47,0.9170522983879069,7.523016650342801,2.5758590250979356,6.612275449101796,1.6651178238569306
72,fat2,14,55,31,0.3671738338182192,12.326530612244898,7.379372987000033,,
73,fat2,14,57,42,0.7631795980707292,8.338461538461539,3.3913039132166736,,
74,fat2,14,57,43,0.39922076957525254,8.001111111111111,3.053953485866246,7.1985559566787005,2.251398331433835
75,fat2,14,57,53,1.413686061447936,6.991891891891892,2.0447342666470263,5.870646766169155,0.9234891409242891
76,fat2,14,58,37,0.11710874456686415,5.868035190615836,0.9208775653709704,5.293296089385475,0.34613846414060934
77,fat2,14,58,40,1.1390104416914508,5.590785907859079,0.6436282826142135,4.804455445544554,-0.1427021797003114
78,fat2,14,58,47,0.911167584157976,6.173543689320389,1.2263860640755233,6.039748953974895,1.0925913287300295
79,fat2,14,59,38,0.07731039417949166,8.176344086021505,3.2291864607766394,7.270764119601329,2.323606494356463
80,fat2,14,59,45,0.8960553845713437,9.879581151832461,4.932423526587596,12.045454545454545,7.0982969202096795
81,fat2,14,59,49,1.2490457723982544,7.614497528830313,2.6673399035854475,7.154121863799283,2.2069642385544173
82,fat2,14,60,43,0.5485494024505281,10.419282511210762,5.472124885965896,7.932203389830509,2.985045764585643
83,fat2,14,60,46,0.5164038907728421,9.302166476624857,4.355008851379991,7.608775137111517,2.661617511866652
84,fat2,14,60,57,1.522054475484965,7.97887323943662,3.0317156141917545,6.582995951417004,1.6358383261721388
85,fat2,14,61,41,0.2741674511196588,13.411985018726591,8.464827393481727,,
86,fat2,14,61,52,0.5942137038004338,7.879235447437011,2.932077822192146,6.327020202020202,1.379862576775337
87,fat2,14,61,55,1.3106959430375134,6.696642685851319,1.7494850606064531,5.187747035573122,0.24058941032825665
88,fat2,14,62,54,0.7853981633974483,9.0,4.0528423747551345,8.413793103448276,3.4666354782034103
89,fat2,14,63,46,0.4964227534048819,8.844059405940595,3.896901780695729,6.2727272727272725,1.325569647482407
90,fat2,14,63,49,0.542951140431593,6.3130733944954125,1.365915769250547,5.523277467411545,0.5761198421666798
91,fat2,14,63,60,1.3378170877177937,9.152662721893492,4.2055050966486265,7.356299212598425,2.4091415873535595
92,fat2,14,64,45,0.23528591336914628,6.796277145811789,1.8491195205669237,6.0620031796502385,1.114845554405373
93,fat2,14,64,59,1.2875754476756884,7.128460686600222,2.181303061355356,5.987804878048781,1.0406472528039155
94,fat2,14,65,64,1.5330783743280323,8.054166666666667,3.1070090414218017,7.958549222797927,3.011391597553062
95,fat2,14,65,40,0.22512567616292367,6.926605504587156,1.979447879342291,5.520446096654275,0.57328847140941
96,fat2,14,65,45,0.697902822595057,8.226114649681529,3.2789570244366635,5.0,0.052842374755134536
97,fat2,14,65,58,1.034985088834433,6.382474226804124,1.4353166015592587,5.716346153846154,0.7691885286012887
98,fat2,14,67,52,0.4636476090008061,9.786177105831534,4.839019480586669,8.396825396825397,3.4496677715805317
99,fat2,14,67,54,0.6043055068662295,8.88695652173913,3.9397988964942643,5.980337078651686,1.0331794534068202
100,fat2,14,67,61,1.33105321792444,6.089912280701754,1.1427546554568888,5.049645390070922,0.1024877648260567
101,fat2,14,67,62,1.5707963267948966,10.164414414414415,5.217256789169549,4.388888888888889,-0.5582687363559762
102,fat2,14,68,47,0.021735706841792667,7.988636363636363,3.041478738391498,6.5,1.5528423747551345
103,fat2,14,68,55,0.7431697612844461,9.143283582089552,4.1961259568446865,6.841791044776119,1.894633419531254
104,fat2,14,68,58,1.1266902039217643,6.207964601769912,1.2608069765250463,5.968197879858657,1.0210402546137916
105,fat2,14,69,49,0.36172924151993224,8.279220779220779,3.3320631539759136,,
106,fat2,14,69,59,0.705568177685211,7.381410256410256,2.434252631165391,7.386324786324787,2.4391671610799213
107,fat2,14,69,63,1.241171919374154,8.347989949748744,3.4008323245038783,6.819354838709677,1.872197213464812
108,fat2,14,71,48,0.18272156076209756,7.658385093167702,2.7112274679228365,6.767213114754099,1.8200554895092331
109,fat2,14,72,57,0.14631528800503021,6.7553846153846155,1.80822699013975,5.839116719242902,0.8919590939980369
110,fat2,14,72,60,0.9324765187858506,5.9575645756457565,1.010406950400891,5.514705882352941,0.5675482571080757
111,fat2,14,74,68,1.4489538897749794,11.317365269461078,6.3702076442162126,7.948126801152738,3.0009691759078727
112,fat2,14,74,55,0.10768987083282068,9.313905930470348,4.3667483052254825,7.761682242990654,2.8145246177457883
113,fat2,14,74,61,1.1210367137250574,6.419811320754717,1.4726536955098517,5.365079365079365,0.4179217398344992
114,fat2,14,76,71,1.0282170026689061,6.955841766329347,2.0086841410844816,6.973118279569892,2.0259606543250266
115,fat2,14,78,72,0.9470946105680051,9.348529411764705,4.40137178651984,8.62962962962963,3.6824720043847643
116,fat2,14,78,60,0.09545371433271388,7.695178849144635,2.7480212238997694,5.848580441640379,0.9014228163955131
117,fat2,14,78,63,1.1309537439791604,9.977358490566038,5.030200865321173,6.25,1.3028423747551345
118,fat2,14,79,64,0.47626523589376857,7.82725321888412,2.880095593639255,6.635294117647059,1.6881364924021938
119,fat2,14,79,65,0.8379812250083898,8.309904153354633,3.362746528109768,7.319587628865979,2.3724300036211137
120,fat2,14,80,64,0.844153986113171,9.355345911949685,4.40818828670482,8.506666666666666,3.5595090414218005
121,fat2,14,80,69,0.9137213910832431,8.565165876777252,3.6180082515323866,7.5996131528046424,2.652455527559777
122,fat2,14,80,79,1.5035900010125316,9.128169014084508,4.181011388839642,9.094736842105263,4.1475792168603975
123,fat2,14,80,59,0.24497866312686414,7.983796296296297,3.0366386710514313,6.78494623655914,1.8377886113142745
124,fat2,14,82,67,0.9169863048553689,7.565950920245399,2.6187932950005335,6.214521452145214,1.2673638269003487
125,fat2,14,82,62,0.5115561271703055,9.331402085747392,4.384244460502527,8.935361216730039,3.9882035914851732
126,fat2,14,83,65,0.7994817392203085,8.188524590163935,3.2413669649190693,5.785714285714286,0.8385566604694201
127,fat2,14,83,68,0.695982056649858,7.603988603988604,2.6568309787437387,7.048571428571429,2.1014138033265635
128,fat2,14,83,58,0.04392776707688961,7.136,2.1888423747551347,6.854166666666667,1.9070090414218015
129,fat2,14,85,69,1.1186424645091209,9.87732342007435,4.930165794829484,7.989795918367347,3.042638293122481
130,fat2,14,85,78,1.320595779017256,9.301282051282051,4.354124426037186,6.976430976430977,2.029273351186111
131,fat2,14,85,63,0.2099735128621634,8.897810218978103,3.9506525937332375,7.439363817097416,2.49220619185255
132,fat2,14,86,65,0.05219136558710385,7.023702031602709,2.0765444063578435,6.134649910233393,1.1874922849885277
133,fat2,14,86,79,1.5458015331759765,9.490291262135923,4.543133636891057,8.623229461756374,3.6760718365115084
134,fat2,14,86,83,1.1824776086224305,6.393058161350845,1.4459005361059791,5.769021739130435,0.8218641138855691
135,fat2,14,88,67,0.7298996581517314,6.747448979591836,1.800291354346971,5.1063829787234045,0.15922535347853906
136,fat2,14,88,74,1.2924966677897853,9.267796610169492,4.320638984924627,,
137,fat2,14,88,61,0.12135200057076367,7.085995085995086,2.1388374607502207,6.852697095435684,1.9055394701908188
138,fat2,14,90,82,1.4114446858909797,6.760909090909091,1.8137514656642253,5.92987012987013,0.9827125046252645
139,fat2,14,90,62,0.4444192099010989,11.65625,6.7090923747551345,,
140,fat2,14,91,68,0.29040194254844115,8.211598746081505,3.264441120836639,6.153061224489796,1.2059035992449303
141,fat2,14,91,74,0.7645678433612311,8.740274599542333,3.793116974297468,7.174721189591078,2.2275635643462124
142,fat2,14,91,83,1.4415213227467536,9.78939617083947,4.842238545594605,8.60806916426513,3.6609115390202644
143,fat2,14,92,76,1.134633204071018,6.89198606271777,1.9448284374729043,4.706692913385827,-0.24046471185903862
144,fat2,14,93,67,0.036128850512775534,6.048611111111111,1.1014534858662453,5.425438596491228,0.47828097124636226
145,fat2,14,93,82,1.1071487177940904,6.999151103565365,2.051993478320499,6.881418092909535,1.9342604676646697
146,fat2,14,93,88,1.4027533014567335,8.309840425531915,3.3626828002870495,6.461176470588235,1.5140188453433696
147,fat2,14,94,69,0.0,9.590909090909092,4.643751465664226,7.532894736842105,2.58573711159724
148,fat2,14,94,80,1.1309537439791604,10.943119266055046,5.99596164081018,7.989583333333333,3.0424257080884676
149,fat2,14,94,85,0.8911474485187877,8.847272727272728,3.900115102027862,7.556237218813906,2.6090795935690405
150,fat2,14,95,74,0.47808703860357205,7.777506112469438,2.8303484872245726,7.054655870445344,2.1074982452004782
151,fat2,14,95,88,1.0507821572108504,8.778142076502732,3.8309844512578666,8.224872231686541,3.277714606441676
152,fat2,14,95,91,1.4925251862736186,9.35735294117647,4.410195315931605,8.919444444444444,3.972286819199579
153,fat2,14,96,71,0.08865588186743746,8.00287356321839,3.055715937973525,6.666666666666667,1.7195090414218015
154,fat2,14,96,76,0.8632546529404173,5.807462686567164,0.8603050613222987,5.220588235294118,0.2734306100492523
155,fat2,14,98,80,0.1234007963630761,9.782241014799155,4.835083389554289,8.096828046744575,3.1496704214997093
156,fat2,14,98,94,1.2329181385546182,10.47016274864376,5.523005123398895,8.173515981735159,3.2263583564902936
157,fat2,14,101,98,1.4754976392030534,9.187919463087248,4.240761837842382,7.618794326241135,2.6716367009962694
158,fat2,14,101,79,0.617191391540362,9.899,4.951842374755134,9.441578148710168,4.494420523465302
159,fat2,14,101,80,0.4636476090008061,10.495098039215685,5.54794041397082,9.805194805194805,4.85803717994994
160,fat2,14,102,92,0.2769088393177584,6.823170731707317,1.8760131064624517,5.976670201484623,1.0295125762397577
161,fat2,14,103,96,1.1280515962397,7.581585081585081,2.634427456340216,6.6461538461538465,1.698996220908981
162,fat2,14,103,102,1.3825748214901257,10.880131362889983,5.932973737645118,7.029739776951673,2.0825821517068075
163,fat2,14,103,76,0.17985349979247828,9.771028037383177,4.823870412138311,,
164,fat2,14,103,92,0.4756952188549919,8.230337078651685,3.2831794534068193,5.912280701754386,0.9651230765095207
165,fat2,14,104,83,0.4124104415973873,11.281569965870307,6.334412340625442,10.459677419354838,5.512519794109973
166,fat2,14,104,91,0.8368989743486739,9.812072892938497,4.864915267693632,8.697974217311234,3.7508165920663687
167,fat2,14,106,88,0.7509290623979403,13.890282131661442,8.943124506416577,6.666666666666667,1.7195090414218015
168,fat2,14,106,93,0.5307734972029068,9.926141885325558,4.978984260080693,9.13733905579399,4.190181430549125
169,fat2,14,108,104,1.4568344249875156,7.325518485121731,2.3783608598768655,6.627968337730871,1.6808107124860054
170,fat2,14,108,83,0.29849893158617924,7.229064039408867,2.281906414164002,5.8,0.8528423747551344
171,fat2,14,108,86,0.7983844463176208,7.449295774647887,2.502138149403022,6.704,1.7568423747551343
172,fat2,14,109,101,1.3671378008173485,7.864197530864198,2.9170399056193324,5.658064516129032,0.7109068908841669
173,fat2,14,109,108,1.411149657134235,7.766497461928934,2.819339836684069,5.672527472527473,0.7253698472826073
174,fat2,14,109,79,0.47116626431311,11.331742243436754,6.384584618191888,7.271739130434782,2.324581505189917
175,fat2,14,109,86,0.4762652358937687,8.562634989200864,3.615477363955999,6.619047619047619,1.6718899938027532
176,fat2,14,110,106,1.3904252287049559,7.559641255605381,2.612483630360516,7.08248730964467,2.135329684399805
177,fat2,14,110,88,-0.01999733397315053,7.795212765957447,2.8480551407125816,6.4375,1.4903423747551345
178,fat2,14,110,95,0.7756897305633395,8.854077253218884,3.906919627974019,9.479865771812081,4.532708146567216
179,fat2,14,112,106,1.5159732689304184,8.637218045112782,3.6900604198679163,8.51490514905149,3.5677475238066245
180,fat2,14,112,82,0.04408905739807184,10.128309572301426,5.18115194705656,8.043478260869565,3.096320635624699
181,fat2,14,112,90,0.9316335855772349,9.718844984802432,4.771687359557567,6.423566878980892,1.4764092537360263
182,fat2,14,112,93,0.7597627548757708,8.702702702702704,3.755545077457838,5.8428571428571425,0.8956995176122771
183,fat2,14,113,102,0.8017901377054536,8.046373365041617,3.099215739796752,7.117283950617284,2.1701263253724186
184,fat2,14,114,98,0.8760580505981932,9.333729216152019,4.386571590907153,7.506958250497018,2.5598006252521524
185,fat2,14,114,94,0.5619215622568153,11.518201284796573,6.571043659551708,9.183206106870228,4.236048481625363
186,fat2,14,115,114,1.4931086848653503,8.52087114337568,3.5737135181308153,6.62778505897772,1.6806274337328544
187,fat2,14,115,94,0.31038740713235136,8.664420485175203,3.7172628599303374,6.169117647058823,1.221960021813958
188,fat2,14,117,104,1.35970299357215,8.209821428571429,3.2626638033265634,7.158823529411765,2.2116659041668996
189,fat2,14,117,110,1.5430256902014754,7.154,2.2068423747551345,5.905555555555556,0.9583979303106904
190,fat2,14,117,91,0.3217505543966422,7.619760479041916,2.6726028537970503,6.2395209580838324,1.292363332838967
191,fat2,14,117,95,0.6690429981905734,7.366666666666666,2.419509041421801,6.971502590673575,2.0243449654287096
192,fat2,14,119,102,0.26984915593846903,12.393759286775632,7.446601661530766,11.60960960960961,6.662451984364744
193,fat2,14,119,103,0.8176450458327023,9.493449781659388,4.5462921564145224,5.975806451612903,1.0286488263680376
194,fat2,14,119,113,1.4915972558254451,7.993303571428571,3.0461459461837057,6.1570247933884295,1.209867168143564
195,fat2,14,120,96,0.2497747894212483,8.638418079096045,3.6912604538511795,7.035714285714286,2.08855666046942
196,fat2,14,120,103,1.2036224929766772,8.322981366459627,3.375823741214762,10.333333333333334,5.3861757080884685
197,fat2,14,122,120,1.070635273047214,7.924107142857143,2.9769495176122778,5.8125,0.8653423747551345
198,fat2,14,123,98,0.19739555984988075,9.998417721518987,5.051260096274121,8.462837837837839,3.515680212592973
199,fat2,14,123,101,0.8831250707561669,8.977011494252874,4.029853869008009,6.888888888888889,1.9417312636440238
200,fat2,14,123,114,1.5357229962616712,9.133507853403142,4.186350228158276,8.32118451025057,3.374026885005704
201,fat2,14,124,103,0.07982998571223732,6.939349112426036,1.9921914871811701,6.269121813031162,1.3219641877862962
202,fat2,14,124,119,1.1309537439791604,7.578947368421052,2.6317897431761867,5.96875,1.0215923747551345
203,fat2,14,124,120,1.176005207095135,8.014492753623188,3.067335128378322,7.443902439024391,2.496744813779525
204,fat2,14,125,113,0.6510767214444798,11.708620689655172,6.761463064410306,6.923076923076923,1.9759192978320579
205,fat2,14,126,101,0.37337637316020483,8.070402298850574,3.1232446736057087,7.667590027700831,2.720432402455965
206,fat2,14,126,109,0.8176450458327023,8.738496071829406,3.7913384465845406,7.917910447761194,2.970752822516329
207,fat2,14,126,123,1.4726280482716654,7.362700228832952,2.4155426035880865,6.363302752293578,1.4161451270487122
208,fat2,14,128,113,0.028769038817593337,7.77502691065662,2.8278692854117544,6.087779690189329,1.1406220649444636
209,fat2,14,128,119,0.6107259643892086,9.14828897338403,4.201131348139165,6.2988505747126435,1.351692949467778
210,fat2,14,128,125,1.458593511797642,9.178461538461539,4.231303913216673,9.036682615629983,4.089524990385118
211,fat2,14,130,104,0.3042084943392397,7.371069182389937,2.423911557145072,5.135313531353136,0.18815590610827027
212,fat2,14,130,117,0.7649928327109099,7.96230598669623,3.015148361451365,6.485915492957746,1.5387578677128806
213,fat2,14,131,130,1.1856388204314223,9.056365403304179,4.1092077780593135,7.5625,2.6153423747551345
214,fat2,14,131,104,0.4808872801953359,9.8475935828877,4.900435957642835,6.87037037037037,1.9232127451255048
215,fat2,14,131,108,0.47249693551706384,8.462664714494876,3.5155070892500104,7.421828908554573,2.474671283309707
216,fat2,14,132,125,0.9716210038085897,7.795056642636458,2.847899017391592,6.8704,1.9232423747551346
217,fat2,14,133,120,0.03407771158700745,7.247557003257329,2.3003993780124636,6.670212765957447,1.7230551407125816
218,fat2,14,133,122,1.5594331795306058,6.062809917355372,1.1156522921105063,4.853571428571429,-0.09358619667343682
219,fat2,14,133,124,1.2899586021736937,7.822055137844612,2.8748975125997465,5.215686274509804,0.2685286492649386
220,fat2,14,134,130,1.2904966704564456,9.903490759753593,4.956333134508728,5.294871794871795,0.34771416962692925
221,fat2,14,134,110,0.4492601126118805,7.493317132442284,2.5461595071974186,5.969262295081967,1.022104669837102
222,fat2,14,134,117,0.6852056764858921,8.043778801843319,3.096621176598453,6.788888888888889,1.8417312636440233
223,fat2,14,135,134,1.3189093107042846,7.837748344370861,2.8905907191259956,6.314878892733564,1.3677212674886983
224,fat2,14,135,106,0.5453617994034334,7.215116279069767,2.267958653824902,5.611428571428571,0.6642709461837057
225,fat2,14,135,110,0.6747409422235526,8.266447368421053,3.3192897431761876,5.791208791208791,0.8440511659639256
226,fat2,14,136,131,1.446441332248135,7.301966292134831,2.3548086668899657,5.857519788918206,0.9103621636733408
227,fat2,14,136,108,0.6871242101414392,12.064516129032258,7.1173585037873925,12.085714285714285,7.13855666046942
228,fat2,14,136,109,0.25061770109901327,7.701775147928994,2.7546175226841285,5.619238476953908,0.6720808517090422
229,fat2,14,136,126,1.1071487177940904,7.48692403486924,2.5397664096243746,7.010593220338983,2.0634355950941172
230,fat2,14,137,128,1.1403315539605887,10.250341997264021,5.303184372019156,9.644021739130435,4.69686411388557
231,fat2,14,137,119,0.24925214138521357,11.551219512195122,6.604061886950256,10.015151515151516,5.06799388990665
232,fat2,14,137,124,0.747821874054725,7.0062893081761,2.059131682931235,5.885135135135135,0.9379775098902696
233,fat2,14,139,135,1.3317086117223293,6.525305410122164,1.5781477848772987,5.222360248447205,0.2752026232023397
234,fat2,14,139,106,0.14888994760949725,9.524539877300613,4.577382252055748,,
235,fat2,14,139,112,0.4434483364197379,8.945330296127562,3.9981726708826963,7.998175182481752,3.0510175572368867
236,fat2,14,140,114,0.8760580505981932,12.970149253731343,8.022991628486476,11.298245614035087,6.351087988790222
237,fat2,14,140,115,0.16910122600137703,11.977391304347826,7.0302336791029605,9.74485596707819,4.797698341833324
238,fat2,14,141,133,1.5634435181282056,9.482465462274176,4.53530783702931,9.791666666666666,4.844509041421801
239,fat2,14,141,137,1.1163509120245911,7.036286019210245,2.08912839396538,6.537942664418212,1.5907850391733467
240,fat2,14,141,124,0.2074962264352025,7.9489051094890515,3.001747484244186,8.131455399061032,3.1842977738161666
241,fat2,14,142,140,1.5011417530663282,8.054455445544555,3.1072978202996895,6.335820895522388,1.3886632702775223
242,fat2,14,142,114,0.28805544705062586,7.922266139657444,2.975108514412579,6.91442542787286,1.9672678026279948
243,fat2,14,142,123,0.4603363628246022,7.656,2.7088423747551342,6.4758364312267656,1.5286788059819
244,fat2,14,143,122,0.2121437530044756,6.550813008130081,1.6036553828852158,4.45925925925926,-0.48789836598560576
245,fat2,14,143,133,1.143496338813111,8.824096385542168,3.8769387602973024,7.744,2.7968423747551343
246,fat2,14,144,128,0.06484402755320673,6.96751968503937,2.020362059794505,6.348281016442451,1.4011233911975856
247,fat2,14,144,137,1.1361261116456518,8.831746031746032,3.884588406501167,9.322916666666666,4.375759041421801
248,fat2,14,145,128,0.5743048301747018,8.61658031088083,3.669422685635964,,
249,fat2,14,145,132,0.6191613471304622,8.11111111111111,3.1639534858662453,6.15625,1.2090923747551345
250,fat2,14,145,144,1.3838170568759856,9.541941564561734,4.594783939316868,9.34119278779473,4.394035162549865
251,fat2,14,145,125,0.2093853929534955,7.125200642054574,2.178043016809709,5.545774647887324,0.5986170226424585
252,fat2,14,146,136,1.1722738811284763,7.905191873589165,2.9580342483442994,6.795918367346939,1.8487607421020735
253,fat2,14,146,142,1.4691074750318196,7.875,2.9278423747551345,7.548387096774194,2.6012294715293285
254,fat2,14,146,126,0.26504285989745435,6.998946259220232,2.0517886339753666,6.478618421052632,1.5314607958077664
255,fat2,14,147,132,0.438105719603517,9.403186274509803,4.456028649264938,8.343680709534368,3.3965230842895027
256,fat2,14,147,140,1.069782939991307,9.053973013493254,4.106815388248388,9.64873417721519,4.701576551970324
257,fat2,14,147,145,1.4041324990245532,10.710594315245478,5.763436690000613,8.484412470023981,3.537254844779116
258,fat2,14,149,131,0.8614841837185336,6.4183006535947715,1.471143028349906,5.078947368421052,0.13178974317618675
259,fat2,14,149,136,0.6576067562606992,8.418604651162791,3.471447025917926,7.211350293542075,2.264192668297209
260,fat2,14,150,130,0.13800602365751946,9.320054945054945,4.37289731981008,6.9294710327455915,1.982313407500726
261,fat2,14,150,131,0.9782379461100991,7.859315589353612,2.9121579641087463,5.341463414634147,0.3943057893892812
262,fat2,14,150,134,0.9629943306809361,8.048780487804878,3.1016228625600126,5.319444444444445,0.3722868191995792
263,fat2,14,151,140,0.8169666198852263,8.905063291139241,3.9579056658943754,6.478260869565218,1.5311032443203523
264,fat2,14,151,142,0.6037493333974364,8.592711682743838,3.6455540574989724,6.961474036850921,2.014316411606056
265,fat2,14,152,134,0.6690429981905736,8.48016415868673,3.5330065334418643,7.557544757033248,2.610387131788382
266,fat2,14,152,135,0.2642600199133298,10.07190635451505,5.124748729270185,9.61111111111111,4.663953485866245
267,fat2,14,152,139,0.8119406011488453,9.5278276481149,4.580670022870035,7.137777777777778,2.1906201525329125
268,fat2,14,153,140,0.21406068356382146,8.472049689440993,3.524892064196128,7.332258064516129,2.3851004392712634
269,fat2,14,153,147,1.183126748420898,8.095137420718816,3.14797979547395,7.256140350877193,2.308982725632328
270,fat2,14,153,151,1.3940874707248598,7.936151079136691,2.9889934538918252,7.3407310704960835,2.393573445251218
271,fat2,14,154,133,0.2808377246212029,9.777777777777779,4.830620152532913,8.123287671232877,3.1761300459880113
272,fat2,14,154,141,0.5018234968013537,10.83638320775027,5.8892255825054045,11.216723549488055,6.26956592424319
273,fat2,14,155,136,0.19739555984988044,9.662751677852349,4.715594052607483,9.091254752851711,4.1440971276068455
274,fat2,14,155,146,0.8866549564274188,7.6307339449541285,2.683576319709263,7.44106463878327,2.4939070135384043
275,fat2,14,155,149,1.1782261917830679,8.112487100103198,3.165329474858333,7.57120253164557,2.6240449064007043
276,fat2,14,156,134,0.37596095387130557,7.386692381870781,2.439534756625916,6.977653631284916,2.0304960060400505
277,fat2,14,156,150,1.3469683553243808,7.457586618876942,2.5104289936320763,6.016260162601626,1.0691025373567609
278,fat2,14,156,152,1.529153747696308,8.788288288288289,3.8411306630434234,5.634969325153374,0.6878116999085089
279,fat2,14,157,139,0.440191501154682,6.4678068410462775,1.520649215801412,5.831831831831832,0.8846742065869666
280,fat2,14,157,152,1.5707963267948966,10.296195652173912,5.349038026929047,11.270833333333334,6.3236757080884685
281,fat2,14,158,137,0.01538340178059515,8.727272727272727,3.780115102027861,6.8,1.8528423747551344
282,fat2,14,158,141,1.0912770348023004,8.440329218106996,3.4931715928621303,6.096,1.1488423747551346
283,fat2,14,158,144,0.5253668738153161,7.910871694417238,2.9637140691723722,6.2961309523809526,1.348973327136087
284,fat2,14,158,154,1.1884172926955434,7.695965417867435,2.7488077926225696,4.7357357357357355,-0.21142188950913
285,fat2,14,159,154,1.5417347436860833,7.651607298001737,2.704449672756872,7.325728770595691,2.3785711453508256
286,fat2,14,159,143,0.7807899010873278,6.8083941605839415,1.861236535339076,6.010540184453228,1.063382559208362
287,fat2,14,161,142,0.3947911196997615,8.880281690140846,3.9331240648959804,8.252659574468085,3.3055019492232196
288,fat2,14,161,146,0.775089250251205,6.275669642857143,1.3285120176122778,5.875925925925926,0.9287683006810603
289,fat2,14,161,151,1.3090828243936916,8.99874213836478,4.051584513119914,7.3056768558951966,2.358519230650331
290,fat2,14,161,155,1.1902899496825317,9.076167076167076,4.129009450922211,10.9375,5.9903423747551345
291,fat2,14,162,131,0.13432144195296836,10.31740614334471,5.370248518099845,,
292,fat2,14,162,149,1.1410340476982082,9.027434842249656,4.080277217004791,8.388020833333334,3.4408632080884685
293,fat2,14,162,150,0.8117078806503706,8.911650485436894,3.9644928601920286,8.459970887918486,3.51281326267362
294,fat2,14,163,145,0.9505468408120752,11.074585635359115,6.12742801011425,9.336182336182336,4.389024710937471
295,fat2,14,163,147,0.29330294622661945,10.759578544061302,5.812420918816437,8.40751879699248,3.460361171747615
296,fat2,14,163,153,1.5541312030809558,10.208376963350785,5.26121933810592,8.276521739130434,3.3293641138855685
297,fat2,14,164,163,1.460139105621001,10.251412429378531,5.304254804133666,8.0,3.0528423747551345
298,fat2,14,164,144,0.07130746478529032,13.686440677966102,8.739283052721238,,
299,fat2,14,164,145,0.5051667617855311,9.480283114256824,4.533125489011959,8.960815047021944,4.013657421777078
300,fat2,14,164,158,0.995724037062506,8.202008928571429,3.2548513033265634,6.804659498207886,1.8575018729630202
301,fat2,14,166,152,1.0936815185467212,9.748847926267281,4.801690301022416,8.957169459962756,4.010011834717891
302,fat2,14,166,157,0.4228539261329405,6.533557046979865,1.586399421735,5.950191570881226,1.0030339456363606
303,fat2,14,168,162,1.4664151738445663,6.826869806094183,1.8797121808493173,5.155913978494624,0.2087563532497585
304,fat2,14,168,150,0.7628455967471439,9.621187800963082,4.674030175718216,7.719858156028369,2.7727005307835038
305,fat2,14,168,156,0.517287380327621,7.530933633295838,2.5837760080509726,6.14936247723133,1.2022048519864645
306,fat2,14,169,162,1.3717852594651367,7.423076923076923,2.475919297832058,5.950854700854701,1.0036970756098356
307,fat2,14,169,149,0.07393903765794008,7.666204986149585,2.719047360904719,7.116455696202531,2.169298070957666
308,fat2,14,169,155,0.7933979927373349,8.05050505050505,3.1033474252601847,5.916666666666667,0.9695090414218015
309,fat2,14,170,164,1.4665247148672411,9.569767441860465,4.6226098166156,8.496212121212121,3.5490544959672556
310,fat2,14,170,154,1.0358412530088001,7.1995412844036695,2.252383659158804,5.977186311787072,1.0300286865422068
311,fat2,14,170,158,0.36605651584741805,8.586002372479241,3.6388447472343755,7.2748091603053435,2.327651535060478
312,fat2,14,171,168,1.4117731470386354,7.977393617021277,3.0302359917764115,6.781176470588235,1.83401884534337
313,fat2,14,171,152,0.685729510906286,6.952850877192983,2.0056932519481174,6.339416058394161,1.392258433149295
314,fat2,14,171,156,0.42773491238624206,7.488372093023256,2.5412144677783903,5.08421052631579,0.13705290107092427
315,fat2,14,172,161,0.5750722897323907,8.547281323877069,3.6001236986322036,8.157170923379175,3.2100132981343092
316,fat2,14,172,155,0.7061990924279966,8.796052631578947,3.8488950063340814,7.8966789667896675,2.949521341544802
317,fat2,14,173,161,0.9119902906774202,8.721453287197232,3.774295661952366,6.76056338028169,1.8134057550368246
318,fat2,14,173,151,0.3217505543966422,8.9178674351585,3.970709809913635,7.337175792507205,2.3900181672623395
319,fat2,14,174,173,1.1567973241826968,10.91182364729459,5.964666022049724,8.220930232558139,3.2737726073132736
320,fat2,14,174,153,0.525243599654205,9.260927152317882,4.313769527073016,7.477647058823529,2.530489433578664
321,fat2,14,176,169,1.3421095011226722,7.727969348659004,2.7808117234141383,5.921225382932167,0.9740677576873011
322,fat2,14,176,172,1.3289573707765963,7.215,2.2678423747551344,5.519402985074627,0.5722453598297612
323,fat2,14,176,155,0.0,8.502481389578163,3.5553237643332976,6.714592274678112,1.7674346494332465
324,fat2,14,177,163,0.7359335947958567,9.715613382899628,4.768455757654762,8.245231607629428,3.2980739823845626
325,fat2,14,177,164,0.7312639137855679,10.321503131524008,5.374345506279142,10.08095238095238,5.133794755707515
326,fat2,14,178,161,0.03997868712328989,8.388297872340425,3.44114024709556,5.5,0.5528423747551345
327,fat2,14,178,172,1.4191908393566237,8.489028213166144,3.541870587921278,7.34257748776509,2.3954198625202245
328,fat2,14,178,173,0.31099828060554097,6.864089775561097,1.9169321503162315,5.754756871035941,0.8075992457910752
329,fat2,14,178,174,1.042721878368537,7.698245614035088,2.751087988790222,6.233050847457627,1.2858932222127617
330,fat2,14,179,163,0.5095922648089258,11.288242730720606,6.341085105475741,8.354910714285714,3.407753089040848
331,fat2,14,179,174,1.305753466897442,10.46692607003891,5.519768444794045,10.104972375690608,5.157814750445742
332,fat2,14,179,177,1.2277723863741932,13.497098646034816,8.549941020789952,10.324468085106384,5.377310459861518
333,fat2,14,179,153,0.013157135472755741,11.698529411764707,6.751371786519841,8.00943396226415,3.062276337019285
334,fat2,14,182,164,0.12010873556691282,9.893167701863353,4.946010076618488,8.955032119914346,4.007874494669481
335,fat2,14,182,170,0.5585993153435624,10.066523605150214,5.119365979905349,8.106870229007633,3.1597126037627676
336,fat2,14,182,177,1.3175305605641436,10.199704142011834,5.2525465167669685,10.099415204678362,5.152257579433496
337,fat2,14,183,162,0.21588084900915394,8.879689521345407,3.9325318961005413,7.487584650112867,2.540427024868001
338,fat2,14,183,169,0.844153986113171,8.758675078864353,3.811517453619488,5.853820598006645,0.9066629727617794
339,fat2,14,184,170,0.37017082784221644,8.848074921956295,3.9009172967114294,8.040280210157619,3.093122584912753
340,fat2,14,184,182,1.1538982563850027,8.293233082706767,3.346075457461901,6.938775510204081,1.9916178849592159
341,fat2,14,185,162,0.2872814533971342,10.654970760233919,5.7078131349890535,6.666666666666667,1.7195090414218015
342,fat2,14,185,168,0.39169993943742387,8.799707602339181,3.8525499770943155,6.651376146788991,1.7042185215441252
343,fat2,14,185,183,1.299849476456476,10.645101663585953,5.697944038341087,10.407161803713528,5.460004178468663
344,fat2,14,186,185,1.5063694873693432,6.892857142857143,1.9456995176122778,4.871951219512195,-0.07520640573267023
345,fat2,14,186,171,0.7522976746821102,7.762900976290098,2.8157433510452323,8.20159151193634,3.2544338866914737
346,fat2,14,186,168,0.3785455953114932,11.03015873015873,6.083001104913865,8.365131578947368,3.4179739537025027
347,fat2,14,187,174,0.345002177207105,8.914460285132384,3.967302659887518,11.339506172839506,6.392348547594641
348,fat2,14,187,178,1.2613908242424787,9.694344163658243,4.747186538413378,8.672654690618762,3.7254970653738964
349,fat2,14,187,179,1.2617492632252914,6.433333333333334,1.486175708088468,6.314009661835748,1.366852036590883
350,fat2,14,189,169,0.18776194651359335,8.29765395894428,3.3504963336994154,6.954285714285715,2.007128089040849
351,fat2,14,189,176,0.882651361649014,8.390275952693823,3.443118327448958,8.09478672985782,3.147629104612954
352,fat2,14,189,183,1.2712643377249733,10.172995780590718,5.225838155345852,8.278688524590164,3.3315308993452986
353,fat2,14,190,172,0.050803704058221655,8.614123581336695,3.66696595609183,7.2064516129032254,2.25929398765836
354,fat2,14,190,176,0.917949695694122,10.828313253012048,5.881155627767183,6.857142857142857,1.9099852318979913
355,fat2,14,190,178,1.0065281379369648,9.14423076923077,4.197073143985905,5.944250871080139,0.9970932458352735
356,fat2,14,191,177,0.4190674996998205,9.492939666238767,4.545782040993902,7.553571428571429,2.6064138033265634
357,fat2,14,191,179,0.9629943306809361,7.708515283842795,2.7613576585979294,6.268760907504363,1.3216032822594972
358,fat2,14,194,177,0.542951140431593,8.109278350515464,3.162120725270598,5.476190476190476,0.5290328509456108
359,fat2,14,194,182,0.3644075891452026,6.861823361823362,1.9146657365784963,6.528925619834711,1.5817679945898453
360,fat2,14,194,191,1.5029991591315064,7.265151515151516,2.31799388990665,7.207988980716253,2.260831355471388
361,fat2,14,195,190,1.1928280152986233,6.050106609808102,1.1029489845632368,4.933656957928803,-0.013500667316062476
362,fat2,14,195,189,1.06858264049272,7.038377192982456,2.091219567737591,5.84424778761062,0.8970901623657541
363,fat2,14,195,176,0.26299473168091936,7.937823834196891,2.9906662089520255,5.916,0.9688423747551349
364,fat2,14,196,178,0.03729613021966709,8.27313769751693,3.3259800722720643,6.809352517985611,1.862194892740746
365,fat2,14,196,187,1.0612040619859708,8.296432964329643,3.3492753390847776,6.152892561983471,1.2057349367386054
366,fat2,14,196,190,1.2776094302370142,7.800531914893617,2.8533742896487517,6.019138755980861,1.0719811307359954
367,fat2,14,200,196,1.4677147182721964,8.933491686460808,3.986334061215943,6.5054945054945055,1.55833688024964
368,fat2,14,200,179,0.09065988720074511,8.67736757624398,3.7302099509991153,8.782608695652174,3.8354510704073084
369,fat2,14,200,187,0.6907101006024985,8.855582524271844,3.9084248990269783,9.454732510288066,4.5075748850432005
370,fat2,14,200,191,1.1309537439791604,9.281931464174455,4.33477383892959,8.93288590604027,3.9857282807954038
371,wt,09,20,15,1.5308176396716064,9.769898697539798,3.9441347713784554,7.782122905027933,1.9563589788665903
372,wt,09,20,18,1.4056476493802699,10.168304668304668,4.342540742143325,7.743697478991597,1.9179335528302541
373,wt,09,21,16,1.1361261116456518,10.643719806763285,4.817955880601942,7.6438923395445135,1.818128413383171
374,wt,09,21,17,1.2365982825293933,10.416819012797076,4.591055086635733,4.497536945812808,-1.3282269803485347
375,wt,09,22,15,1.3511822016182968,11.026649746192893,5.200885820031551,5.197777777777778,-0.6279861483835649
376,wt,09,24,22,1.4985538459193009,10.288732394366198,4.462968468204855,6.860816944024206,1.0350530178628636
377,wt,09,25,18,1.2689861490325134,10.96281540504648,5.137051478885138,7.178048780487805,1.352284854326462
378,wt,09,27,17,0.1470783553884025,13.465564738292011,7.639800812130669,13.391089108910892,7.565325182749549
379,wt,09,27,21,1.2453004715584186,9.855973813420622,4.0302098872592795,5.673387096774194,-0.15237682938714858
380,wt,09,28,25,1.365400937605129,9.870734229576009,4.044970303414666,8.218700475435815,2.3929365492744727
381,wt,09,29,23,0.9272952180016122,12.13941018766756,6.313646261506217,8.497607655502392,2.6718437293410497
382,wt,09,29,28,1.493174818057503,11.023510971786834,5.1977470456254915,6.417508417508418,0.5917444913470753
383,wt,09,30,15,0.6540827244143603,10.139414802065405,4.313650875904062,7.946058091286307,2.1202941651249647
384,wt,09,30,20,0.7479157267057868,11.471371504660453,5.645607578499111,8.923433874709977,3.097669948548634
385,wt,09,31,16,0.08490179344972182,15.549844236760125,9.724080310598783,13.126984126984127,7.301220200822784
386,wt,09,31,21,1.0969449903001363,12.971571906354516,7.145807980193173,8.32567049808429,2.4999065719229483
387,wt,09,33,15,0.3828987170459434,13.52670349907919,7.700939572917847,11.30952380952381,5.483759883362468
388,wt,09,33,22,0.917949695694122,10.65879574970484,4.8330318235434975,9.273453093812375,3.447689167651032
389,wt,09,33,30,1.2363882205642025,8.860943168077387,3.035179241916045,5.8932238193018485,0.06745989314050593
390,wt,09,35,27,1.0358412530088001,9.323561346362649,3.497797420201306,6.973856209150327,1.1480922829889844
391,wt,09,36,23,0.5503859476767912,13.356005788712011,7.530241862550668,10.639664804469273,4.813900878307931
392,wt,09,36,29,1.3019558451159177,9.565028901734104,3.7392649755727616,7.254143646408839,1.4283797202474968
393,wt,09,37,18,0.0781016777199854,13.777292576419214,7.951528650257871,13.188775510204081,7.363011584042739
394,wt,09,37,20,1.1978086049948355,13.111979166666666,7.2862152405053235,8.972972972972974,3.147209046811631
395,wt,09,37,25,1.008298395725824,11.12043301759134,5.294669091429998,7.569269521410579,1.7435055952492364
396,wt,09,38,21,0.18079957330397145,13.993788819875776,8.168024893714435,15.152027027027026,9.326263100865685
397,wt,09,38,27,1.080839000541168,8.990358126721762,3.16459420056042,5.994301994301995,0.1685380681406521
398,wt,09,38,31,1.3382393849899876,11.628623188405797,5.802859262244454,7.783018867924528,1.9572549417631855
399,wt,09,39,37,1.1297985654402454,11.681063122923588,5.855299196762245,8.272569444444445,2.446805518283102
400,wt,09,39,20,0.06746502452190475,14.222846441947565,8.397082515786224,12.426395939086294,6.600632012924952
401,wt,09,39,30,1.1335742830539086,9.580736543909348,3.754972617748005,6.66578947368421,0.8400255475228677
402,wt,09,40,24,0.7551044034786732,12.633012820512821,6.807248894351479,11.536332179930795,5.710568253769453
403,wt,09,40,31,1.1733782429103223,9.441426146010187,3.6156622198488444,7.221789883268483,1.39602595710714
404,wt,09,41,35,1.5318549836978574,8.838345864661655,3.012581938500312,6.318627450980392,0.4928635248190494
405,wt,09,42,33,1.4332095903245468,11.777301927194861,5.951538001033518,10.218045112781954,4.392281186620612
406,wt,09,42,40,1.5070530142622096,11.989296636085626,6.163532709924284,10.910828025477707,5.085064099316365
407,wt,09,42,22,0.0356991126793238,12.99831081081081,7.172546884649468,10.979674796747968,5.153910870586626
408,wt,09,42,24,0.2350122157206571,15.627766599597585,9.802002673436242,11.907514450867051,6.081750524705709
409,wt,09,43,36,1.0750897346426078,11.402970297029704,5.577206370868361,7.080174927113703,1.2544110009523601
410,wt,09,44,28,0.5619215622568152,13.40552995391705,7.579766027755707,12.2319391634981,6.406175237336757
411,wt,09,44,29,1.002068444377761,12.267352185089974,6.441588258928632,10.032710280373832,4.20694635421249
412,wt,09,45,41,1.3521273809209546,7.990228013029316,2.164464086867974,,
413,wt,09,46,37,1.080839000541168,12.444117647058823,6.61835372089748,7.262390670553936,1.4366267443925933
414,wt,09,46,44,1.3900968035156038,11.055007052186177,5.229243126024834,7.621052631578947,1.7952887054176045
415,wt,09,46,25,0.08673833867598511,16.694285714285716,10.868521788124372,14.068965517241379,8.243201591080037
416,wt,09,46,28,0.8870870151605253,14.911111111111111,9.085347184949768,11.897435897435898,6.071671971274555
417,wt,09,48,35,0.9783689733630179,10.929752066115702,5.103988139954359,7.2785714285714285,1.452807502410086
418,wt,09,48,38,1.3494818844471053,13.05625,7.230486073838658,9.5,3.6742360738386575
419,wt,09,48,27,0.1571102653469605,14.905797101449275,9.080033175287934,15.934472934472934,10.108709008311592
420,wt,09,49,38,1.1881891124370962,10.333333333333334,4.507569407171991,5.364963503649635,-0.4608004225117073
421,wt,09,49,40,1.4352686128093959,9.506514657980455,3.6807507318191126,6.647940074906367,0.8221761487450241
422,wt,09,49,31,0.016665123713940747,12.44969696969697,6.623933043535627,11.239837398373984,5.414073472212642
423,wt,09,51,33,0.6747409422235524,13.64153439153439,7.815770465373048,12.18421052631579,6.358446600154447
424,wt,09,51,39,1.427838827201176,10.341269841269842,4.515505915108499,7.53551912568306,1.7097551995217177
425,wt,09,51,30,0.09804527729383924,13.200883002207506,7.375119076046164,8.64655172413793,2.820787797976588
426,wt,09,52,43,1.5302779743165495,14.219696969696969,8.393933043535625,9.655555555555555,3.8297916293942125
427,wt,09,53,35,0.3006056700423954,12.222222222222221,6.396458296060879,12.582887700534759,6.757123774373416
428,wt,09,53,41,1.0390722595360908,9.44277108433735,3.6170071581760075,7.040625,1.2148610738386578
429,wt,09,53,48,1.4010180528265581,10.504908835904628,4.679144909743285,8.359788359788359,2.5340244336270166
430,wt,09,54,41,0.6823165548747481,10.061652281134402,4.235888354973059,9.774468085106383,3.9487041589450405
431,wt,09,54,45,1.04404579639468,8.447322970639032,2.6215590444776895,7.145783132530121,1.3200192063687783
432,wt,09,54,53,1.5152978215491797,15.81527093596059,9.989507009799247,11.89041095890411,6.064647032742767
433,wt,09,55,33,0.5260664189967634,12.049861495844876,6.224097569683534,8.393229166666666,2.5674652405053235
434,wt,09,55,42,0.9407624172489815,10.302808302808304,4.477044376646961,7.75635593220339,1.9305920060420476
435,wt,09,55,51,1.4659193880646626,13.81203007518797,7.986266149026627,7.84688995215311,2.0211260259917676
436,wt,09,56,36,1.4288992721907328,10.922043010752688,5.0962790845913455,9.456470588235295,3.630706662073952
437,wt,09,56,44,1.173168335272767,11.466850828729282,5.641086902567939,8.946666666666667,3.1209027405053247
438,wt,09,56,29,0.3123464429164984,12.525069637883009,6.699305711721666,12.673854447439354,6.848090521278011
439,wt,09,57,38,0.36361090352663133,13.760299625468164,7.934535699306822,13.957805907172995,8.132041981011653
440,wt,09,57,48,1.256564427710558,11.842874543239951,6.017110617078608,9.914460285132384,4.088696358971041
441,wt,09,57,49,1.5560915044170451,11.988142292490119,6.162378366328777,8.011764705882353,2.1860007797210104
442,wt,09,58,37,0.2734609870902443,16.189509306260575,10.363745380099232,12.465648854961833,6.63988492880049
443,wt,09,58,39,1.1309537439791604,11.712201591511937,5.886437665350594,7.521739130434782,1.6959752042734397
444,wt,09,58,46,1.3836193893553341,12.336363636363636,6.5105997102022934,8.326642335766424,2.5008784096050816
445,wt,09,60,40,1.0191413442663495,14.389057750759878,8.563293824598535,11.946372239747634,6.120608313586291
446,wt,09,60,42,0.4729066036629292,12.363086232980333,6.53732230681899,11.210365853658537,5.384601927497195
447,wt,09,60,55,1.4786212892384347,10.7925,4.966736073838658,7.226293103448276,1.4005291772869333
448,wt,09,61,45,1.3521273809209546,6.775628626692456,0.9498647005311138,4.7942857142857145,-1.031478211875628
449,wt,09,62,40,0.49337862277752215,13.162907268170427,7.337143342009084,11.856837606837606,6.031073680676264
450,wt,09,62,49,1.1029470618472184,9.384397163120568,3.558633236959225,6.355371900826446,0.5296079746651037
451,wt,09,62,60,1.330436568465089,10.213389121338912,4.387625195177569,5.997326203208556,0.17156227704721339
452,wt,09,64,36,0.37527082285595714,18.288201160541586,12.462437234380243,11.842696629213483,6.016932703052141
453,wt,09,64,43,0.8187191592756955,13.992038216560509,8.166274290399166,8.662962962962963,2.8371990368016204
454,wt,09,64,56,1.3997567013259726,10.49402390438247,4.668259978221127,7.634844868735083,1.8090809425737406
455,wt,09,65,64,1.4232282554809017,12.239463601532567,6.413699675371224,8.71195652173913,2.8861925955777883
456,wt,09,65,43,0.4379298077957854,11.427464008859358,5.601700082698016,7.946236559139785,2.1204726329784425
457,wt,09,65,52,0.9670469933974603,14.378,8.552236073838657,9.570512820512821,3.7447488943514786
458,wt,09,66,44,0.2148154004016586,12.681198910081743,6.855434983920401,9.87710843373494,4.051344507573597
459,wt,09,66,46,1.0636978224025597,14.949238578680204,9.123474652518862,10.636363636363637,4.810599710202294
460,wt,09,66,56,1.2304143881529896,11.624092888243831,5.798328962082489,8.130813953488373,2.30505002732703
461,wt,09,67,58,1.446441332248135,11.973941368078176,6.148177441916833,6.507142857142857,0.6813789309815146
462,wt,09,67,39,0.06355067142545728,14.772068511198945,8.946304585037602,12.371495327102803,6.54573140094146
463,wt,09,67,51,0.6747409422235524,13.735537190082646,7.909773263921303,11.053231939163497,5.227468013002155
464,wt,09,68,53,0.5364354576047312,14.48502994011976,8.659266013958419,9.11111111111111,3.285347184949768
465,wt,09,68,54,0.8055296715278506,12.774193548387096,6.9484296222257536,10.740112994350282,4.9143490681889395
466,wt,09,69,65,1.2454356797782544,8.862778730703258,3.037014804541916,7.3153526970954355,1.489588770934093
467,wt,09,69,52,0.23974310887045647,12.032679738562091,6.206915812400749,10.075601374570446,4.249837448409104
468,wt,09,70,48,0.2284966392918623,12.872408293460925,7.046644367299582,11.434482758620689,5.608718832459346
469,wt,09,70,53,0.9357695914045827,11.997183098591549,6.171419172430206,7.380952380952381,1.5551884547910388
470,wt,09,70,57,1.168475228934456,14.8,8.974236073838657,11.025,5.199236073838658
471,wt,09,71,68,1.291414417130069,11.00462962962963,5.178865703468287,7.825,1.9992360738386576
472,wt,09,71,70,1.3854483767992019,10.353174603174603,4.52741067701326,7.632558139534884,1.806794213373541
473,wt,09,71,53,0.11487660541689913,8.988593155893536,3.1628292297321936,8.238095238095237,2.4123313119338947
474,wt,09,72,45,0.03224688243525392,12.144050104384133,6.318286178222791,11.38345864661654,5.557694720455198
475,wt,09,72,54,1.3694792184202558,9.665223665223666,3.839459739062323,4.977077363896848,-0.8486865622644943
476,wt,09,72,61,1.2800620755438914,7.162790697674419,1.3370267715130764,5.279549718574109,-0.5462142075872336
477,wt,09,73,67,1.4732805235073505,11.130030959752322,5.304267033590979,8.193548387096774,2.3677844609354315
478,wt,09,73,51,0.4216875191969008,14.303413400758533,8.47764947459719,11.428256070640177,5.602492144478835
479,wt,09,73,55,1.019722739549679,14.14765100671141,8.321887080550066,8.253694581280788,2.4279306551194457
480,wt,09,74,49,0.311546826902688,13.173123486682808,7.347359560521466,11.874226804123712,6.048462877962369
481,wt,09,74,57,0.9536049352545342,10.439024390243903,4.61326046408256,7.958333333333333,2.1325694071719905
482,wt,09,74,62,1.2187520124794793,13.05497382198953,7.229209895828187,6.12,0.2942360738386576
483,wt,09,75,69,1.1701719399255743,9.102233676975946,3.276469750814603,8.59478672985782,2.769022803696477
484,wt,09,76,72,1.4337301524847088,16.348837209302324,10.523073283140981,,
485,wt,09,76,61,0.9119902906774204,8.069478908188586,2.2437149820272433,6.136363636363637,0.31059971020229415
486,wt,09,77,66,1.2654377467062596,12.652307692307692,6.82654376614635,7.040752351097178,1.2149884249358358
487,wt,09,77,46,0.12161902326134658,18.085758039816234,12.25999411365489,17.60185185185185,11.776087925690508
488,wt,09,77,58,0.962107019467485,13.211538461538462,7.385774535377119,8.034334763948499,2.208570837787156
489,wt,09,78,70,1.1884172926955434,11.199708454810496,5.373944528649154,8.4375,2.6117360738386575
490,wt,09,78,74,1.5316007248678418,12.290087463556851,6.464323537395509,10.601648351648352,4.77588442548701
491,wt,09,78,57,0.10191836748087388,11.364820846905538,5.539056920744195,9.97173144876325,4.145967522601908
492,wt,09,79,68,1.5330783743280325,11.891061452513966,6.065297526352624,8.460154241645244,2.634390315483901
493,wt,09,79,72,1.2003039210883226,10.117365269461079,4.291601343299736,7.660079051383399,1.8343151252220569
494,wt,09,79,54,0.3587706702705722,10.475155279503106,4.6493913533417635,7.536977491961415,1.7112135658000724
495,wt,09,80,67,0.9884433806509132,12.758823529411766,6.933059603250423,8.488235294117647,2.6624713679563046
496,wt,09,80,77,1.4288992721907328,12.42456608811749,6.598802161956148,8.408114558472553,2.5823506323112104
497,wt,09,80,58,0.3156156620387663,14.167381974248928,8.341618048087586,12.69060773480663,6.864843808645287
498,wt,09,81,73,1.3258176636680326,15.256603773584906,9.430839847423563,11.451467268623025,5.625703342461683
499,wt,09,81,55,0.11710874456686428,16.30456026058632,10.478796334424977,12.885304659498209,7.059540733336866
500,wt,09,81,60,1.0191413442663495,11.363344051446946,5.537580125285603,5.787985865724382,-0.03777806043696064
501,wt,09,82,74,1.1902899496825317,11.726123595505618,5.900359669344275,8.202185792349727,2.3764218661883847
502,wt,09,82,62,0.4259296565339419,10.5,4.6742360738386575,8.51528384279476,2.689519916633418
503,wt,09,84,64,1.1071487177940904,13.9125,8.086736073838658,7.0,1.1742360738386575
504,wt,09,84,66,1.1793911986696861,13.303719008264462,7.4779550821031195,6.338129496402877,0.5123655702415348
505,wt,09,84,56,0.04898040092372691,14.0,8.174236073838657,11.490304709141274,5.664540782979931
506,wt,09,85,81,1.413379454068306,9.992865636147444,4.167101709986102,7.048732943469785,1.2229690173084427
507,wt,09,85,82,1.5561988235838362,11.624444444444444,5.798680518283102,8.26418439716312,2.438420471001778
508,wt,09,85,60,0.6879633121051921,10.546827794561933,4.721063868400591,7.688888888888889,1.8631249627275466
509,wt,09,85,62,0.5743048301747016,12.155361050328228,6.329597124166885,9.259842519685039,3.4340785935236964
510,wt,09,86,64,0.3296244074207424,12.100737100737101,6.274973174575758,10.20123203285421,4.375468106692867
511,wt,09,86,65,0.9209258773829491,15.444444444444445,9.618680518283103,8.16,2.3342360738386576
512,wt,09,86,84,1.4682164743766017,10.974780701754385,5.149016775593043,7.976868327402135,2.1511044012407927
513,wt,09,87,65,0.3587706702705722,13.967418546365915,8.141654620204573,12.288288288288289,6.462524362126946
514,wt,09,87,69,1.2679114584199251,12.798529411764706,6.972765485603364,9.48125,3.6554860738386568
515,wt,09,87,86,1.3415643935179011,13.733542319749215,7.907778393587873,8.874564459930314,3.048800533768971
516,wt,09,88,75,1.0869202634691297,9.385786802030458,3.560022875869115,6.916006339144215,1.0902424129828727
517,wt,09,90,67,0.21535769969773805,12.753639417693169,6.927875491531826,10.322299651567944,4.496535725406601
518,wt,09,90,73,1.0240074859056492,12.954462659380692,7.128698733219349,8.31132075471698,2.485556828555638
519,wt,09,90,80,1.2068173702852525,12.944805194805195,7.119041268643852,7.135036496350365,1.3092725701890222
520,wt,09,91,70,0.08314123188844123,13.852713178294573,8.026949252133232,13.011111111111111,7.1853471849497685
521,wt,09,91,71,0.6747409422235524,13.741100323624595,7.9153363974632525,5.0,-0.8257639261613425
522,wt,09,91,78,1.24339611499467,11.438481675392671,5.6127177492313285,8.4739336492891,2.648169723127757
523,wt,09,92,74,0.3040009393401446,14.239470517448856,8.413706591287514,13.221544715447154,7.395780789285811
524,wt,09,92,78,1.2220253232109894,12.425465838509316,6.599701912347974,9.488524590163934,3.662760664002591
525,wt,09,93,68,0.7765488368811906,14.8886925795053,9.062928653343956,10.25531914893617,4.429555222774828
526,wt,09,93,71,0.35877067027057225,14.00968992248062,8.183925996319278,10.070588235294117,4.244824309132775
527,wt,09,93,91,1.3900968035156038,9.933425797503467,4.107661871342125,7.13265306122449,1.3068891350631473
528,wt,09,94,72,0.8655182564412627,12.630534351145037,6.804770424983695,10.122186495176848,4.296422569015506
529,wt,09,94,76,0.7234087222029282,10.855491329479769,5.029727403318426,7.630727762803234,1.8049638366418916
530,wt,09,95,66,0.14736148108865163,14.45852534562212,8.632761419460778,11.748603351955307,5.922839425793964
531,wt,09,95,77,1.3086764855294237,11.197278911564625,5.371514985403283,6.569037656903766,0.7432737307424233
532,wt,09,95,84,1.2490457723982544,13.285016286644952,7.459252360483609,9.54416961130742,3.7184056851460783
533,wt,09,96,68,0.22595921768864075,16.937996820349763,11.11223289418842,12.965665236051501,7.139901309890159
534,wt,09,96,79,1.036202003353901,12.575409836065575,6.749645909904232,10.31439393939394,4.488630013232597
535,wt,09,96,93,1.4570043196511884,10.48321464903357,4.657450722872228,8.776666666666667,2.9509027405053248
536,wt,09,97,74,0.34653886443394155,18.243076923076924,12.41731299691558,13.666666666666666,7.8409027405053235
537,wt,09,97,82,0.8983178241500509,11.891832229580574,6.0660683034192315,9.748175182481752,3.9224112563204097
538,wt,09,97,92,1.177738307612964,11.367802585193889,5.5420386590325466,9.398467432950191,3.572703506788849
539,wt,09,98,69,0.10168885176307674,12.06962962962963,6.243865703468287,10.757396449704142,4.9316325235428
540,wt,09,98,75,1.1459641638755542,12.945086705202312,7.11932277904097,10.0,4.1742360738386575
541,wt,09,98,87,1.2583047670603773,9.258389261744966,3.432625335583624,6.224347826086957,0.3985838999256144
542,wt,09,100,73,0.027770636593421036,15.441988950276244,9.6162250241149,11.861256544502618,6.035492618341276
543,wt,09,100,81,1.0799445463968773,11.282909930715935,5.457146004554592,7.695906432748538,1.8701425065871957
544,wt,09,100,90,1.3455195475808412,14.537226277372262,8.711462351210919,7.4573170731707314,1.631553147009389
545,wt,09,102,77,0.05549850524571683,16.588511137162953,10.76274721100161,15.813953488372093,9.98818956221075
546,wt,09,102,80,1.0888580748372703,16.39463601532567,10.568872089164326,12.82122905027933,6.995465124117987
547,wt,09,102,95,1.3457580403022915,14.089193825042882,8.26342989888154,8.55952380952381,2.7337598833624677
548,wt,09,103,96,1.1491088075979958,7.371794871794871,1.5460309456335288,6.8068965517241375,0.981132625562795
549,wt,09,103,72,0.9272952180016123,12.132530120481928,6.306766194320585,,
550,wt,09,103,79,0.2741674511196588,8.927083333333334,3.1013194071719914,7.859237536656892,2.033473610495549
551,wt,09,103,94,1.4438235371808175,9.709677419354838,3.8839134931934955,6.084848484848485,0.2590845586871424
552,wt,09,104,98,0.9998278506345581,10.982558139534884,5.156794213373542,10.26657060518732,4.440806679025978
553,wt,09,104,75,0.5298490694560666,11.208849557522123,5.383085631360781,9.525114155251142,3.6993502290897995
554,wt,09,104,88,1.442199576139993,11.232558139534884,5.406794213373542,9.299771167048055,3.4740072408867126
555,wt,09,105,86,0.5738858942964034,14.209450830140485,8.383686903979143,13.235955056179776,7.4101911300184335
556,wt,09,105,87,0.9179496956941223,12.56892523364486,6.7431613074835175,9.023300970873786,3.197537044712443
557,wt,09,106,102,1.5387560132474296,11.234496124031008,5.408732197869665,8.479710144927536,2.653946218766193
558,wt,09,106,80,0.35877067027057225,16.420348058902277,10.594584132740934,13.393364928909953,7.567601002748611
559,wt,09,106,90,0.9994588469612697,14.211743772241993,8.385979846080652,8.943722943722944,3.117959017561602
560,wt,09,107,78,-0.01538340178059515,17.848484848484848,12.022720922323504,17.265151515151516,11.439387588990172
561,wt,09,107,91,0.724866143615341,13.75552050473186,7.929756578570518,10.98976109215017,5.163997165988827
562,wt,09,107,92,1.3111666973866392,11.85860655737705,6.032842631215707,8.025641025641026,2.199877099479683
563,wt,09,108,88,0.904103500540625,10.572434607645874,4.746670681484532,8.124620060790274,2.298856134628932
564,wt,09,109,105,1.5607966601082313,11.190265486725664,5.364501560564322,8.297687861271676,2.4719239351103335
565,wt,09,109,84,0.20304521725346514,13.362857142857143,7.5370932166958005,10.832417582417582,5.00665365625624
566,wt,09,109,86,0.5144513130590278,16.611253196930946,10.785489270769602,13.036363636363637,7.2105997102022945
567,wt,09,109,95,1.3360737143096995,11.373390557939913,5.547626631778571,8.215719063545151,2.389955137383809
568,wt,09,110,97,1.4273440634912378,12.394568690095847,6.568804763934504,7.793918918918919,1.9681549927575768
569,wt,09,110,82,0.3120421215625333,17.865702479338843,12.0399385531775,11.37012987012987,5.544365943968528
570,wt,09,110,85,0.34653886443394183,14.797634691195794,8.971870765034453,11.4037558685446,5.577991942383258
571,wt,09,111,107,1.4302202753853386,9.552155771905424,3.7263918457440814,7.9328165374677,2.107052611306358
572,wt,09,111,91,0.7748722363657229,12.088842975206612,6.2630790490452695,10.885135135135135,5.0593712089737926
573,wt,09,111,93,0.8685393952858895,10.008695652173913,4.18293172601257,8.668555240793202,2.8427913146318593
574,wt,09,112,100,1.1071487177940904,12.713235294117647,6.887471367956304,9.316091954022989,3.490328027861646
575,wt,09,112,110,1.4980084781909713,11.496941896024465,5.671177969863122,7.124620060790273,1.298856134628931
576,wt,09,112,81,0.39852244566642026,13.643598615916956,7.817834689755613,11.46694214876033,5.641178222598987
577,wt,09,112,85,0.548549402450528,12.857575757575757,7.031811831414415,6.666666666666667,0.8409027405053244
578,wt,09,113,100,0.9700825434839029,14.64375,8.817986073838657,8.887096774193548,3.0613328480322055
579,wt,09,113,106,1.4416490366668766,17.386029411764707,11.560265485603363,13.360189573459715,7.534425647298373
580,wt,09,113,90,0.12435499454676144,14.608459869848156,8.782695943686814,11.93717277486911,6.111408848707767
581,wt,09,114,97,1.538892262309874,11.07153965785381,5.245775731692468,7.354098360655738,1.5283344344943952
582,wt,09,114,107,1.0893991027375929,10.251012145748987,4.425248219587645,8.709035222052067,2.883271295890725
583,wt,09,114,92,0.04542327942157701,16.38204592901879,10.556282002857447,18.237762237762237,12.411998311600893
584,wt,09,115,102,1.0016918168264306,12.985157699443414,7.159393773282072,9.79812834224599,3.9723644160846474
585,wt,09,115,95,0.7409829481505374,14.65704387990762,8.831279953746279,12.586337760910816,6.760573834749473
586,wt,09,116,96,0.36397895650964385,12.236252545824847,6.4104886196635045,10.32876712328767,4.503003197126328
587,wt,09,116,103,1.5182132651839548,8.922163588390502,3.0963996622291594,5.642857142857143,-0.1829067833041993
588,wt,09,116,111,1.5291537476963082,9.798017348203222,3.97225342204188,8.274633123689727,2.448869197528384
589,wt,09,116,93,0.13255153229667402,12.001592356687897,6.175828430526555,11.206405693950177,5.380641767788835
590,wt,09,117,98,0.507098504392337,13.995121951219513,8.16935802505817,12.32967032967033,6.503906403508988
591,wt,09,117,104,1.546410917622178,13.248214285714285,7.4224503595529425,7.390909090909091,1.5651451647477481
592,wt,09,117,105,1.2832204960144493,10.779141104294478,4.9533771781331355,7.6521060842433695,1.826342158082027
593,wt,09,117,87,0.1651486774146269,16.14457831325301,10.318814387091667,11.222222222222221,5.396458296060879
594,wt,09,118,94,0.5263923642264201,12.616915422885572,6.79115149672423,12.58364312267658,6.757879196515238
595,wt,09,118,103,1.4926425847234197,9.480555555555556,3.6547916293942135,6.909574468085107,1.0838105419237642
596,wt,09,120,100,0.4711662643131098,12.53191489361702,6.706150967455678,11.439583333333333,5.613819407171991
597,wt,09,120,112,1.304544277643971,14.574898785425102,8.749134859263759,11.563758389261745,5.737994463100402
598,wt,09,120,113,1.176005207095135,11.871323529411764,6.045559603250422,7.786729857819905,1.9609659316585626
599,wt,09,122,97,0.8470483340367072,13.74934036939314,7.923576443231798,11.498812351543943,5.673048425382601
600,wt,09,122,110,0.5328438876193887,15.111801242236025,9.286037316074683,11.708609271523178,5.882845345361836
601,wt,09,123,104,0.9021067479216458,14.826271186440678,9.000507260279335,14.472527472527473,8.646763546366131
602,wt,09,123,108,1.37521564698507,12.087551299589604,6.261787373428262,9.040712468193384,3.214948542032041
603,wt,09,123,88,0.22347660114063303,14.663817663817664,8.83805373765632,9.88888888888889,4.063124962727547
604,wt,09,124,109,0.564083721049657,14.692405063291138,8.866641137129797,12.406181015452539,6.580417089291196
605,wt,09,124,115,1.3397056595989993,13.218487394957982,7.39272346879664,8.97872340425532,3.152959478093977
606,wt,09,124,95,0.20304521725346492,17.62897526501767,11.803211338856325,,
607,wt,09,125,105,0.5994524848417375,13.395876288659794,7.570112362498452,10.777059773828755,4.951295847667413
608,wt,09,125,109,0.6049024029354126,12.66764705882353,6.841883132662187,9.222222222222221,3.396458296060879
609,wt,09,125,124,1.467003986337854,11.240428790199081,5.414664864037738,7.935975609756097,2.1102116835947546
610,wt,09,126,106,0.5900602138124775,14.815668202764977,8.989904276603635,12.865313653136532,7.039549726975189
611,wt,09,126,113,0.8663022625526788,16.264248704663213,10.43848477850187,7.5,1.6742360738386575
612,wt,09,127,97,0.5585993153435624,12.236130867709814,6.410366941548472,9.697860962566844,3.872097036405502
613,wt,09,127,114,1.0915857720570785,12.44225721784777,6.616493291686427,9.705069124423963,3.87930519826262
614,wt,09,127,122,1.2753554896511765,13.778280542986426,7.952516616825084,9.654320987654321,3.8285570614929787
615,wt,09,128,110,0.215357699697738,16.99099099099099,11.165227064829647,13.368731563421829,7.542967637260486
616,wt,09,128,112,0.842478945803713,12.613832853025936,6.788068926864594,7.495774647887324,1.6700107217259816
617,wt,09,128,122,1.3734007669450157,11.79182879377432,5.966064867612977,9.053333333333333,3.2275694071719903
618,wt,09,129,113,0.07612380322052725,14.227272727272727,8.401508801111383,13.601731601731602,7.77596767557026
619,wt,09,129,120,1.3507346241613314,12.077380952380953,6.25161702621961,8.052790346907994,2.2270264207466512
620,wt,09,129,126,1.5385494443596428,10.993865030674847,5.168101104513505,7.099173553719008,1.2734096275576654
621,wt,09,130,107,0.3185556770880671,11.717037037037038,5.891273110875695,11.00864553314121,5.182881606979868
622,wt,09,130,111,1.0111147607916178,10.440579710144927,4.614815783983585,8.90643274853801,3.0806688223766683
623,wt,09,130,114,1.2490457723982544,10.727272727272727,4.901508801111384,7.60655737704918,1.7807934508878374
624,wt,09,131,102,0.04647813135100294,12.705298013245033,6.87953408708369,10.130081300813009,4.304317374651666
625,wt,09,131,106,0.5685245477310401,14.4079754601227,8.582211533961356,13.666666666666666,7.8409027405053235
626,wt,09,131,115,1.3258176636680326,17.29375,11.467986073838656,12.159420289855072,6.33365636369373
627,wt,09,131,126,1.5707963267948966,12.008097165991902,6.18233323983056,9.65137614678899,3.825612220627648
628,wt,09,132,104,0.18648690166721676,14.834464043419267,9.008700117257924,13.302564102564103,7.476800176402761
629,wt,09,132,117,1.0111147607916178,11.073394495412844,5.247630569251501,9.462783171521036,3.637019245359693
630,wt,09,132,123,1.4940244355251187,12.64819587628866,6.822431950127318,9.817567567567568,3.991803641406226
631,wt,09,133,130,1.373400766945016,12.31636863823934,6.490604712077997,10.73753280839895,4.911768882237607
632,wt,09,133,111,0.7604033697785282,13.518248175182482,7.692484249021139,12.098591549295774,6.2728276231344315
633,wt,09,133,116,0.2679104224233395,10.959785522788204,5.134021596626861,9.455882352941176,3.630118426779833
634,wt,09,134,128,1.4141944498128811,10.0,4.1742360738386575,7.379765395894428,1.5540014697330857
635,wt,09,134,112,0.04874185130993158,11.77112676056338,5.9453628344020375,7.732510288065844,1.906746361904501
636,wt,09,134,120,1.0714496051147666,11.746955345060893,5.921191418899551,7.82089552238806,1.9951315962267175
637,wt,09,135,133,1.5633337787596477,8.81787330316742,2.992109377006078,6.8351449275362315,1.009381001374889
638,wt,09,135,103,0.7853981633974483,13.575153374233128,7.749389448071786,10.782747603833865,4.956983677672523
639,wt,09,135,116,0.35523086204668164,16.06875,10.242986073838658,13.414965986394558,7.589202060233215
640,wt,09,136,132,1.3284631601418817,11.193811074918568,5.368047148757225,9.075268817204302,3.2495048910429594
641,wt,09,136,105,-0.05258306161094172,20.8,14.974236073838657,,
642,wt,09,136,117,0.4713102942703454,12.673521850899743,6.8477579247384,12.31685393258427,6.491090006422927
643,wt,09,136,125,1.3213831029368492,12.658904109589042,6.833140183427699,9.106060606060606,3.280296679899263
644,wt,09,137,123,1.1902899496825317,15.657824933687003,9.83206100752566,13.681055155875299,7.8552912297139565
645,wt,09,137,108,0.03173537352845779,11.57565011820331,5.749886192041967,10.553639846743295,4.727875920581952
646,wt,09,138,103,0.47359752939361127,13.473101265822784,7.6473373396614415,10.312925170068027,4.487161243906685
647,wt,09,138,118,1.1681416732430236,10.076441102756892,4.250677176595549,6.3628318584070795,0.537067932245737
648,wt,09,138,135,1.2870022175865687,8.932950191570882,3.1071862654095392,5.358695652173913,-0.46706827398742945
649,wt,09,139,131,1.0873493252276973,11.723946784922395,5.898182858761053,7.490265486725663,1.6645015605643207
650,wt,09,139,115,0.2914567944778671,15.214497041420119,9.388733115258777,13.331306990881458,7.505543064720116
651,wt,09,141,139,1.560895660206908,9.200927357032457,3.3751634308711145,8.458592132505176,2.6328282063438335
652,wt,09,141,115,0.6000502134017536,13.225738396624472,7.399974470463129,7.836734693877551,2.0109707677162083
653,wt,09,141,124,0.8685393952858895,13.227405247813412,7.401641321652069,10.295977011494253,4.470213085332911
654,wt,09,142,130,1.2722973952087173,10.10485651214128,4.279092585979938,8.754285714285714,2.928521788124372
655,wt,09,142,114,0.20668321848424925,11.932692307692308,6.106928381530966,10.794701986754967,4.968938060593625
656,wt,09,142,127,1.09432890732119,11.87426326129666,6.048499335135317,9.070588235294117,3.244824309132775
657,wt,09,143,129,0.7010914308712417,13.0,7.1742360738386575,9.114457831325302,3.288693905163959
658,wt,09,143,126,0.6055446636049701,12.759820426487094,6.9340565003257515,10.460144927536232,4.63438100137489
659,wt,09,144,141,1.5641297588910283,10.48364008179959,4.657876155638248,7.736111111111111,1.9103471849497682
660,wt,09,144,124,0.29706421234104274,10.59142857142857,4.765664645267228,7.402234636871508,1.5764707107101659
661,wt,09,144,125,0.7780990229537511,12.567692307692308,6.741928381530966,11.03225806451613,5.206494138354787
662,wt,09,145,142,1.2592494998922086,11.43956043956044,5.613796513399097,9.024948024948024,3.1991840987866818
663,wt,09,145,122,0.5595067561108193,13.297924297924299,7.472160371762956,11.361344537815127,5.535580611653784
664,wt,09,145,127,0.1787930548029215,15.25173611111111,9.425972184949767,11.602459016393443,5.7766950902321
665,wt,09,147,129,0.5123894603107377,15.040185471406492,9.214421545245148,9.966555183946488,4.140791257785145
666,wt,09,147,134,1.320817705334074,9.241052631578947,3.4152887054176047,6.240677966101695,0.4149140399403528
667,wt,09,147,143,1.5707963267948966,9.134204275534442,3.3084403493730994,5.466019417475728,-0.3597445086856146
668,wt,09,147,120,0.09065988720074511,19.224789915966387,13.399025989805043,13.862068965517242,8.036305039355899
669,wt,09,148,128,0.5935427130713417,11.701555869872701,5.875791943711358,8.819444444444445,2.993680518283102
670,wt,09,148,145,1.2490457723982542,10.910287081339712,5.08452315517837,8.27254509018036,2.4467811640190176
671,wt,09,148,122,0.6405856651585093,17.256147540983605,11.430383614822262,18.222929936305732,12.397166010144389
672,wt,09,150,136,1.039072259536091,13.123861566484518,7.298097640323175,8.234146341463415,2.4083824153020723
673,wt,09,150,144,1.4627846020948503,10.585964912280701,4.760200986119359,10.434426229508198,4.608662303346855
674,wt,09,150,125,0.3028848683749712,10.934131736526947,5.108367810365604,9.553571428571429,3.7278075024100863
675,wt,09,152,130,0.2860514417173182,12.017931034482759,6.192167108321416,9.020725388601036,3.194961462439694
676,wt,09,152,133,1.0133652352189562,11.805510534846029,5.979746608684686,9.334558823529411,3.5087948973680687
677,wt,09,152,142,1.3012072488739705,12.405745062836624,6.579981136675282,7.866071428571429,2.0403075024100863
678,wt,09,155,131,0.2247111684146427,14.700772200772201,8.87500827461086,11.041420118343195,5.215656192181853
679,wt,09,155,139,1.3097188757008702,11.141732283464567,5.315968357303224,8.397482014388489,2.571718088227146
680,wt,09,155,143,1.4951831835580667,11.948081264108351,6.122317337947009,8.671559633027522,2.8457957068661797
681,wt,09,155,126,0.19739555984988044,14.945686900958467,9.119922974797124,6.666666666666667,0.8409027405053244
682,wt,09,156,133,0.4142179407586743,11.877213695395513,6.05144976923417,12.272912423625254,6.447148497463911
683,wt,09,156,135,0.9652516631899264,9.872246696035242,4.0464827698739,6.32520325203252,0.4994393258711778
684,wt,09,156,152,1.5707963267948966,9.51268115942029,3.6869172332589466,7.907766990291262,2.0820030641299194
685,wt,09,157,128,-0.01190419955830983,14.982876712328768,9.157112786167424,14.284,8.458236073838659
686,wt,09,157,134,1.0761851656111094,10.778267254038179,4.952503327876836,7.710914454277286,1.8851505281159433
687,wt,09,157,148,1.394674152969077,11.75125,5.925486073838658,8.19914346895075,2.373379542789407
688,wt,09,158,136,0.07580383736113926,13.99638336347197,8.170619437310627,9.79611650485437,3.970352578693027
689,wt,09,158,150,0.9038881225555859,12.664955070603337,6.839191144441995,11.726027397260275,5.900263471098932
690,wt,09,160,156,1.312544106983858,9.068,3.242236073838657,6.08557457212714,0.25981064596579717
691,wt,09,160,135,0.2567083304333857,8.625874125874127,2.800110199712784,6.628205128205129,0.8024412020437861
692,wt,09,161,142,0.1607627406258345,15.374531835205993,9.54876790904465,10.943396226415095,5.117632300253752
693,wt,09,161,145,0.8398896196381795,11.869724770642202,6.04396084448086,8.557213930348258,2.7314500041869154
694,wt,09,161,152,1.1309537439791604,12.901923076923078,7.076159150761735,9.73076923076923,3.9050053046078874
695,wt,09,163,134,0.10487693873023396,13.789762340036564,7.963998413875221,12.38888888888889,6.563124962727547
696,wt,09,163,147,0.8716037370732271,11.118012422360248,5.292248496198906,9.837209302325581,4.011445376164239
697,wt,09,163,157,1.5405025668761214,12.874446085672083,7.048682159510741,8.24561403508772,2.4198501089263766
698,wt,09,165,161,1.4573613349876802,10.086330935251798,4.2605670090904555,5.700460829493087,-0.12530309666825534
699,wt,09,165,145,0.07796663383154234,12.991764705882353,7.166000779721011,12.64354527938343,6.817781353222087
700,wt,09,165,148,0.8652281491096856,12.983805668016194,7.158041741854851,9.727848101265822,3.9020841751044797
701,wt,09,166,147,0.828849058788979,12.98728813559322,7.161524209431877,7.666666666666667,1.8409027405053244
702,wt,09,166,143,0.3165692536124036,9.855233853006682,4.02946992684534,7.74645390070922,1.9206899745478774
703,wt,09,167,161,1.5131678993174227,8.921090387374463,3.09532646121312,7.053475935828877,1.2277120096675347
704,wt,09,167,156,1.0209431441183114,11.193486590038313,5.367722663876971,10.721311475409836,4.8955475492484934
705,wt,09,167,152,0.13489016227079925,10.08695652173913,4.261192595577788,9.028716216216216,3.2029522900548733
706,wt,09,168,139,0.8884797719201485,9.920415224913494,4.094651298752152,8.855371900826446,3.0296079746651037
707,wt,09,168,141,0.4297622790966885,12.475247524752476,6.649483598591133,9.194029850746269,3.368265924584926
708,wt,09,169,165,1.4640606541457608,9.451108213820078,3.625344287658735,6.07728337236534,0.25151944620399735
709,wt,09,169,148,0.3647348142644131,13.988461538461538,8.162697612300196,10.704989154013015,4.879225227851673
710,wt,09,169,157,0.9900399732272263,16.939508506616257,11.113744580454913,10.27461139896373,4.448847472802387
711,wt,09,170,166,1.5022763112362012,10.376266280752533,4.550502354591191,7.562326869806094,1.7365629436447518
712,wt,09,170,143,0.4048917862850834,13.880841121495328,8.055077195333986,9.80373831775701,3.9779743915956667
713,wt,09,170,155,0.7266423406817256,12.498498498498499,6.6727345723371565,8.712962962962964,2.887199036801621
714,wt,09,171,168,1.2261490111768705,12.452054794520548,6.626290868359205,12.880658436213992,7.054894510052649
715,wt,09,171,170,1.358968779313479,8.882530120481928,3.056766194320585,6.716049382716049,0.8902854565547065
716,wt,09,171,139,0.6063828863759626,11.061818181818182,5.23605425565684,7.339449541284404,1.5136856151230615
717,wt,09,171,155,0.6156198894291096,12.156390977443609,6.330627051282266,9.756024096385541,3.930260170224199
718,wt,09,174,169,1.4903253155294356,11.929086538461538,6.103322612300196,9.7834008097166,3.9576368835552573
719,wt,09,174,163,1.0364008500404829,12.216993464052287,6.391229537890944,7.091533180778032,1.2657692546166892
720,wt,09,174,157,0.027770636593421036,16.289156626506024,10.46339270034468,13.833740831295843,8.007976905134502
721,wt,09,175,161,0.5008205599644828,13.610803324099724,7.785039397938381,12.405194805194805,6.579430879033462
722,wt,09,175,165,0.7492693128846728,8.034912718204488,2.2091487920431456,5.72707423580786,-0.09868969035348218
