,position (um),Fat2dICD intensity,Abi intensity
0,0.0,45.929,2.817
1,0.0689,43.78,2.8191
2,0.1378,36.739,3.3005
3,0.2067,33.831,2.7852
4,0.2756,28.752,2.5493
5,0.3445,23.525,3.1334
6,0.4134,21.004,3.689
7,0.4823,21.774,3.1751
8,0.5512,17.622,2.986
9,0.6201,14.191,3.2283
10,0.6889,12.296,2.0972
11,0.7578,12.536,2.6811
12,0.8267,15.222,2.6104
13,0.8956,16.741,3.0028
14,0.9645,16.735,2.5676
15,1.0334,14.076,2.8446
16,1.1023,12.714,2.7614
17,1.1712,9.805,2.3734
18,1.2401,9.365,2.6087
19,1.309,10.023,2.4273
20,1.3779,10.267,2.4385
21,1.4468,12.138,3.789
22,1.5157,17.88,3.7857
23,1.5846,32.469,4.6412
24,1.6535,39.202,4.5873
25,1.7224,41.783,4.5223
26,1.7913,27.638,3.0142
27,1.8602,13.216,2.4994
28,1.929,9.411,2.3692
29,1.9979,9.911,2.1568
30,2.0668,10.014,2.1043
31,2.1357,9.758,2.3994
32,2.2046,11.093,2.4493
33,2.2735,15.325,2.4711
34,2.3424,15.713,2.1452
35,2.4113,12.299,2.4519
36,2.4802,12.694,2.3333
37,2.5491,10.26,1.9732
38,2.618,8.9,1.7832
39,2.6869,7.396,3.0218
40,2.7558,8.006,2.3599
41,2.8247,8.291,1.4417
42,2.8936,10.366,1.2107
43,2.9625,10.789,1.4227
44,3.0314,11.759,1.2813
45,3.1003,12.812,1.4581
46,3.1691,13.215,1.8962
47,3.238,11.95,1.8301
48,3.3069,12.7,1.2544
49,3.3758,15.578,1.5393
50,3.4447,17.217,2.3482
51,3.5136,22.028,2.1351
52,3.5825,29.625,2.6172
53,3.6514,39.681,2.7536
54,3.7203,29.742,3.9358
55,3.7892,24.029,4.0153
56,3.8581,24.572,3.0073
57,3.927,21.175,3.0982
58,3.9959,16.365,3.1974
59,4.0648,13.769,3.0052
60,4.1337,11.627,2.2373
61,4.2026,11.805,2.3268
62,4.2715,8.781,1.8092
63,4.3404,9.263,1.9472
64,4.4092,8.87,1.2263
65,4.4781,6.26,1.3019
66,4.547,7.044,1.0751
67,4.6159,9.188,1.5897
68,4.6848,8.846,2.3227
69,4.7537,8.07,2.0264
70,4.8226,8.313,1.6193
71,4.8915,12.21,1.6281
72,4.9604,16.922,2.3249
73,5.0293,14.686,2.3151
74,5.0982,12.581,2.3299
75,5.1671,10.883,2.1869
76,5.236,8.998,1.8045
77,5.3049,9.522,1.3775
78,5.3738,12.064,1.7206
79,5.4427,15.405,2.5031
80,5.5116,23.016,2.4145
81,5.5805,30.112,2.7931
82,5.6493,33.401,2.8132
83,5.7182,45.753,3.4082
84,5.7871,65.285,3.894
85,5.856,88.208,6.1741
86,5.9249,95.939,6.5276
87,5.9938,84.572,5.3255
88,6.0627,63.464,4.8708
89,6.1316,40.88,4.5142
90,6.2005,27.069,3.3679
91,6.2694,24.424,2.7683
92,6.3383,22.001,2.9692
93,6.4072,16.494,3.1894
94,6.4761,14.549,1.8703
95,6.545,14.916,1.4344
96,6.6139,16.527,2.0817
97,6.6828,17.05,1.9483
98,6.7517,17.28,2.0101
99,6.8206,14.679,1.8813
100,6.8894,10.347,1.8326
101,6.9583,8.625,2.1949
102,7.0272,6.105,2.3934
103,7.0961,10.589,2.139
104,7.165,13.867,3.2297
105,7.2339,20.463,3.6876
106,7.3028,16.049,3.132
107,7.3717,13.349,2.7469
108,7.4406,11.679,2.0247
109,7.5095,8.416,1.757
110,7.5784,7.188,1.65
111,7.6473,7.053,1.8798
112,7.7162,8.666,2.1366
113,7.7851,13.304,1.8533
114,7.854,18.47,1.6552
115,7.9229,21.723,2.1819
116,7.9918,21.225,2.6131
117,8.0607,18.757,1.8649
118,8.1296,21.647,1.7474
119,8.1984,22.476,1.63
120,8.2673,29.85,1.8268
121,8.3362,35.136,3.7181
122,8.4051,38.457,4.3146
123,8.474,34.541,5.065
124,8.5429,29.687,5.2794
125,8.6118,29.386,4.072
126,8.6807,32.656,3.7813
127,8.7496,35.06,3.2033
128,8.8185,32.63,3.5898
129,8.8874,30.876,3.2398
130,8.9563,22.493,4.1799
131,9.0252,18.003,4.1761
132,9.0941,21.731,3.8608
133,9.163,22.209,3.2674
134,9.2319,23.636,2.659
135,9.3008,19.227,2.5583
136,9.3697,16.45,2.5531
137,9.4385,15.864,1.9761
138,9.5074,13.253,2.6464
139,9.5763,12.168,2.4762
140,9.6452,12.538,2.7361
141,9.7141,11.577,2.3649
142,9.783,9.423,2.2313
143,9.8519,10.123,3.4254
144,9.9208,16.728,3.4642
145,9.9897,26.472,4.3483
146,10.0586,30.69,4.0474
147,10.1275,26.044,3.5586
148,10.1964,18.048,2.8153
149,10.2653,11.308,2.5063
150,10.3342,7.374,2.8066
151,10.4031,8.785,3.2527
152,10.472,12.802,2.6707
153,10.5409,18.751,3.3879
154,10.6098,23.912,3.877
155,10.6786,25.686,3.1871
156,10.7475,28.921,3.0207
157,10.8164,31.227,2.1583
158,10.8853,28.374,3.7099
159,10.9542,23.829,3.1413
160,11.0231,21.222,2.8322
161,11.092,14.366,2.9558
162,11.1609,15.922,3.2865
163,11.2298,13.602,2.3604
164,11.2987,10.334,2.7979
165,11.3676,8.091,2.674
166,11.4365,5.71,2.1932
167,11.5054,6.307,1.6511
168,11.5743,5.09,1.8888
169,11.6432,6.366,2.0639
170,11.7121,6.715,1.1248
171,11.781,6.724,1.1991
172,11.8499,8.906,1.5441
173,11.9187,11.127,0.9562
174,11.9876,15.807,2.2009
175,12.0565,17.189,2.0309
176,12.1254,21.85,2.219
177,12.1943,23.32,2.3684
178,12.2632,22.026,1.9661
179,12.3321,19.749,2.0941
180,12.401,18.91,1.4517
181,12.4699,17.825,1.7406
182,12.5388,14.673,2.0115
183,12.6077,16.924,1.8424
184,12.6766,19.609,2.0274
185,12.7455,23.666,2.6719
186,12.8144,31.89,2.4196
187,12.8833,35.635,3.6467
188,12.9522,37.328,3.1872
189,13.0211,34.663,2.8519
190,13.09,36.007,2.5997
191,13.1588,34.287,3.0599
192,13.2277,40.548,3.6385
193,13.2966,45.409,3.4642
194,13.3655,42.739,3.4356
195,13.4344,46.192,2.6924
196,13.5033,55.556,3.3545
197,13.5722,63.303,2.8745
198,13.6411,72.422,2.8642
199,13.71,76.666,3.5523
200,13.7789,70.884,3.3644
201,13.8478,64.043,2.6779
202,13.9167,50.254,2.0864
203,13.9856,34.361,3.2256
204,14.0545,25.751,3.2917
205,14.1234,26.816,3.5152
206,14.1923,29.599,3.4527
207,14.2612,26.836,2.9107
208,14.3301,24.806,3.7516
209,14.3989,23.194,2.7052
210,14.4678,18.152,2.1721
211,14.5367,16.894,2.3686
212,14.6056,16.452,3.4339
213,14.6745,18.99,2.9203
214,14.7434,18.64,2.7513
215,14.8123,16.072,3.551
216,14.8812,19.977,2.8482
217,14.9501,24.123,2.5654
218,15.019,24.81,3.0425
219,15.0879,35.225,3.817
220,15.1568,41.188,3.1752
221,15.2257,36.604,3.2309
222,15.2946,35.701,3.5022
223,15.3635,30.746,3.436
224,15.4324,28.842,3.4723
225,15.5013,23.491,3.5262
226,15.5702,19.232,3.2812
227,15.6391,17.237,2.4024
228,15.7079,13.204,1.6189
229,15.7768,10.349,1.2634
230,15.8457,8.628,2.1186
231,15.9146,10.613,1.3676
232,15.9835,10.29,1.0834
233,16.0524,9.86,1.4098
234,16.1213,9.673,1.7383
235,16.1902,14.023,1.7099
236,16.2591,18.586,1.7026
237,16.328,21.718,1.8476
238,16.3969,22.281,2.2869
239,16.4658,20.298,2.6789
240,16.5347,20.026,3.4957
241,16.6036,19.42,2.7938
242,16.6725,16.476,2.3097
243,16.7414,13.423,2.4043
244,16.8103,13.559,2.1923
245,16.8792,12.913,2.6228
246,16.948,12.591,2.1869
247,17.0169,12.113,1.6625
248,17.0858,14.3,2.196
249,17.1547,14.967,1.9756
250,17.2236,17.029,1.8693
251,17.2925,17.239,1.7147
252,17.3614,14.579,3.0336
253,17.4303,9.763,3.1795
254,17.4992,6.87,3.2158
255,17.5681,5.515,1.5451
256,17.637,3.835,2.106
257,17.7059,5.589,1.7343
258,17.7748,6.456,2.284
259,17.8437,4.805,1.627
260,17.9126,5.374,1.178
261,17.9815,6.814,1.7272
262,18.0504,6.561,1.6462
263,18.1193,6.271,1.933
264,18.1881,6.374,2.3636
265,18.257,7.775,1.9612
266,18.3259,7.687,1.3233
267,18.3948,9.531,1.4762
268,18.4637,13.186,1.8911
269,18.5326,11.943,1.9039
270,18.6015,11.996,2.0524
271,18.6704,12.698,2.3199
272,18.7393,15.891,2.6495
273,18.8082,17.72,3.0477
274,18.8771,20.969,3.5048
275,18.946,21.155,3.0479
276,19.0149,21.853,3.2774
277,19.0838,22.23,3.9326
278,19.1527,20.428,3.3361
279,19.2216,16.905,3.0641
280,19.2905,17.205,3.1047
281,19.3594,16.751,3.2893
282,19.4282,21.083,1.9488
283,19.4971,26.838,2.0214
284,19.566,32.185,2.2682
285,19.6349,30.525,2.4724
286,19.7038,25.015,2.3851
287,19.7727,17.005,2.0901
288,19.8416,9.026,2.1243
289,19.9105,7.208,1.4983
290,19.9794,6.829,1.6108
291,20.0483,8.406,1.7504
292,20.1172,8.599,1.5217
293,20.1861,11.446,1.1739
294,20.255,10.663,0.9026
295,20.3239,10.765,1.2143
296,20.3928,9.122,1.3614
297,20.4617,6.939,1.6898
298,20.5306,6.182,1.9942
299,20.5995,5.571,1.6367
300,20.6683,9.59,1.5982
301,20.7372,11.632,0.7798
302,20.8061,13.508,1.1105
303,20.875,11.152,0.8759
304,20.9439,6.128,1.5299
305,21.0128,4.99,0.808
306,21.0817,4.2,1.1645
307,21.1506,6.346,0.9194
308,21.2195,6.862,0.9147
309,21.2884,8.068,0.8092
310,21.3573,10.694,0.8162
311,21.4262,13.913,1.468
312,21.4951,15.079,0.978
313,21.564,13.725,1.4953
314,21.6329,13.645,1.786
315,21.7018,15.889,1.6315
316,21.7707,19.28,1.7577
317,21.8396,23.461,2.4795
318,21.9084,15.237,2.0288
319,21.9773,12.759,1.6436
320,22.0462,12.911,1.1827
321,22.1151,13.067,1.2801
322,22.184,16.401,1.8044
323,22.2529,18.703,1.6932
324,22.3218,26.426,1.9978
325,22.3907,29.584,1.8927
326,22.4596,30.25,2.7441
327,22.5285,29.658,2.4859
328,22.5974,28.444,1.752
329,22.6663,23.701,2.1307
330,22.7352,20.161,1.5582
331,22.8041,17.7,1.597
332,22.873,17.463,1.8172
333,22.9419,15.578,1.9068
334,23.0108,11.93,1.5208
335,23.0797,13.172,2.0168
336,23.1486,12.96,2.1186
337,23.2174,12.697,1.5566
338,23.2863,13.65,2.3381
339,23.3552,15.477,2.4121
340,23.4241,16.689,1.7467
341,23.493,17.103,2.109
342,23.5619,18.98,2.5378
343,23.6308,18.639,2.0535
344,23.6997,23.147,2.8271
345,23.7686,30.019,2.5152
346,23.8375,41.438,2.7697
347,23.9064,61.406,3.8452
348,23.9753,90.106,5.9942
349,24.0442,114.803,6.161
350,24.1131,132.727,6.0669
351,24.182,141.951,5.9379
352,24.2509,139.63,6.4631
353,24.3198,118.763,5.6452
354,24.3887,94.507,4.938
355,24.4575,67.504,3.907
356,24.5264,43.573,2.7549
357,24.5953,29.627,2.2661
358,24.6642,19.054,2.3376
359,24.7331,11.616,1.5234
360,24.802,9.482,1.3949
361,24.8709,7.833,1.2958
362,24.9398,9.356,1.5801
363,25.0087,9.37,1.7967
364,25.0776,9.347,1.886
365,25.1465,10.159,1.5901
366,25.2154,9.044,1.8392
367,25.2843,7.362,1.6171
368,25.3532,9.753,2.1402
369,25.4221,11.586,1.9475
370,25.491,12.994,1.9468
371,25.5599,15.325,2.1834
372,25.6288,17.297,1.984
373,25.6976,17.999,1.9889
374,25.7665,20.304,2.2679
375,25.8354,24.311,2.0274
376,25.9043,28.47,1.3546
377,25.9732,33.308,2.2095
378,26.0421,36.184,2.1598
379,26.111,39.44,2.8383
380,26.1799,46.713,5.3577
381,26.2488,56.942,6.8415
382,26.3177,68.037,7.1138
383,26.3866,62.516,5.8405
384,26.4555,49.321,5.0367
385,26.5244,38.643,5.4603
386,26.5933,29.679,4.2016
387,26.6622,22.404,3.8086
388,26.7311,16.597,2.9695
389,26.8,14.329,2.6119
390,26.8689,14.72,2.0733
391,26.9377,22.67,2.4195
392,27.0066,29.923,2.3557
393,27.0755,32.517,2.0762
394,27.1444,35.012,2.3626
395,27.2133,36.916,2.0117
396,27.2822,31.558,1.7338
397,27.3511,27.001,1.837
398,27.42,23.972,2.2933
399,27.4889,21.062,2.0141
400,27.5578,16.426,1.4727
401,27.6267,14.5,1.1464
402,27.6956,13.054,2.1274
403,27.7645,11.099,1.7873
404,27.8334,10.406,1.1879
405,27.9023,10.022,1.1536
406,27.9712,8.369,1.4573
407,28.0401,9.446,1.463
408,28.109,10.165,1.7464
409,28.1778,7.776,1.6308
410,28.2467,7.173,2.1476
411,28.3156,7.538,2.2663
412,28.3845,4.671,1.9214
413,28.4534,5.333,2.4191
414,28.5223,6.101,2.21
415,28.5912,6.557,2.0081
416,28.6601,6.452,2.0048
417,28.729,9.78,2.2805
418,28.7979,12.039,2.2121
419,28.8668,14.036,2.6674
420,28.9357,15.655,3.268
421,29.0046,14.694,2.6056
422,29.0735,13.53,2.7921
423,29.1424,13.484,2.6673
424,29.2113,11.305,2.3398
425,29.2802,11.486,2.0996
426,29.3491,17.869,2.0131
427,29.4179,21.524,2.2883
428,29.4868,24.361,2.3538
429,29.5557,24.291,2.2221
430,29.6246,17.947,2.0349
431,29.6935,12.342,1.7681
432,29.7624,10.492,2.5842
433,29.8313,12.458,2.6621
434,29.9002,15.443,3.021
435,29.9691,17.992,3.5634
436,30.038,20.228,2.9448
437,30.1069,24.599,2.3959
438,30.1758,28.99,2.68
439,30.2447,33.141,2.2679
440,30.3136,30.05,1.9464
441,30.3825,23.794,2.6518
442,30.4514,22.259,3.1812
443,30.5203,21.648,3.3353
444,30.5892,30.291,3.2903
445,30.6581,41.63,3.6848
446,30.7269,55.234,4.0924
447,30.7958,64.216,5.047
448,30.8647,73.403,5.1734
449,30.9336,74.828,5.3554
450,31.0025,67.064,4.9183
451,31.0714,58.518,4.2828
452,31.1403,44.092,3.9498
453,31.2092,40.05,4.5647
454,31.2781,46.762,4.3357
455,31.347,44.295,4.2693
456,31.4159,37.626,2.8404
457,31.4848,30.135,3.1108
458,31.5537,23.984,3.025
459,31.6226,25.791,2.3455
460,31.6915,28.367,1.9829
461,31.7604,28.217,2.2644
462,31.8293,26.928,2.2625
463,31.8982,26.997,1.2327
464,31.967,28.304,1.324
465,32.0359,31.043,2.0797
466,32.1048,36.775,2.7233
467,32.1737,40.997,3.395
468,32.2426,41.624,3.7469
469,32.3115,42.189,2.9447
470,32.3804,36.707,2.7332
471,32.4493,37.004,2.7031
472,32.5182,41.463,2.7984
473,32.5871,31.795,3.5448
474,32.656,19.862,3.2762
475,32.7249,11.742,2.6895
476,32.7938,11.381,2.8481
477,32.8627,15.139,2.3455
478,32.9316,22.442,2.9571
479,33.0005,32.567,3.2497
480,33.0694,43.122,4.036
481,33.1383,51.824,4.4511
482,33.2071,54.407,4.2508
483,33.276,62.034,5.2453
484,33.3449,69.052,4.5566
485,33.4138,65.366,4.9436
486,33.4827,62.174,4.6512
487,33.5516,63.393,4.4172
488,33.6205,71.952,4.4152
489,33.6894,74.846,3.2304
490,33.7583,76.326,2.9021
491,33.8272,73.554,4.2868
492,33.8961,64.25,4.6422
493,33.965,50.788,3.5048
494,34.0339,37.13,2.7486
495,34.1028,29.033,2.7527
496,34.1717,25.653,2.7786
497,34.2406,21.522,2.6536
498,34.3095,15.699,2.3138
499,34.3784,12.268,2.2158
500,34.4472,13.684,1.6502
501,34.5161,17.627,1.972
502,34.585,17.055,1.5911
503,34.6539,17.525,1.3869
504,34.7228,13.558,1.6835
505,34.7917,12.662,1.2626
506,34.8606,13.82,1.6642
507,34.9295,14.032,2.0379
508,34.9984,16.564,2.4832
509,35.0673,21.898,2.2574
510,35.1362,21.695,2.6349
511,35.2051,19.615,2.6731
512,35.274,18.622,2.2465
513,35.3429,23.817,3.3599
514,35.4118,27.494,3.5199
515,35.4807,34.956,4.6327
516,35.5496,46.153,5.217
517,35.6185,58.094,6.6458
518,35.6873,68.827,6.7741
519,35.7562,73.829,7.1575
520,35.8251,82.667,8.0184
521,35.894,83.985,9.3453
522,35.9629,97.207,10.5539
523,36.0318,121.462,12.1797
524,36.1007,114.519,11.9298
525,36.1696,98.162,9.8567
526,36.2385,84.584,7.8756
527,36.3074,77.176,6.4445
528,36.3763,66.163,5.3175
529,36.4452,48.605,3.8399
530,36.5141,32.079,3.2374
531,36.583,22.291,2.2004
532,36.6519,18.984,2.191
533,36.7208,16.882,1.6488
534,36.7897,15.571,1.9651
535,36.8586,16.783,2.3551
536,36.9274,17.315,1.0766
537,36.9963,17.739,1.171
538,37.0652,17.428,1.1153
539,37.1341,16.019,1.5889
540,37.203,12.451,1.6659
541,37.2719,12.236,1.882
542,37.3408,14.404,1.8256
543,37.4097,15.246,1.9271
544,37.4786,17.566,1.6309
545,37.5475,17.032,1.3099
546,37.6164,16.983,2.4093
547,37.6853,19.588,2.4392
548,37.7542,18.049,2.8185
549,37.8231,16.797,2.9035
550,37.892,11.269,2.2951
551,37.9609,10.784,2.6014
552,38.0298,7.577,2.7896
553,38.0987,6.28,3.0505
554,38.1675,8.695,3.0304
555,38.2364,9.83,2.0173
556,38.3053,12.472,2.0963
557,38.3742,13.671,1.688
558,38.4431,11.171,2.2065
559,38.512,10.396,2.3528
560,38.5809,13.003,2.5859
561,38.6498,18.995,3.2673
562,38.7187,35.309,3.2112
563,38.7876,60.503,4.1683
564,38.8565,86.209,6.2493
565,38.9254,97.902,6.6407
566,38.9943,93.368,8.1845
567,39.0632,77.597,7.7338
568,39.1321,69.901,7.0574
569,39.201,68.203,7.4121
570,39.2699,67.042,6.7918
571,39.3388,54.951,5.1858
572,39.4076,52.594,3.7448
573,39.4765,48.156,4.5693
574,39.5454,50.217,3.8203
575,39.6143,42.002,3.8658
576,39.6832,34.473,3.5831
577,39.7521,28.044,2.7873
578,39.821,24.339,2.5109
579,39.8899,19.691,2.7228
580,39.9588,18.605,2.4384
581,40.0277,20.0,2.3175
582,40.0966,15.869,2.6002
583,40.1655,12.829,2.86
584,40.2344,10.055,2.1621
585,40.3033,6.915,1.7541
586,40.3722,6.705,2.1082
587,40.4411,7.54,2.4562
588,40.51,10.827,1.7497
589,40.5789,11.893,1.3833
590,40.6478,11.453,1.5149
591,40.7166,10.131,2.0468
592,40.7855,7.18,2.0585
593,40.8544,7.257,1.9766
594,40.9233,7.524,1.4982
595,40.9922,8.409,1.0864
596,41.0611,9.97,1.211
597,41.13,8.983,1.4636
598,41.1989,9.645,1.3068
599,41.2678,10.919,1.8908
600,41.3367,12.699,1.8034
601,41.4056,13.424,1.7398
602,41.4745,14.611,1.6335
603,41.5434,13.367,1.4612
604,41.6123,9.58,1.2814
605,41.6812,11.089,1.257
606,41.7501,12.447,1.3569
607,41.819,13.306,2.1135
608,41.8879,11.744,2.16
609,41.9567,14.294,2.9619
610,42.0256,13.365,1.8983
611,42.0945,12.126,2.141
612,42.1634,10.464,2.1876
613,42.2323,8.674,1.9035
614,42.3012,8.491,1.898
615,42.3701,9.958,2.0157
616,42.439,10.944,1.6288
617,42.5079,11.944,1.4948
618,42.5768,10.81,1.7455
619,42.6457,8.907,1.5479
620,42.7146,11.544,1.5042
621,42.7835,10.802,2.0207
622,42.8524,10.885,2.0037
623,42.9213,6.817,2.3624
624,42.9902,6.757,2.0942
625,43.0591,7.992,2.0868
626,43.128,11.262,1.8694
627,43.1968,11.065,2.2104
628,43.2657,10.1,2.0248
629,43.3346,7.575,1.7689
630,43.4035,5.231,1.8137
631,43.4724,5.682,1.3731
632,43.5413,6.912,1.7176
633,43.6102,8.495,2.4961
634,43.6791,9.714,2.9352
635,43.748,12.693,3.1298
636,43.8169,14.201,3.6478
637,43.8858,15.751,3.9527
638,43.9547,18.695,3.9803
639,44.0236,16.742,4.2376
640,44.0925,15.691,5.5975
641,44.1614,15.025,4.8199
642,44.2303,11.623,4.473
643,44.2992,12.11,5.628
644,44.3681,11.72,4.3017
645,44.437,13.54,3.4616
646,44.5058,14.393,3.1398
647,44.5747,20.35,3.8452
648,44.6436,34.151,4.9252
649,44.7125,43.468,6.286
650,44.7814,41.01,6.5602
651,44.8503,18.387,4.2266
652,44.9192,11.436,2.0927
653,44.9881,10.514,2.6405
654,45.057,9.758,2.6656
655,45.1259,9.968,2.5488
656,45.1948,9.908,3.5433
657,45.2637,13.105,3.4258
658,45.3326,17.033,4.5592
659,45.4015,24.188,7.1696
660,45.4704,37.721,8.7999
661,45.5393,59.9,10.5244
662,45.6082,80.749,13.0646
663,45.6771,98.019,14.8948
664,45.7459,105.108,14.3795
665,45.8148,110.043,13.4995
666,45.8837,107.346,14.2128
667,45.9526,99.08,13.8645
668,46.0215,78.556,13.5796
669,46.0904,54.436,10.6507
670,46.1593,36.953,8.1526
671,46.2282,26.067,6.7449
672,46.2971,17.89,4.2227
673,46.366,12.719,3.6144
674,46.4349,12.319,2.8375
675,46.5038,9.632,2.729
676,46.5727,8.143,2.6171
677,46.6416,8.222,2.3923
678,46.7105,7.685,2.355
679,46.7794,8.936,2.4219
680,46.8483,8.391,1.7744
681,46.9172,7.438,1.7465
682,46.986,5.934,1.3523
683,47.0549,6.206,1.3377
684,47.1238,5.722,1.2782
685,47.1927,6.382,1.2345
686,47.2616,4.593,1.157
687,47.3305,5.215,1.3779
688,47.3994,4.331,1.0567
689,47.4683,5.269,1.5822
690,47.5372,5.606,1.1938
691,47.6061,5.714,1.3506
692,47.675,3.812,1.0505
693,47.7439,5.034,1.1638
694,47.8128,5.205,1.7283
695,47.8817,6.534,1.4708
696,47.9506,5.863,1.3111
697,48.0195,6.708,0.8938
698,48.0884,7.669,1.2413
699,48.1573,5.793,1.2167
700,48.2261,4.899,0.9022
701,48.295,4.449,1.173
702,48.3639,5.405,1.4214
703,48.4328,3.994,0.6497
704,48.5017,2.839,1.2004
705,48.5706,3.684,1.0008
706,48.6395,5.558,0.8894
707,48.7084,6.54,1.2346
708,48.7773,8.303,1.3976
709,48.8462,12.052,2.0691
710,48.9151,16.185,2.7257
711,48.984,21.923,3.6572
712,49.0529,28.121,3.3172
713,49.1218,36.453,4.2037
714,49.1907,46.676,4.9937
715,49.2596,62.773,7.0726
716,49.3285,75.055,5.653
717,49.3974,66.365,5.6101
718,49.4662,70.304,5.4577
719,49.5351,66.902,5.4848
720,49.604,64.684,6.5984
721,49.6729,54.104,4.9204
722,49.7418,43.915,4.1792
723,49.8107,35.644,2.8318
724,49.8796,31.85,3.3235
725,49.9485,28.478,2.8564
726,50.0174,23.081,2.3979
727,50.0863,11.856,2.9922
728,50.1552,6.769,2.0351
729,50.2241,5.139,1.5155
730,50.293,6.796,0.7659
731,50.3619,5.532,1.1557
732,50.4308,5.122,1.5626
733,50.4997,5.219,1.6179
734,50.5686,6.84,0.7506
735,50.6375,5.426,1.4023
736,50.7063,5.508,2.0306
737,50.7752,4.272,2.1588
738,50.8441,5.801,2.5119
739,50.913,5.995,2.8725
740,50.9819,7.828,2.8666
741,51.0508,5.211,2.5774
742,51.1197,4.528,2.0086
743,51.1886,6.049,1.9586
744,51.2575,4.635,1.4762
745,51.3264,4.99,1.5721
746,51.3953,8.405,1.4528
747,51.4642,7.577,1.8757
748,51.5331,7.436,1.6682
749,51.602,6.606,1.6948
750,51.6709,5.621,2.6623
751,51.7398,6.292,2.5862
752,51.8087,7.502,1.8633
753,51.8776,5.186,2.5878
754,51.9464,4.89,1.848
755,52.0153,4.224,2.133
756,52.0842,6.638,1.5968
757,52.1531,8.727,1.4104
758,52.222,11.631,1.4228
759,52.2909,14.514,2.3848
760,52.3598,16.099,2.8397
761,52.4287,16.538,2.9018
762,52.4976,16.061,3.5613
763,52.5665,19.58,3.6333
764,52.6354,18.591,4.1932
765,52.7043,15.89,3.7632
766,52.7732,12.848,2.4155
767,52.8421,11.585,2.3028
768,52.911,7.912,2.2694
769,52.9799,9.251,3.3425
770,53.0488,16.935,3.4224
771,53.1177,30.76,4.4743
772,53.1866,45.203,5.6689
773,53.2554,53.027,6.4834
774,53.3243,52.707,5.6538
775,53.3932,47.613,5.0551
776,53.4621,55.072,6.0071
777,53.531,67.282,6.6448
778,53.5999,84.288,6.4773
779,53.6688,73.638,6.9722
780,53.7377,50.468,6.1917
781,53.8066,37.511,4.3727
782,53.8755,31.733,3.6075
783,53.9444,22.359,2.2682
784,54.0133,15.161,1.8172
785,54.0822,12.968,2.3699
786,54.1511,9.875,1.9635
787,54.22,10.632,2.3127
788,54.2889,10.753,2.6867
789,54.3578,9.684,2.5077
790,54.4267,11.545,2.103
791,54.4955,13.01,2.6644
792,54.5644,12.217,3.001
793,54.6333,12.875,3.031
794,54.7022,14.622,2.0522
795,54.7711,14.45,2.6888
796,54.84,14.685,1.5972
797,54.9089,16.148,1.7417
798,54.9778,14.873,2.2094
799,55.0467,13.645,2.1185
800,55.1156,13.341,2.2336
801,55.1845,13.45,2.0273
802,55.2534,11.318,1.1198
803,55.3223,13.506,1.7527
804,55.3912,12.093,2.0643
805,55.4601,8.152,1.3793
806,55.529,7.732,2.0831
807,55.5979,10.664,2.018
808,55.6668,10.937,1.9539
809,55.7356,15.194,2.4533
810,55.8045,16.609,2.3634
811,55.8734,19.765,3.2693
812,55.9423,23.641,2.5393
813,56.0112,21.316,2.6885
814,56.0801,17.378,2.2624
815,56.149,17.43,2.6259
816,56.2179,20.735,2.5043
817,56.2868,21.951,2.3678
818,56.3557,28.188,2.6555
819,56.4246,32.151,3.435
820,56.4935,40.105,3.5491
821,56.5624,42.037,3.8472
822,56.6313,42.114,3.6018
823,56.7002,35.802,4.0951
824,56.7691,26.822,3.322
825,56.838,15.265,2.9095
826,56.9069,14.671,2.5246
827,56.9757,16.072,2.448
828,57.0446,14.26,2.9072
829,57.1135,10.959,1.7127
830,57.1824,9.654,1.5529
831,57.2513,6.343,1.2778
832,57.3202,7.349,1.4342
833,57.3891,7.869,1.4631
834,57.458,8.242,0.8676
835,57.5269,10.761,1.6203
836,57.5958,14.995,1.7035
837,57.6647,24.884,2.3451
838,57.7336,33.375,3.0193
839,57.8025,36.544,2.8572
840,57.8714,28.413,2.7329
841,57.9403,24.951,2.2248
842,58.0092,17.639,2.6798
843,58.0781,10.451,1.8031
844,58.147,8.393,1.4938
845,58.2159,9.408,1.2913
846,58.2847,6.506,2.2408
847,58.3536,5.966,1.426
848,58.4225,7.279,2.1174
849,58.4914,5.805,1.8667
850,58.5603,6.466,2.3467
851,58.6292,9.007,2.0761
852,58.6981,11.252,1.4462
853,58.767,11.761,2.1052
854,58.8359,12.861,1.738
855,58.9048,12.759,2.2949
856,58.9737,14.213,1.6903
857,59.0426,14.677,2.1237
858,59.1115,17.233,1.7181
859,59.1804,15.936,2.3533
860,59.2493,15.231,1.6375
861,59.3182,10.219,1.6445
862,59.3871,6.116,1.2615
863,59.456,6.125,1.2334
864,59.5248,6.784,1.7951
865,59.5937,5.793,2.2416
866,59.6626,7.239,3.1059
867,59.7315,9.252,2.999
868,59.8004,8.117,2.4578
869,59.8693,6.792,2.4318
870,59.9382,9.604,1.9695
871,60.0071,9.653,2.4766
872,60.076,10.277,2.1839
873,60.1449,8.642,2.0185
874,60.2138,9.121,2.0617
875,60.2827,7.563,2.0373
876,60.3516,8.75,2.7985
877,60.4205,13.639,2.0336
878,60.4894,15.07,2.3381
879,60.5583,16.728,3.4378
880,60.6272,23.036,3.7576
881,60.6961,27.74,4.2743
882,60.7649,38.497,4.6648
883,60.8338,47.616,6.1078
884,60.9027,53.659,6.0832
885,60.9716,58.088,5.289
886,61.0405,60.378,5.0769
887,61.1094,56.01,5.8087
888,61.1783,39.541,5.0469
889,61.2472,25.902,3.4699
890,61.3161,18.282,1.9357
891,61.385,14.324,1.7369
892,61.4539,15.28,1.8653
893,61.5228,15.618,2.538
894,61.5917,15.284,2.8015
895,61.6606,13.699,3.2494
896,61.7295,12.425,2.7075
897,61.7984,11.655,3.7491
898,61.8673,9.913,2.9116
899,61.9362,8.228,3.2774
900,62.005,6.946,2.438
901,62.0739,5.925,2.482
902,62.1428,5.444,1.7558
903,62.2117,6.523,2.093
904,62.2806,12.619,2.2925
905,62.3495,23.017,2.2833
906,62.4184,27.321,2.1847
907,62.4873,30.316,3.8214
908,62.5562,30.675,3.5427
909,62.6251,34.456,3.3003
910,62.694,39.87,3.1396
911,62.7629,55.579,4.1131
912,62.8318,59.932,4.193
913,62.9007,39.129,2.848
914,62.9696,19.719,2.5306
915,63.0385,13.001,2.7433
916,63.1074,11.035,1.9758
917,63.1763,10.018,2.0391
918,63.2451,13.241,1.7125
919,63.314,15.838,2.4772
920,63.3829,18.91,2.8472
921,63.4518,22.11,2.7865
922,63.5207,21.258,2.3431
923,63.5896,22.117,3.1006
924,63.6585,28.097,2.7596
925,63.7274,35.23,2.6112
926,63.7963,43.252,4.6218
927,63.8652,40.032,3.7945
928,63.9341,29.247,3.0092
929,64.003,19.573,2.927
930,64.0719,19.166,2.6113
931,64.1408,22.623,3.528
932,64.2097,24.416,3.6836
933,64.2786,25.361,4.1477
934,64.3475,24.278,3.9478
935,64.4164,22.659,3.9955
936,64.4852,19.051,3.479
937,64.5541,19.476,2.7298
938,64.623,13.791,2.4628
939,64.6919,10.586,2.1798
940,64.7608,8.286,1.9201
941,64.8297,11.743,1.5666
942,64.8986,14.83,1.5424
943,64.9675,14.846,1.5557
944,65.0364,18.484,2.9355
945,65.1053,25.109,2.9068
946,65.1742,28.256,2.5543
947,65.2431,26.654,2.8277
948,65.312,18.694,1.9122
949,65.3809,11.056,1.4774
950,65.4498,7.585,1.4606
951,65.5187,6.145,1.5635
952,65.5876,5.248,1.3144
953,65.6565,3.885,1.7211
954,65.7253,4.005,1.3895
955,65.7942,4.119,1.3918
956,65.8631,3.998,2.1742
957,65.932,2.905,1.8551
958,66.0009,3.976,1.8925
959,66.0698,4.171,1.7844
960,66.1387,3.92,2.5476
961,66.2076,5.264,2.4663
962,66.2765,7.967,2.5163
963,66.3454,9.968,1.9458
964,66.4143,11.23,2.5181
965,66.4832,16.017,2.2171
966,66.5521,19.11,3.1206
967,66.621,24.896,3.7026
968,66.6899,21.9,3.8534
969,66.7588,17.556,3.6198
970,66.8277,13.311,3.1018
971,66.8966,9.787,2.203
972,66.9655,13.255,3.1471
973,67.0343,13.541,3.422
974,67.1032,16.164,3.8728
975,67.1721,12.864,3.3674
976,67.241,9.611,3.5486
977,67.3099,7.292,2.8164
978,67.3788,7.361,3.3723
979,67.4477,7.871,2.8186
980,67.5166,7.183,2.1042
981,67.5855,7.639,1.9815
982,67.6544,7.149,2.2092
983,67.7233,6.134,2.0437
984,67.7922,7.905,2.2118
985,67.8611,8.094,2.6654
986,67.93,12.048,3.2287
987,67.9989,17.687,4.0099
988,68.0678,21.682,4.1828
989,68.1367,24.712,4.7795
990,68.2056,22.11,5.9172
991,68.2744,24.825,5.1648
992,68.3433,20.529,4.1288
993,68.4122,16.544,4.2413
994,0.0,12.342,0.8725
995,0.0689,10.725,1.0679
996,0.1378,9.149,1.0066
997,0.2067,8.613,1.5837
998,0.2756,8.889,1.6191
999,0.3445,9.312,1.7103
1000,0.4134,12.42,1.5943
1001,0.4823,15.314,2.3998
1002,0.5512,18.343,1.9124
1003,0.6201,16.207,2.4393
1004,0.6889,16.023,2.2387
1005,0.7578,17.698,3.2631
1006,0.8267,24.059,3.5681
1007,0.8956,26.913,2.7482
1008,0.9645,23.103,3.3665
1009,1.0334,21.018,3.2006
1010,1.1023,21.921,2.5203
1011,1.1712,23.065,2.5198
1012,1.2401,24.989,3.1757
1013,1.309,30.002,3.222
1014,1.3779,32.854,3.007
1015,1.4468,39.397,3.5668
1016,1.5157,48.633,3.6682
1017,1.5846,50.478,2.4622
1018,1.6535,43.922,2.9155
1019,1.7224,34.754,2.1593
1020,1.7913,30.387,1.6295
1021,1.8602,25.594,1.9494
1022,1.929,23.271,2.0964
1023,1.9979,28.163,2.054
1024,2.0668,28.57,2.8499
1025,2.1357,29.219,3.3385
1026,2.2046,27.373,3.5214
1027,2.2735,29.967,3.9175
1028,2.3424,29.342,2.9835
1029,2.4113,24.897,2.6895
1030,2.4802,21.802,1.8596
1031,2.5491,18.916,1.6468
1032,2.618,15.924,1.5749
1033,2.6869,13.186,1.913
1034,2.7558,12.442,1.3826
1035,2.8247,14.591,1.2248
1036,2.8936,14.523,1.1083
1037,2.9625,12.516,0.9483
1038,3.0314,13.175,1.973
1039,3.1003,10.826,0.9547
1040,3.1691,7.802,0.7119
1041,3.238,7.225,0.6067
1042,3.3069,6.96,0.5546
1043,3.3758,6.069,0.4259
1044,3.4447,5.572,0.5912
1045,3.5136,3.533,0.6368
1046,3.5825,3.955,0.5211
1047,3.6514,4.391,0.6472
1048,3.7203,2.812,0.6473
1049,3.7892,2.928,0.6694
1050,3.8581,3.62,0.7028
1051,3.927,3.173,0.6177
1052,3.9959,3.373,0.689
1053,4.0648,3.593,0.8976
1054,4.1337,4.301,0.8637
1055,4.2026,4.336,1.0994
1056,4.2715,4.998,1.0375
1057,4.3404,4.081,1.2924
1058,4.4092,4.949,1.6345
1059,4.4781,5.295,1.2856
1060,4.547,8.387,1.9191
1061,4.6159,7.4,2.2621
1062,4.6848,7.922,1.437
1063,4.7537,5.726,1.4651
1064,4.8226,4.286,1.2321
1065,4.8915,4.706,0.7777
1066,4.9604,5.679,1.4158
1067,5.0293,4.269,1.0001
1068,5.0982,4.275,1.3666
1069,5.1671,6.757,1.5061
1070,5.236,7.499,1.1901
1071,5.3049,10.242,1.0434
1072,5.3738,8.042,1.6189
1073,5.4427,8.694,1.9697
1074,5.5116,9.758,1.4667
1075,5.5805,9.999,1.8503
1076,5.6493,12.59,1.4011
1077,5.7182,14.695,1.7972
1078,5.7871,20.831,1.8695
1079,5.856,26.73,2.9887
1080,5.9249,34.534,2.0206
1081,5.9938,45.254,3.2256
1082,6.0627,62.456,4.1047
1083,6.1316,96.909,5.0047
1084,6.2005,124.711,5.8725
1085,6.2694,128.812,5.0115
1086,6.3383,113.714,4.1832
1087,6.4072,92.232,4.7314
1088,6.4761,80.717,3.6835
1089,6.545,64.34,3.6522
1090,6.6139,38.842,3.0083
1091,6.6828,21.131,2.53
1092,6.7517,15.379,1.6619
1093,6.8206,13.568,2.0835
1094,6.8894,15.714,2.0386
1095,6.9583,17.72,1.3087
1096,7.0272,22.487,1.7776
1097,7.0961,21.226,2.2174
1098,7.165,20.149,2.2181
1099,7.2339,16.766,2.2734
1100,7.3028,13.798,1.5369
1101,7.3717,12.823,1.2595
1102,7.4406,12.129,1.2461
1103,7.5095,15.155,1.7374
1104,7.5784,12.151,1.4865
1105,7.6473,12.756,1.2593
1106,7.7162,15.46,1.692
1107,7.7851,14.334,2.0066
1108,7.854,17.324,2.7377
1109,7.9229,24.532,2.694
1110,7.9918,24.576,3.0135
1111,8.0607,27.391,3.0001
1112,8.1296,30.46,2.2308
1113,8.1984,32.636,2.6531
1114,8.2673,36.52,2.4984
1115,8.3362,39.794,2.8767
1116,8.4051,41.645,3.1518
1117,8.474,49.79,3.6885
1118,8.5429,66.404,4.8919
1119,8.6118,88.23,5.8208
1120,8.6807,120.482,7.181
1121,8.7496,157.747,9.2563
1122,8.8185,168.079,9.5411
1123,8.8874,175.635,12.3739
1124,8.9563,171.223,12.7051
1125,9.0252,157.522,12.2636
1126,9.0941,154.53,10.8913
1127,9.163,119.712,10.7477
1128,9.2319,112.32,9.5259
1129,9.3008,100.557,7.9965
1130,9.3697,93.52,8.1051
1131,9.4385,82.869,7.1692
1132,9.5074,71.921,5.6246
1133,9.5763,64.182,5.6454
1134,9.6452,50.466,4.8693
1135,9.7141,37.894,5.1591
1136,9.783,33.549,4.1635
1137,9.8519,29.943,3.1268
1138,9.9208,28.621,2.8248
1139,9.9897,24.595,3.0966
1140,10.0586,19.684,3.4268
1141,10.1275,20.28,3.0483
1142,10.1964,18.852,3.306
1143,10.2653,18.602,4.1721
1144,10.3342,23.09,4.8597
1145,10.4031,32.918,4.2438
1146,10.472,36.399,3.31
1147,10.5409,31.147,3.3465
1148,10.6098,22.495,2.064
1149,10.6786,14.349,2.0651
1150,10.7475,14.57,1.8083
1151,10.8164,17.685,1.4147
1152,10.8853,14.277,1.5205
1153,10.9542,10.151,1.8973
1154,11.0231,11.05,1.3488
1155,11.092,13.526,1.4529
1156,11.1609,18.731,1.2667
1157,11.2298,17.612,1.4951
1158,11.2987,13.523,1.9004
1159,11.3676,12.363,1.655
1160,11.4365,12.898,1.7296
1161,11.5054,13.076,1.3342
1162,11.5743,11.341,1.3827
1163,11.6432,11.598,1.2375
1164,11.7121,14.284,1.3312
1165,11.781,15.861,2.5335
1166,11.8499,17.568,2.4934
1167,11.9187,17.013,3.1477
1168,11.9876,20.326,2.6656
1169,12.0565,16.129,2.0682
1170,12.1254,13.113,1.9433
1171,12.1943,7.975,1.9049
1172,12.2632,8.487,1.9351
1173,12.3321,8.466,2.4485
1174,12.401,8.338,1.6439
1175,12.4699,10.04,1.8613
1176,12.5388,11.104,1.3895
1177,12.6077,14.805,1.9856
1178,12.6766,17.798,2.129
1179,12.7455,20.677,1.6161
1180,12.8144,23.493,1.7813
1181,12.8833,24.063,1.621
1182,12.9522,21.285,1.2269
1183,13.0211,16.606,1.253
1184,13.09,13.894,1.2344
1185,13.1588,10.612,1.3999
1186,13.2277,8.457,1.2062
1187,13.2966,7.586,1.3959
1188,13.3655,6.105,1.2847
1189,13.4344,7.576,1.096
1190,13.5033,5.372,0.7529
1191,13.5722,6.284,0.8709
1192,13.6411,3.779,1.0799
1193,13.71,6.658,1.2001
1194,13.7789,10.652,1.117
1195,13.8478,12.537,1.3231
1196,13.9167,10.415,1.4543
1197,13.9856,11.66,1.5162
1198,14.0545,15.579,1.5623
1199,14.1234,22.657,2.0975
1200,14.1923,27.256,2.4029
1201,14.2612,29.562,2.5032
1202,14.3301,28.652,2.7909
1203,14.3989,23.248,2.6181
1204,14.4678,22.067,3.2687
1205,14.5367,14.832,3.167
1206,14.6056,13.465,2.4912
1207,14.6745,14.832,1.026
1208,14.7434,23.435,1.7558
1209,14.8123,33.311,1.8584
1210,14.8812,39.421,3.0157
1211,14.9501,33.845,2.8531
1212,15.019,26.725,2.2145
1213,15.0879,19.469,1.6282
1214,15.1568,12.041,1.4755
1215,15.2257,10.51,1.1848
1216,15.2946,8.147,0.8528
1217,15.3635,7.651,0.9102
1218,15.4324,7.956,1.1422
1219,15.5013,8.111,1.2925
1220,15.5702,12.642,2.0126
1221,15.6391,14.246,2.0076
1222,15.7079,17.071,2.0263
1223,15.7768,20.438,2.1621
1224,15.8457,18.766,2.6831
1225,15.9146,12.453,2.4368
1226,15.9835,9.817,2.7084
1227,16.0524,11.12,2.5818
1228,16.1213,11.933,1.3946
1229,16.1902,15.666,2.2253
1230,16.2591,20.932,2.3094
1231,16.328,27.291,2.4004
1232,16.3969,28.118,2.2004
1233,16.4658,26.127,2.4355
1234,16.5347,27.109,1.5999
1235,16.6036,25.597,1.5532
1236,16.6725,28.126,1.7325
1237,16.7414,28.254,1.9187
1238,16.8103,28.435,2.0199
1239,16.8792,31.416,2.7799
1240,16.948,31.945,2.9629
1241,17.0169,32.129,3.2354
1242,17.0858,33.275,2.7496
1243,17.1547,39.529,2.7042
1244,17.2236,39.679,2.9157
1245,17.2925,38.738,2.4828
1246,17.3614,40.546,2.1046
1247,17.4303,49.129,3.4795
1248,17.4992,60.223,4.0644
1249,17.5681,63.25,4.5626
1250,17.637,52.275,4.9872
1251,17.7059,38.438,3.9377
1252,17.7748,29.913,3.2812
1253,17.8437,23.133,2.8746
1254,17.9126,22.08,2.5497
1255,17.9815,25.437,2.8748
1256,18.0504,33.463,3.3515
1257,18.1193,39.11,3.9082
1258,18.1881,40.484,3.4591
1259,18.257,35.112,3.8717
1260,18.3259,29.531,3.8214
1261,18.3948,22.363,3.0975
1262,18.4637,17.169,3.1706
1263,18.5326,15.99,2.4439
1264,18.6015,12.938,3.2765
1265,18.6704,8.917,3.8339
1266,18.7393,6.787,2.9297
1267,18.8082,5.334,1.7706
1268,18.8771,6.263,1.1956
1269,18.946,5.944,1.0378
1270,19.0149,4.337,1.0708
1271,19.0838,3.899,1.8366
1272,19.1527,2.95,0.944
1273,19.2216,4.447,1.264
1274,19.2905,6.488,1.9663
1275,19.3594,7.644,1.2692
1276,19.4282,6.165,1.7883
1277,19.4971,8.823,1.069
1278,19.566,5.389,1.1861
1279,19.6349,4.386,1.1386
1280,19.7038,3.774,1.4975
1281,19.7727,3.423,1.9267
1282,19.8416,3.003,1.0544
1283,19.9105,5.283,0.9046
1284,19.9794,4.983,0.8861
1285,20.0483,4.404,0.9887
1286,20.1172,4.873,1.2642
1287,20.1861,7.757,1.3993
1288,20.255,12.604,2.3548
1289,20.3239,14.408,2.2963
1290,20.3928,16.517,2.4133
1291,20.4617,17.528,3.6056
1292,20.5306,14.37,3.4241
1293,20.5995,14.78,2.9203
1294,20.6683,13.916,2.4014
1295,20.7372,14.843,1.8595
1296,20.8061,14.708,1.3551
1297,20.875,15.533,1.6436
1298,20.9439,14.82,1.0651
1299,21.0128,10.7,1.5622
1300,21.0817,14.288,1.922
1301,21.1506,13.913,2.6638
1302,21.2195,15.627,2.5154
1303,21.2884,21.234,2.4612
1304,21.3573,17.83,3.0524
1305,21.4262,17.717,3.6371
1306,21.4951,17.47,3.387
1307,21.564,17.246,3.1971
1308,21.6329,21.628,3.2761
1309,21.7018,21.375,3.8085
1310,21.7707,23.356,3.1421
1311,21.8396,24.073,3.2378
1312,21.9084,30.23,3.5163
1313,21.9773,36.695,4.5759
1314,22.0462,36.496,4.3907
1315,22.1151,35.541,4.8232
1316,22.184,30.615,3.5102
1317,22.2529,29.372,2.9447
1318,22.3218,24.704,3.3299
1319,22.3907,23.372,2.8127
1320,22.4596,24.191,2.0544
1321,22.5285,24.792,2.0908
1322,22.5974,27.473,1.9505
1323,22.6663,34.787,2.7841
1324,22.7352,37.822,3.2273
1325,22.8041,44.88,4.0737
1326,22.873,48.727,4.256
1327,22.9419,45.352,4.6636
1328,23.0108,36.66,4.2396
1329,23.0797,28.077,3.0921
1330,23.1486,24.26,2.7192
1331,23.2174,21.78,2.3156
1332,23.2863,22.902,2.046
1333,23.3552,21.544,1.7721
1334,23.4241,20.581,1.9871
1335,23.493,20.444,1.5079
1336,23.5619,18.514,1.5868
1337,23.6308,16.0,1.4759
1338,23.6997,13.392,1.9391
1339,23.7686,12.45,1.8107
1340,23.8375,14.512,1.2485
1341,23.9064,13.495,1.5864
1342,23.9753,12.208,1.6244
1343,24.0442,9.987,1.7577
1344,24.1131,8.237,1.5151
1345,24.182,8.302,1.6496
1346,24.2509,11.321,1.7745
1347,24.3198,16.829,1.3169
1348,24.3887,20.828,1.2604
1349,24.4575,17.685,1.3218
1350,24.5264,21.186,1.365
1351,24.5953,19.669,1.5165
1352,24.6642,17.208,1.802
1353,24.7331,14.712,3.0165
1354,24.802,10.266,2.468
1355,24.8709,7.811,1.9791
1356,24.9398,12.408,2.211
1357,25.0087,19.65,2.4876
1358,25.0776,27.218,2.3893
1359,25.1465,29.878,3.2465
1360,25.2154,27.818,4.1151
1361,25.2843,24.142,3.583
1362,25.3532,22.534,3.3951
1363,25.4221,23.687,3.094
1364,25.491,24.692,2.4847
1365,25.5599,25.311,2.0106
1366,25.6288,25.33,1.221
1367,25.6976,24.287,1.3024
1368,25.7665,23.04,1.3995
1369,25.8354,22.831,0.8886
1370,25.9043,18.452,1.2524
1371,25.9732,16.662,1.5758
1372,26.0421,17.885,1.7798
1373,26.111,24.555,1.6932
1374,26.1799,25.748,1.4362
1375,26.2488,25.431,2.0904
1376,26.3177,23.948,2.0209
1377,26.3866,22.796,2.0202
1378,26.4555,19.353,1.8975
1379,26.5244,22.872,2.0184
1380,26.5933,22.818,1.8251
1381,26.6622,25.076,2.113
1382,26.7311,34.057,2.3047
1383,26.8,36.697,2.2005
1384,26.8689,36.32,2.8478
1385,26.9377,32.535,2.6487
1386,27.0066,37.058,3.1685
1387,27.0755,47.452,3.5512
1388,27.1444,46.679,3.3811
1389,27.2133,43.866,3.7554
1390,27.2822,46.895,3.7893
1391,27.3511,47.827,3.2578
1392,27.42,46.521,3.3008
1393,27.4889,37.466,3.1092
1394,27.5578,33.01,2.8249
1395,27.6267,33.802,2.6744
1396,27.6956,32.907,2.6053
1397,27.7645,25.084,2.3145
1398,27.8334,19.811,2.7652
1399,27.9023,16.628,2.1666
1400,27.9712,17.636,2.3944
1401,28.0401,16.95,1.555
1402,28.109,18.285,1.3057
1403,28.1778,12.758,1.556
1404,28.2467,9.609,2.1128
1405,28.3156,8.267,1.5657
1406,28.3845,13.289,1.8218
1407,28.4534,16.017,1.6477
1408,28.5223,16.981,1.6133
1409,28.5912,15.064,1.2184
1410,28.6601,14.072,1.4549
1411,28.729,9.343,2.3807
1412,28.7979,8.73,2.3068
1413,28.8668,9.825,1.5435
1414,28.9357,13.248,2.0661
1415,29.0046,14.093,2.156
1416,29.0735,16.239,1.9677
1417,29.1424,20.068,1.9908
1418,29.2113,24.457,2.4767
1419,29.2802,24.368,3.9595
1420,29.3491,23.111,4.1146
1421,29.4179,23.412,3.789
1422,29.4868,20.907,4.8196
1423,29.5557,20.952,5.1738
1424,29.6246,17.371,4.1609
1425,29.6935,13.405,2.9751
1426,29.7624,13.365,3.1549
1427,29.8313,12.896,2.9388
1428,29.9002,18.125,3.0161
1429,29.9691,21.702,2.5111
1430,30.038,26.952,2.5013
1431,30.1069,34.909,2.271
1432,30.1758,34.149,2.0355
1433,30.2447,34.809,2.5504
1434,30.3136,28.964,2.8925
1435,30.3825,24.142,2.8971
1436,30.4514,16.044,2.5884
1437,30.5203,14.589,2.5152
1438,30.5892,10.196,2.1444
1439,30.6581,8.641,2.1435
1440,30.7269,11.681,1.7281
1441,30.7958,11.648,1.9612
1442,30.8647,12.234,1.5798
1443,30.9336,13.604,1.2556
1444,31.0025,13.001,1.4711
1445,31.0714,11.07,1.8214
1446,31.1403,11.1,1.7359
1447,31.2092,15.556,2.1412
1448,31.2781,14.953,2.3983
1449,31.347,14.808,2.8732
1450,31.4159,21.137,2.5372
1451,31.4848,22.854,3.3009
1452,31.5537,24.066,2.5526
1453,31.6226,17.263,2.1028
1454,31.6915,15.126,1.9521
1455,31.7604,15.186,1.4656
1456,31.8293,16.667,1.4649
1457,31.8982,21.902,1.1882
1458,31.967,19.177,1.5035
1459,32.0359,15.438,2.0074
1460,32.1048,13.237,1.7951
1461,32.1737,12.071,1.4372
1462,32.2426,16.419,2.2636
1463,32.3115,21.354,2.7567
1464,32.3804,27.548,2.2239
1465,32.4493,30.757,3.801
1466,32.5182,31.903,3.5229
1467,32.5871,28.451,2.6912
1468,32.656,24.77,2.2491
1469,32.7249,22.779,1.8066
1470,32.7938,23.618,1.3636
1471,32.8627,24.78,1.0348
1472,32.9316,24.117,1.2852
1473,33.0005,20.656,1.6662
1474,33.0694,15.469,1.144
1475,33.1383,12.894,1.1915
1476,33.2071,15.119,1.9138
1477,33.276,13.302,2.0347
1478,33.3449,10.426,1.9105
1479,33.4138,10.183,1.0866
1480,33.4827,15.174,1.2436
1481,33.5516,18.15,1.9518
1482,33.6205,17.353,1.8097
1483,33.6894,16.167,1.1064
1484,33.7583,14.667,1.6302
1485,33.8272,12.438,1.4451
1486,33.8961,16.372,1.537
1487,33.965,20.713,2.1311
1488,34.0339,20.402,1.5197
1489,34.1028,25.644,2.2435
1490,34.1717,40.716,2.8189
1491,34.2406,49.148,3.4694
1492,34.3095,47.806,3.668
1493,34.3784,33.957,3.1865
1494,34.4472,20.504,2.4776
1495,34.5161,14.329,1.7154
1496,34.585,12.092,1.2692
1497,34.6539,10.777,1.8539
1498,34.7228,11.309,2.1096
1499,34.7917,10.972,1.8677
1500,34.8606,10.572,1.5509
1501,34.9295,8.57,1.2787
1502,34.9984,10.047,1.64
1503,35.0673,9.054,1.3247
1504,35.1362,11.522,1.2705
1505,35.2051,10.763,1.9643
1506,35.274,9.019,1.62
1507,35.3429,13.063,1.3816
1508,35.4118,11.688,1.6454
1509,35.4807,16.9,1.9165
1510,35.5496,20.654,1.4072
1511,35.6185,22.198,1.4589
1512,35.6873,20.58,1.0768
1513,35.7562,20.041,1.4483
1514,35.8251,13.866,1.6266
1515,35.894,8.029,1.3316
1516,35.9629,5.675,1.1163
1517,36.0318,4.48,0.9974
1518,36.1007,6.302,1.4212
1519,36.1696,7.039,1.1641
1520,36.2385,8.468,1.5853
1521,36.3074,8.426,1.3437
1522,36.3763,7.973,1.3564
1523,36.4452,5.659,1.5645
1524,36.5141,7.835,1.8331
1525,36.583,8.018,1.3015
1526,36.6519,8.866,1.3938
1527,36.7208,8.049,1.0051
1528,36.7897,6.639,1.0492
1529,36.8586,8.916,0.5852
1530,36.9274,6.875,1.3173
1531,36.9963,6.981,0.5514
1532,37.0652,6.493,1.0257
1533,37.1341,6.908,1.5619
1534,37.203,5.236,0.9224
1535,37.2719,4.293,0.9172
1536,37.3408,5.55,1.0469
1537,37.4097,5.633,1.2976
1538,37.4786,4.967,1.3125
1539,37.5475,5.423,2.1974
1540,37.6164,8.014,2.31
1541,37.6853,10.769,2.9323
1542,37.7542,13.565,3.528
1543,37.8231,22.303,3.1223
1544,37.892,27.379,3.7047
1545,37.9609,29.866,4.2264
1546,38.0298,27.466,4.3094
1547,38.0987,20.911,2.6567
1548,38.1675,17.116,1.8231
1549,38.2364,17.555,1.7953
1550,38.3053,15.652,1.9142
1551,38.3742,11.329,2.4694
1552,38.4431,12.035,2.1625
1553,38.512,9.835,1.9537
1554,38.5809,7.52,2.0372
1555,38.6498,8.497,1.7078
1556,38.7187,10.198,1.0289
1557,38.7876,8.234,1.0545
1558,38.8565,6.738,1.3415
1559,38.9254,7.752,1.4569
1560,38.9943,12.164,1.423
1561,39.0632,13.38,1.2287
1562,39.1321,12.035,1.4963
1563,39.201,12.246,1.5271
1564,39.2699,10.135,1.286
1565,39.3388,7.437,1.3304
1566,39.4076,3.912,0.856
1567,39.4765,3.909,1.4208
1568,39.5454,3.346,1.0396
1569,39.6143,3.541,0.9564
1570,39.6832,4.035,1.367
1571,39.7521,5.602,1.5369
1572,39.821,8.45,1.7222
1573,39.8899,8.004,1.369
1574,39.9588,6.554,1.2556
1575,40.0277,6.267,1.1534
1576,40.0966,6.799,0.708
1577,40.1655,6.645,0.8247
1578,40.2344,6.627,1.0224
1579,40.3033,8.067,0.8845
1580,40.3722,7.196,0.9952
1581,40.4411,8.081,0.9786
1582,40.51,10.647,1.083
1583,40.5789,10.582,1.5282
1584,40.6478,11.981,1.3725
1585,40.7166,11.472,1.5562
1586,40.7855,8.695,1.3378
1587,40.8544,5.852,1.9442
1588,40.9233,8.375,1.3116
1589,40.9922,5.915,1.9205
1590,41.0611,6.588,1.752
1591,41.13,6.839,2.3062
1592,41.1989,8.559,1.9534
1593,41.2678,16.772,1.9376
1594,41.3367,29.077,2.0369
1595,41.4056,45.594,2.2948
1596,41.4745,58.312,3.1591
1597,41.5434,61.755,3.0262
1598,41.6123,70.186,3.4441
1599,41.6812,69.898,4.9238
1600,41.7501,69.748,5.4827
1601,41.819,67.093,4.4045
1602,41.8879,55.894,5.7787
1603,41.9567,41.537,5.3019
1604,42.0256,30.998,4.1076
1605,42.0945,17.19,3.1719
1606,42.1634,12.689,2.4241
1607,42.2323,10.836,2.2902
1608,42.3012,9.261,1.8498
1609,42.3701,8.828,1.6601
1610,42.439,9.994,1.2061
1611,42.5079,12.048,1.3914
1612,42.5768,17.536,1.0813
1613,42.6457,20.378,1.8075
1614,42.7146,18.357,1.726
1615,42.7835,12.42,1.8023
1616,42.8524,7.257,1.4385
1617,42.9213,4.649,0.9685
1618,42.9902,4.518,1.2981
1619,43.0591,5.518,0.7964
1620,43.128,6.18,0.7451
1621,43.1968,9.279,0.9965
1622,43.2657,7.49,1.3331
1623,43.3346,6.706,1.7431
1624,43.4035,8.499,2.0416
1625,43.4724,10.387,2.0539
1626,43.5413,11.301,2.5056
1627,43.6102,18.537,2.408
1628,43.6791,22.271,2.5779
1629,43.748,29.85,3.8035
1630,43.8169,50.077,5.6039
1631,43.8858,52.66,5.2663
1632,43.9547,42.496,5.7859
1633,44.0236,40.992,4.9543
1634,44.0925,35.619,5.845
1635,44.1614,30.861,3.6886
1636,44.2303,25.137,3.703
1637,44.2992,18.649,2.8824
1638,44.3681,14.904,2.2197
1639,44.437,16.643,2.7579
1640,44.5058,15.121,1.9488
1641,44.5747,12.695,1.8752
1642,44.6436,10.821,1.9628
1643,44.7125,12.108,2.4576
1644,44.7814,11.253,3.0075
1645,44.8503,10.993,2.7082
1646,44.9192,10.949,1.8276
1647,44.9881,12.412,1.5763
1648,45.057,14.573,1.9314
1649,45.1259,18.042,1.5773
1650,45.1948,19.641,1.9435
1651,45.2637,19.985,1.9292
1652,45.3326,20.823,2.5027
1653,45.4015,24.069,2.9443
1654,45.4704,27.25,3.0378
1655,45.5393,33.695,2.8046
1656,45.6082,42.883,3.6939
1657,45.6771,51.115,4.043
1658,45.7459,51.968,5.399
1659,45.8148,57.978,6.6226
1660,45.8837,67.009,7.8744
1661,45.9526,77.081,10.8928
1662,46.0215,65.519,10.9028
1663,46.0904,53.183,9.1013
1664,46.1593,40.826,7.7731
1665,46.2282,28.558,6.3892
1666,46.2971,20.611,3.8555
1667,46.366,17.355,2.82
1668,46.4349,18.114,2.2308
1669,46.5038,15.419,3.055
1670,46.5727,16.151,3.6078
1671,46.6416,14.33,2.7912
1672,46.7105,12.462,3.3669
1673,46.7794,8.926,2.9161
1674,46.8483,9.349,2.4756
1675,46.9172,12.071,2.054
1676,46.986,9.021,2.3912
1677,47.0549,7.603,2.1302
1678,47.1238,8.569,2.1719
1679,47.1927,9.939,2.3518
1680,47.2616,12.647,1.9004
1681,47.3305,18.794,2.3491
1682,47.3994,26.812,3.3316
1683,47.4683,31.81,3.5578
1684,47.5372,35.411,3.1089
1685,47.6061,31.095,3.3555
1686,47.675,26.371,4.0271
1687,47.7439,20.637,4.8455
1688,47.8128,18.464,5.0907
1689,47.8817,17.933,4.5668
1690,47.9506,19.213,4.8379
1691,48.0195,21.668,3.5584
1692,48.0884,24.381,4.3821
1693,48.1573,27.532,4.8089
1694,48.2261,35.794,6.2322
1695,48.295,42.242,7.3821
1696,48.3639,51.649,7.1477
1697,48.4328,53.521,5.1229
1698,48.5017,46.205,4.9343
1699,48.5706,36.685,4.3727
1700,48.6395,28.917,3.627
1701,48.7084,22.609,3.8606
1702,48.7773,15.147,1.7848
1703,48.8462,8.948,2.1338
1704,48.9151,8.09,1.7911
1705,48.984,7.804,2.2037
1706,49.0529,7.255,2.8577
1707,49.1218,5.886,1.9804
1708,49.1907,6.404,2.0419
1709,49.2596,5.912,2.0638
1710,49.3285,7.847,1.4052
1711,49.3974,6.969,1.8312
1712,49.4662,4.905,2.2659
1713,49.5351,6.09,1.9633
1714,49.604,7.812,1.8325
1715,49.6729,10.31,1.7719
1716,49.7418,13.429,1.8929
1717,49.8107,19.398,1.6842
1718,49.8796,23.739,1.4205
1719,49.9485,21.737,1.7823
1720,50.0174,21.646,2.053
1721,50.0863,20.546,2.1011
1722,50.1552,19.945,2.5063
1723,50.2241,22.571,2.0708
1724,50.293,25.629,2.2193
1725,50.3619,25.64,2.2934
1726,50.4308,21.047,2.0399
1727,50.4997,13.18,0.7675
1728,50.5686,9.757,1.2945
1729,50.6375,9.828,1.465
1730,50.7063,6.06,1.9472
1731,50.7752,5.328,2.1967
1732,50.8441,5.108,1.888
1733,50.913,4.82,2.1354
1734,50.9819,3.99,2.0339
1735,51.0508,3.661,1.4833
1736,51.1197,4.223,1.5307
1737,51.1886,4.689,1.4048
1738,51.2575,4.83,1.7016
1739,51.3264,5.487,1.483
1740,51.3953,7.4,1.9412
1741,51.4642,8.458,2.1516
1742,51.5331,13.307,2.1942
1743,51.602,18.191,3.1752
1744,51.6709,26.025,3.1933
1745,51.7398,41.178,4.6278
1746,51.8087,64.856,6.3216
1747,51.8776,100.534,7.8223
1748,51.9464,123.814,8.7147
1749,52.0153,103.588,9.4386
1750,52.0842,77.314,7.5648
1751,52.1531,56.824,6.0024
1752,52.222,39.005,5.2796
1753,52.2909,27.653,4.5634
1754,52.3598,20.646,3.9121
1755,52.4287,18.555,2.64
1756,52.4976,15.425,2.2147
1757,52.5665,15.827,2.2592
1758,52.6354,13.616,2.4138
1759,52.7043,14.155,3.2687
1760,52.7732,14.061,4.3713
1761,52.8421,13.281,4.3317
1762,52.911,15.682,4.0474
1763,52.9799,18.603,4.1842
1764,53.0488,19.657,3.5928
1765,53.1177,19.29,3.4166
1766,53.1866,18.065,2.6775
1767,53.2554,18.027,2.4775
1768,53.3243,17.639,2.5274
1769,53.3932,16.078,2.5422
1770,53.4621,9.838,3.2567
1771,53.531,9.075,2.481
1772,53.5999,13.107,2.6559
1773,53.6688,18.994,1.8315
1774,53.7377,23.418,2.4619
1775,53.8066,19.791,3.1343
1776,53.8755,14.003,3.0095
1777,53.9444,15.656,2.1509
1778,54.0133,14.12,2.7073
1779,54.0822,9.591,2.4869
1780,54.1511,9.63,2.0704
1781,54.22,9.475,2.503
1782,54.2889,7.73,3.7026
1783,54.3578,8.281,2.8364
1784,54.4267,7.816,2.9474
1785,54.4955,8.022,1.8986
1786,54.5644,4.762,2.014
1787,54.6333,5.18,1.8421
1788,54.7022,7.117,2.1509
1789,54.7711,7.257,1.6897
1790,54.84,8.777,1.4778
1791,54.9089,6.547,1.0528
1792,54.9778,6.82,1.4396
1793,55.0467,7.238,1.0005
1794,55.1156,11.588,1.5557
1795,55.1845,12.314,1.9225
1796,55.2534,13.013,2.3879
1797,55.3223,12.562,2.8921
1798,55.3912,12.269,2.8529
1799,55.4601,13.538,2.8596
1800,55.529,16.488,3.3186
1801,55.5979,20.022,2.8682
1802,55.6668,21.094,3.6117
1803,55.7356,18.192,3.4107
1804,55.8045,18.014,3.1321
1805,55.8734,15.048,3.732
1806,55.9423,11.684,3.8501
1807,56.0112,11.257,2.1459
1808,56.0801,10.404,2.5009
1809,56.149,15.245,2.5871
1810,56.2179,19.826,3.2174
1811,56.2868,24.391,3.3113
1812,56.3557,23.385,2.7522
1813,56.4246,21.406,4.3606
1814,56.4935,22.89,4.4694
1815,56.5624,24.381,4.1818
1816,56.6313,30.678,4.0316
1817,56.7002,41.529,4.59
1818,56.7691,58.62,5.5657
1819,56.838,69.538,6.7572
1820,56.9069,60.426,5.9105
1821,56.9757,42.052,4.2893
1822,57.0446,26.192,3.8386
1823,57.1135,17.108,2.9033
1824,57.1824,14.744,2.0823
1825,57.2513,14.973,2.6026
1826,57.3202,14.736,1.9048
1827,57.3891,11.869,2.1331
1828,57.458,10.142,1.4724
1829,57.5269,7.225,1.2131
1830,57.5958,5.763,1.6871
1831,57.6647,6.026,1.5318
1832,57.7336,5.911,1.5608
1833,57.8025,7.228,1.2956
1834,57.8714,9.355,1.9123
1835,57.9403,10.13,2.5205
1836,58.0092,10.158,3.155
1837,58.0781,11.496,2.4566
1838,58.147,13.424,2.834
1839,58.2159,15.992,2.7081
1840,58.2847,20.023,3.2023
1841,58.3536,25.922,2.8425
1842,58.4225,29.62,2.9255
1843,58.4914,38.835,4.0046
1844,58.5603,49.825,5.2877
1845,58.6292,59.875,5.7303
1846,58.6981,67.384,6.4227
1847,58.767,61.959,8.0456
1848,58.8359,56.039,5.6303
1849,58.9048,45.527,4.2647
1850,58.9737,36.076,3.8096
1851,59.0426,32.516,3.3939
1852,59.1115,27.355,3.0812
1853,59.1804,25.64,2.3579
1854,59.2493,25.827,2.7848
1855,59.3182,22.35,3.062
1856,59.3871,21.466,3.6313
1857,59.456,16.088,2.7594
1858,59.5248,14.116,2.9286
1859,59.5937,15.091,2.2426
1860,59.6626,14.589,1.8621
1861,59.7315,14.508,1.7399
1862,59.8004,13.479,2.62
1863,59.8693,14.743,2.6033
1864,59.9382,13.477,2.9172
1865,60.0071,13.125,2.983
1866,60.076,16.254,2.9667
1867,60.1449,24.537,4.0066
1868,60.2138,33.406,4.1922
1869,60.2827,47.7,5.5411
1870,60.3516,52.752,6.8066
1871,60.4205,66.657,9.0295
1872,60.4894,115.245,10.866
1873,60.5583,145.909,11.7783
1874,60.6272,123.687,10.3289
1875,60.6961,72.199,7.8068
1876,60.7649,49.245,5.2723
1877,60.8338,42.791,3.5865
1878,60.9027,35.77,3.6469
1879,60.9716,32.186,3.3002
1880,61.0405,27.005,3.0666
1881,61.1094,24.166,3.3901
1882,61.1783,23.155,3.3747
1883,61.2472,21.803,3.2169
1884,61.3161,20.163,2.9558
1885,61.385,17.4,3.01
1886,61.4539,14.471,2.7807
1887,61.5228,11.861,2.4897
1888,61.5917,8.457,2.7864
1889,61.6606,8.939,2.4202
1890,61.7295,10.927,2.8935
1891,61.7984,10.965,3.0393
1892,61.8673,12.758,3.2994
1893,61.9362,11.233,3.1049
1894,62.005,13.987,2.8231
1895,62.0739,11.761,4.0188
1896,62.1428,11.975,4.0925
1897,62.2117,14.145,3.9827
1898,62.2806,15.903,3.2047
1899,62.3495,18.919,2.2125
1900,62.4184,22.302,2.844
1901,62.4873,19.941,2.4526
1902,62.5562,17.965,1.8575
1903,62.6251,15.726,3.3658
1904,62.694,12.941,4.0339
1905,62.7629,11.307,3.0867
1906,62.8318,10.778,3.7693
1907,62.9007,11.309,4.2674
1908,62.9696,9.208,4.0378
1909,63.0385,7.896,3.5437
1910,63.1074,7.647,3.6628
1911,63.1763,7.951,3.5266
1912,63.2451,12.281,4.0511
1913,63.314,18.221,3.8991
1914,63.3829,24.581,3.9799
1915,63.4518,26.06,4.1011
1916,63.5207,23.453,4.3492
1917,63.5896,22.441,4.66
1918,63.6585,16.776,4.3046
1919,63.7274,12.897,5.421
1920,63.7963,9.357,4.6852
1921,63.8652,8.187,3.809
1922,63.9341,8.16,3.3504
1923,64.003,7.773,3.3457
1924,64.0719,3.976,3.2046
1925,64.1408,3.772,2.3338
1926,64.2097,5.106,3.1721
1927,64.2786,5.587,3.1425
1928,64.3475,5.91,3.6075
1929,64.4164,7.688,2.7734
1930,64.4852,8.731,2.3929
1931,64.5541,8.214,2.0613
1932,64.623,8.892,2.444
1933,64.6919,11.187,3.412
1934,64.7608,11.599,2.3268
1935,64.8297,10.896,2.4618
1936,64.8986,13.438,3.6358
1937,64.9675,13.094,2.8039
1938,65.0364,13.48,3.7492
1939,65.1053,18.559,4.8306
1940,65.1742,25.578,5.1746
1941,65.2431,33.18,5.6431
1942,65.312,34.908,6.295
1943,65.3809,35.096,6.9665
1944,65.4498,32.844,6.2405
1945,65.5187,34.301,5.8702
1946,65.5876,34.114,5.5792
1947,65.6565,31.425,4.9277
1948,65.7253,37.918,4.6917
1949,65.7942,41.809,4.3393
1950,65.8631,41.578,4.9969
1951,65.932,41.751,4.1867
1988,0.0,26.018,2.4439
1989,0.0689,21.087,1.9755
1990,0.1378,17.851,1.9767
1991,0.2067,11.796,2.463
1992,0.2756,10.126,1.9538
1993,0.3445,10.571,2.1804
1994,0.4134,11.256,2.747
1995,0.4823,12.421,2.0665
1996,0.5512,15.583,2.6194
1997,0.6201,17.985,3.0092
1998,0.6889,16.764,2.7298
1999,0.7578,14.585,2.2593
2000,0.8267,12.524,2.1645
2001,0.8956,11.027,2.2652
2002,0.9645,7.625,1.9208
2003,1.0334,7.751,2.0751
2004,1.1023,8.265,2.0679
2005,1.1712,10.555,1.9085
2006,1.2401,11.56,2.592
2007,1.309,13.182,2.4467
2008,1.3779,13.75,2.1558
2009,1.4468,14.117,1.8941
2010,1.5157,11.054,1.7621
2011,1.5846,8.321,1.8718
2012,1.6535,6.075,2.1253
2013,1.7224,6.209,1.6173
2014,1.7913,5.871,1.6706
2015,1.8602,6.459,1.5619
2016,1.929,8.181,1.4661
2017,1.9979,10.076,1.3583
2018,2.0668,13.586,2.1868
2019,2.1357,11.821,2.4392
2020,2.2046,13.685,2.3175
2021,2.2735,11.693,2.5271
2022,2.3424,9.217,2.0194
2023,2.4113,11.753,2.4958
2024,2.4802,15.103,2.5108
2025,2.5491,18.551,2.8344
2026,2.618,21.958,2.9757
2027,2.6869,29.853,3.296
2028,2.7558,49.528,3.4642
2029,2.8247,63.577,4.3919
2030,2.8936,65.265,4.4033
2031,2.9625,62.366,4.7812
2032,3.0314,49.119,4.7255
2033,3.1003,40.022,3.8389
2034,3.1691,32.276,4.0232
2035,3.238,26.64,3.3471
2036,3.3069,27.34,3.0397
2037,3.3758,27.033,3.3116
2038,3.4447,25.505,3.3222
2039,3.5136,19.974,2.7444
2040,3.5825,14.054,3.6256
2041,3.6514,16.145,3.5998
2042,3.7203,17.768,3.9762
2043,3.7892,23.284,5.1882
2044,3.8581,27.544,4.831
2045,3.927,37.189,4.7231
2046,3.9959,36.598,4.2038
2047,4.0648,34.14,4.631
2048,4.1337,27.425,3.89
2049,4.2026,24.576,3.6927
2050,4.2715,26.912,3.2805
2051,4.3404,28.232,2.8873
2052,4.4092,39.707,2.6715
2053,4.4781,41.679,3.8279
2054,4.547,31.622,3.3898
2055,4.6159,19.298,2.2755
2056,4.6848,12.372,2.2879
2057,4.7537,11.458,2.0525
2058,4.8226,14.242,2.0698
2059,4.8915,18.978,2.1763
2060,4.9604,26.44,2.0887
2061,5.0293,32.824,2.5293
2062,5.0982,44.616,2.9676
2063,5.1671,60.304,4.1376
2064,5.236,79.129,6.7521
2065,5.3049,84.481,8.0033
2066,5.3738,80.218,9.2461
2067,5.4427,70.83,7.8255
2068,5.5116,53.46,8.791
2069,5.5805,37.451,8.3758
2070,5.6493,27.887,6.7442
2071,5.7182,25.336,5.5002
2072,5.7871,21.856,4.8564
2073,5.856,17.955,4.0038
2074,5.9249,15.378,2.939
2075,5.9938,12.675,2.8117
2076,6.0627,11.536,2.7602
2077,6.1316,11.767,2.4528
2078,6.2005,12.379,2.4554
2079,6.2694,15.753,3.5041
2080,6.3383,18.393,4.3763
2081,6.4072,17.835,4.3913
2082,6.4761,16.174,3.1886
2083,6.545,12.354,1.9957
2084,6.6139,10.552,1.4749
2085,6.6828,10.717,1.4391
2086,6.7517,8.303,0.7311
2087,6.8206,10.131,1.6369
2088,6.8894,10.428,1.2459
2089,6.9583,11.658,1.7713
2090,7.0272,11.311,3.2164
2091,7.0961,11.671,3.5783
2092,7.165,10.912,2.6155
2093,7.2339,10.476,2.3074
2094,7.3028,9.628,1.8842
2095,7.3717,5.532,2.2395
2096,7.4406,5.877,2.6998
2097,7.5095,8.192,2.8947
2098,7.5784,8.921,5.5247
2099,7.6473,9.576,5.5804
2100,7.7162,9.067,5.1379
2101,7.7851,11.695,4.7253
2102,7.854,15.119,3.7094
2103,7.9229,20.296,3.6509
2104,7.9918,21.598,3.6201
2105,8.0607,27.277,3.3037
2106,8.1296,29.578,3.9761
2107,8.1984,21.206,3.922
2108,8.2673,17.923,4.5243
2109,8.3362,18.494,4.8677
2110,8.4051,21.365,5.4228
2111,8.474,24.202,6.4911
2112,8.5429,24.397,6.5993
2113,8.6118,23.593,6.4575
2114,8.6807,17.943,5.2499
2115,8.7496,11.974,3.914
2116,8.8185,9.943,3.2921
2117,8.8874,9.543,2.4454
2118,8.9563,9.291,1.9781
2119,9.0252,10.061,1.7725
2120,9.0941,10.829,1.9597
2121,9.163,14.243,2.4583
2122,9.2319,15.905,2.616
2123,9.3008,27.314,2.4078
2124,9.3697,35.335,3.2966
2125,9.4385,56.86,4.7065
2126,9.5074,83.208,6.0003
2127,9.5763,98.87,6.5479
2128,9.6452,92.951,6.7734
2129,9.7141,81.414,5.8892
2130,9.783,62.528,5.3044
2131,9.8519,41.848,4.4663
2132,9.9208,28.154,3.8055
2133,9.9897,17.781,2.818
2134,10.0586,10.243,1.5047
2135,10.1275,7.704,1.758
2136,10.1964,7.982,1.5653
2137,10.2653,6.347,1.5086
2138,10.3342,6.96,1.6623
2139,10.4031,6.81,1.5914
2140,10.472,7.437,2.2783
2141,10.5409,7.09,2.0793
2142,10.6098,5.961,1.5996
2143,10.6786,5.637,1.0811
2144,10.7475,7.054,1.0703
2145,10.8164,9.506,1.7603
2146,10.8853,11.357,1.7428
2147,10.9542,12.629,2.0791
2148,11.0231,12.723,2.5835
2149,11.092,13.545,1.6669
2150,11.1609,12.22,1.5386
2151,11.2298,10.905,1.1539
2152,11.2987,11.088,1.4047
2153,11.3676,8.625,1.1787
2154,11.4365,8.3,1.602
2155,11.5054,6.15,1.5624
2156,11.5743,6.574,2.3014
2157,11.6432,5.125,2.3944
2158,11.7121,5.778,1.499
2159,11.781,9.972,1.668
2160,11.8499,14.363,0.9114
2161,11.9187,16.758,1.5493
2162,11.9876,16.109,1.6219
2163,12.0565,12.479,1.7186
2164,12.1254,8.103,1.5341
2165,12.1943,10.46,1.4594
2166,12.2632,11.909,1.6767
2167,12.3321,21.242,2.3531
2168,12.401,29.927,2.3138
2169,12.4699,36.877,2.6587
2170,12.5388,33.884,3.4882
2171,12.6077,31.237,3.5071
2172,12.6766,31.392,2.8413
2173,12.7455,34.807,2.6596
2174,12.8144,42.107,4.7246
2175,12.8833,54.619,5.6663
2176,12.9522,55.616,5.6161
2177,13.0211,39.384,5.2241
2178,13.09,29.694,4.1197
2179,13.1588,29.033,4.2686
2180,13.2277,32.602,4.7954
2181,13.2966,35.223,5.1691
2182,13.3655,32.805,4.2617
2183,13.4344,33.468,5.4532
2184,13.5033,27.99,5.1943
2185,13.5722,25.807,3.4271
2186,13.6411,23.944,3.4951
2187,13.71,21.896,3.2134
2188,13.7789,16.259,3.3443
2189,13.8478,14.762,3.4618
2190,13.9167,14.115,2.8661
2191,13.9856,17.705,2.956
2192,14.0545,20.56,3.8346
2193,14.1234,27.277,4.2509
2194,14.1923,26.077,4.9078
2195,14.2612,24.937,3.7063
2196,14.3301,19.238,3.7516
2197,14.3989,16.99,3.7293
2198,14.4678,12.718,3.8214
2199,14.5367,12.615,4.4931
2200,14.6056,10.939,2.7738
2201,14.6745,11.022,2.8361
2202,14.7434,11.854,2.4722
2203,14.8123,16.972,2.567
2204,14.8812,19.695,2.8989
2205,14.9501,18.789,2.5394
2206,15.019,22.213,2.0188
2207,15.0879,23.348,1.8939
2208,15.1568,23.012,1.9132
2209,15.2257,17.302,1.9877
2210,15.2946,14.758,2.2262
2211,15.3635,14.747,2.7393
2212,15.4324,16.35,2.5331
2213,15.5013,21.616,3.4795
2214,15.5702,25.273,4.0649
2215,15.6391,27.237,4.4867
2216,15.7079,37.045,6.3509
2217,15.7768,46.424,7.2404
2218,15.8457,60.262,7.6522
2219,15.9146,54.634,7.0554
2220,15.9835,37.253,7.4511
2221,16.0524,25.193,5.7889
2222,16.1213,17.698,4.1017
2223,16.1902,18.234,3.7449
2224,16.2591,19.47,3.6746
2225,16.328,14.95,2.5149
2226,16.3969,9.447,1.4242
2227,16.4658,7.849,1.3938
2228,16.5347,7.1,2.1669
2229,16.6036,8.262,2.2131
2230,16.6725,11.662,2.6397
2231,16.7414,13.812,2.0724
2232,16.8103,18.231,2.1137
2233,16.8792,24.144,2.8279
2234,16.948,30.542,3.6775
2235,17.0169,35.003,3.7855
2236,17.0858,37.789,4.5237
2237,17.1547,34.684,4.5643
2238,17.2236,26.454,4.2243
2239,17.2925,18.569,4.0777
2240,17.3614,11.388,3.0576
2241,17.4303,10.214,2.9039
2242,17.4992,10.347,3.2352
2243,17.5681,12.641,2.6762
2244,17.637,14.237,2.9259
2245,17.7059,13.91,3.6654
2246,17.7748,11.036,2.9384
2247,17.8437,11.944,3.4908
2248,17.9126,18.634,3.2545
2249,17.9815,19.199,2.8056
2250,18.0504,23.812,3.4774
2251,18.1193,28.513,3.9428
2252,18.1881,38.204,4.0954
2253,18.257,38.557,3.9873
2254,18.3259,39.503,3.5684
2255,18.3948,35.82,3.7521
2256,18.4637,34.0,4.3762
2257,18.5326,34.595,5.4765
2258,18.6015,41.133,4.9085
2259,18.6704,48.153,4.2868
2260,18.7393,59.734,4.2906
2261,18.8082,77.068,5.3697
2262,18.8771,100.375,6.629
2263,18.946,100.692,7.5017
2264,19.0149,86.414,7.496
2265,19.0838,60.215,6.9446
2266,19.1527,31.621,4.6581
2267,19.2216,14.031,3.0
2268,19.2905,9.812,2.7762
2269,19.3594,6.772,2.3434
2270,19.4282,5.505,1.5071
2271,19.4971,4.631,1.6833
2272,19.566,4.719,1.7689
2273,19.6349,5.195,1.2493
2274,19.7038,5.197,1.3269
2275,19.7727,4.569,1.7524
2276,19.8416,5.398,1.9852
2277,19.9105,3.106,1.2239
2278,19.9794,3.586,1.3583
2279,20.0483,3.239,1.7577
2280,20.1172,3.692,2.2265
2281,20.1861,2.442,1.1831
2282,20.255,3.657,1.7872
2283,20.3239,3.948,1.5917
2284,20.3928,5.014,1.1116
2285,20.4617,4.693,0.9118
2286,20.5306,5.08,2.0103
2287,20.5995,6.625,2.4341
2288,20.6683,6.923,1.6213
2289,20.7372,8.637,2.1827
2290,20.8061,12.625,2.6298
2291,20.875,19.288,3.6779
2292,20.9439,21.763,4.4987
2293,21.0128,25.303,4.6216
2294,21.0817,27.331,4.5127
2295,21.1506,30.193,4.9342
2296,21.2195,30.956,5.0637
2297,21.2884,29.686,5.1636
2298,21.3573,28.471,4.5351
2299,21.4262,26.251,3.8683
2300,21.4951,26.776,4.0534
2301,21.564,30.628,4.3624
2302,21.6329,30.62,5.5415
2303,21.7018,29.944,5.5393
2304,21.7707,33.155,6.1045
2305,21.8396,33.014,5.2598
2306,21.9084,31.499,4.4513
2307,21.9773,24.079,3.7247
2308,22.0462,27.565,2.9953
2309,22.1151,28.128,3.2577
2310,22.184,24.22,3.0424
2311,22.2529,30.669,3.651
2312,22.3218,36.548,4.6031
2313,22.3907,40.779,5.0144
2314,22.4596,40.856,4.0371
2315,22.5285,38.104,5.3563
2316,22.5974,38.279,7.5126
2317,22.6663,45.347,7.6607
2318,22.7352,48.109,8.3957
2319,22.8041,53.633,8.4273
2320,22.873,55.373,7.3093
2321,22.9419,50.936,6.1412
2322,23.0108,36.991,4.8419
2323,23.0797,31.627,3.855
2324,23.1486,27.223,3.202
2325,23.2174,28.439,3.7061
2326,23.2863,36.903,3.6146
2327,23.3552,38.094,3.2502
2328,23.4241,29.753,3.4074
2329,23.493,19.199,2.6999
2330,23.5619,14.734,2.1139
2331,23.6308,15.351,2.2455
2332,23.6997,17.234,1.6408
2333,23.7686,17.397,2.0937
2334,23.8375,16.031,1.6909
2335,23.9064,12.016,2.2097
2336,23.9753,9.63,2.1972
2337,24.0442,7.481,2.5418
2338,24.1131,7.419,1.937
2339,24.182,7.227,1.621
2340,24.2509,7.694,2.0489
2341,24.3198,9.046,2.5254
2342,24.3887,12.423,3.0658
2343,24.4575,17.212,3.3052
2344,24.5264,18.022,3.2979
2345,24.5953,21.67,3.411
2346,24.6642,17.742,2.9125
2347,24.7331,14.498,2.9931
2348,24.802,13.39,2.1571
2349,24.8709,16.095,2.4842
2350,24.9398,21.044,3.4391
2351,25.0087,26.819,3.1207
2352,25.0776,44.027,3.6061
2353,25.1465,74.556,5.4641
2354,25.2154,107.523,8.2755
2355,25.2843,110.807,8.9424
2356,25.3532,84.629,7.4707
2357,25.4221,61.829,5.4569
2358,25.491,44.179,3.8192
2359,25.5599,33.187,4.1095
2360,25.6288,19.846,2.6522
2361,25.6976,11.392,2.6112
2362,25.7665,6.778,2.3441
2363,25.8354,5.189,2.2443
2364,25.9043,5.243,1.7005
2365,25.9732,5.203,1.5967
2366,26.0421,2.928,1.1397
2367,26.111,3.386,1.4403
2368,26.1799,2.856,1.4913
2369,26.2488,3.362,1.5216
2370,26.3177,4.469,1.7335
2371,26.3866,5.969,1.4167
2372,26.4555,6.74,2.1009
2373,26.5244,7.272,2.6861
2374,26.5933,4.575,2.0675
2375,26.6622,3.947,1.989
2376,26.7311,4.694,2.0107
2377,26.8,8.922,2.4029
2378,26.8689,15.516,3.8904
2379,26.9377,25.139,4.4189
2380,27.0066,30.24,4.9489
2381,27.0755,25.083,3.2504
2382,27.1444,16.576,2.2408
2383,27.2133,10.767,1.9217
2384,27.2822,8.935,1.9117
2385,27.3511,6.477,2.2991
2386,27.42,9.949,2.1799
2387,27.4889,11.038,2.3201
2388,27.5578,12.835,2.4253
2389,27.6267,11.599,3.2685
2390,27.6956,8.584,2.3141
2391,27.7645,7.635,1.9877
2392,27.8334,8.942,2.3283
2393,27.9023,8.646,3.1154
2394,27.9712,11.265,3.1419
2395,28.0401,12.975,2.6505
2396,28.109,13.031,2.926
2397,28.1778,12.335,2.7644
2398,28.2467,9.224,2.7458
2399,28.3156,11.121,2.6354
2400,28.3845,11.674,3.7868
2401,28.4534,11.62,3.6175
2402,28.5223,9.926,3.2366
2403,28.5912,10.628,3.2184
2404,28.6601,10.629,3.0732
2405,28.729,13.518,3.2365
2406,28.7979,11.666,3.9597
2407,28.8668,12.43,3.5495
2408,28.9357,16.969,3.7351
2409,29.0046,18.744,3.6117
2410,29.0735,20.52,3.3965
2411,29.1424,19.521,3.4726
2412,29.2113,20.281,3.6921
2413,29.2802,19.061,3.082
2414,29.3491,22.939,3.5904
2415,29.4179,29.206,4.0513
2416,29.4868,29.808,4.2691
2417,29.5557,28.821,6.2846
2418,29.6246,30.953,5.3174
2419,29.6935,32.579,6.2685
2420,29.7624,39.193,6.0992
2421,29.8313,41.239,6.4563
2422,29.9002,42.148,7.3838
2423,29.9691,37.265,6.5577
2424,30.038,22.039,4.3438
2425,30.1069,14.533,3.0085
2426,30.1758,10.881,2.3768
2427,30.2447,11.442,2.6268
2428,30.3136,10.544,2.2635
2429,30.3825,13.102,3.0386
2430,30.4514,12.967,2.6523
2431,30.5203,16.376,3.3471
2432,30.5892,20.174,4.5433
2433,30.6581,21.59,3.9598
2434,30.7269,20.997,3.4318
2435,30.7958,18.413,2.0846
2436,30.8647,13.84,1.6588
2437,30.9336,10.207,1.9684
2438,31.0025,6.707,1.7641
2439,31.0714,4.075,1.9151
2440,31.1403,4.115,1.8472
2441,31.2092,4.245,2.2392
2442,31.2781,3.859,1.8859
2443,31.347,5.068,1.4703
2444,31.4159,6.333,1.581
2445,31.4848,5.232,1.0718
2446,31.5537,5.686,1.3251
2447,31.6226,6.119,1.6789
2448,31.6915,7.366,2.1931
2449,31.7604,5.806,2.2184
2450,31.8293,12.46,2.7656
2451,31.8982,17.192,4.3086
2452,31.967,24.506,4.0882
2453,32.0359,33.352,5.3351
2454,32.1048,38.315,5.8883
2455,32.1737,43.298,5.1339
2456,32.2426,36.419,5.5665
2457,32.3115,27.23,4.9235
2458,32.3804,19.153,4.2784
2459,32.4493,14.607,3.0518
2460,32.5182,15.221,2.3313
2461,32.5871,15.462,1.9807
2462,32.656,16.398,1.3639
2463,32.7249,12.425,2.5148
2464,32.7938,11.542,2.2239
2465,32.8627,9.599,2.5354
2466,32.9316,9.17,1.8266
2467,33.0005,11.016,2.4896
2468,33.0694,13.24,1.8775
2469,33.1383,13.132,2.2375
2470,33.2071,16.236,2.8087
2471,33.276,12.572,3.0956
2472,33.3449,8.339,2.8673
2473,33.4138,7.992,2.7653
2474,33.4827,9.921,2.3177
2475,33.5516,10.772,1.8804
2476,33.6205,10.627,2.1044
2477,33.6894,8.637,1.9666
2478,33.7583,8.156,2.3235
2479,33.8272,7.608,1.8576
2480,33.8961,8.173,2.3437
2481,33.965,6.397,2.4852
2482,34.0339,8.056,2.3201
2483,34.1028,10.481,2.1892
2484,34.1717,10.815,2.768
2485,34.2406,11.116,2.9707
2486,34.3095,18.501,3.708
2487,34.3784,30.906,4.6873
2488,34.4472,50.408,7.6099
2489,34.5161,70.953,9.7498
2490,34.585,93.196,9.8947
2491,34.6539,105.498,11.6556
2492,34.7228,111.75,12.6243
2493,34.7917,98.735,13.2047
2494,34.8606,78.379,10.4737
2495,34.9295,52.099,7.6541
2496,34.9984,33.689,5.0791
2497,35.0673,24.883,4.215
2498,35.1362,17.327,3.7041
2499,35.2051,11.587,2.305
2500,35.274,10.544,1.7486
2501,35.3429,9.517,1.3584
2502,35.4118,8.267,1.3767
2503,35.4807,10.013,1.6725
2504,35.5496,12.053,1.1886
2505,35.6185,14.075,1.9164
2506,35.6873,16.525,2.144
2507,35.7562,20.441,2.7222
2508,35.8251,26.0,3.5145
2509,35.894,29.55,4.9379
2510,35.9629,26.736,4.3262
2511,36.0318,24.389,3.9848
2512,36.1007,18.483,3.2746
2513,36.1696,12.0,3.1802
2514,36.2385,11.504,2.8106
2515,36.3074,12.217,2.128
2516,36.3763,15.044,2.4727
2517,36.4452,19.247,2.7141
2518,36.5141,20.926,2.1875
2519,36.583,22.799,1.291
2520,36.6519,20.254,1.7217
2521,36.7208,16.806,1.9736
2522,36.7897,14.474,2.4335
2523,36.8586,11.959,2.4651
2524,36.9274,7.972,2.0648
2525,36.9963,6.93,1.7469
2526,37.0652,8.166,2.9948
2527,37.1341,7.588,3.547
2528,37.203,10.326,2.9437
2529,37.2719,16.172,2.8412
2530,37.3408,22.29,2.9438
2531,37.4097,24.009,3.6355
2532,37.4786,18.135,2.5981
2533,37.5475,12.691,2.0035
2534,37.6164,10.914,2.0146
2535,37.6853,12.658,1.7916
2536,37.7542,12.806,2.4058
2537,37.8231,11.549,2.7998
2538,37.892,10.666,2.4539
2539,37.9609,12.258,3.0085
2540,38.0298,14.29,1.7837
2541,38.0987,15.316,1.5544
2542,38.1675,14.871,2.0525
2543,38.2364,17.614,2.4836
2544,38.3053,18.442,1.812
2545,38.3742,16.878,2.4198
2546,38.4431,18.081,2.2136
2547,38.512,26.106,3.106
2548,38.5809,31.752,2.8669
2549,38.6498,33.519,3.5069
2550,38.7187,31.481,3.4006
2551,38.7876,32.192,2.5934
2552,38.8565,28.965,2.657
2553,38.9254,24.213,2.6532
2554,38.9943,18.36,3.8761
2555,39.0632,14.06,3.8752
2556,39.1321,9.059,2.5815
2557,39.201,8.257,2.4347
2558,39.2699,8.432,2.4065
2559,39.3388,9.01,1.8052
2560,39.4076,8.373,1.8161
2561,39.4765,9.575,2.544
2562,39.5454,11.121,2.3184
2563,39.6143,10.865,2.3732
2564,39.6832,10.654,2.7642
2565,39.7521,15.049,2.9727
2566,39.821,19.317,2.9843
2567,39.8899,22.426,2.9397
2568,39.9588,25.42,3.1599
2569,40.0277,27.478,3.0171
2570,40.0966,28.254,2.857
2571,40.1655,27.155,3.4682
2572,40.2344,26.913,3.9384
2573,40.3033,26.581,4.083
2574,40.3722,26.942,4.0197
2575,40.4411,30.099,4.7381
2576,40.51,34.197,4.8008
2577,40.5789,42.93,6.6027
2578,40.6478,45.902,7.4881
2579,40.7166,43.571,7.4259
2580,40.7855,30.895,5.3338
2581,40.8544,28.401,4.2896
2582,40.9233,29.076,4.4062
2583,40.9922,27.896,4.3768
2584,41.0611,22.469,4.0407
2585,41.13,19.042,3.2915
2586,41.1989,22.029,3.0946
2587,41.2678,23.013,3.2584
2588,41.3367,27.481,3.9725
2589,41.4056,31.395,5.0647
2590,41.4745,40.048,6.0533
2591,41.5434,51.999,6.3346
2592,41.6123,65.272,6.3198
2593,41.6812,58.283,4.4394
2594,41.7501,34.44,2.886
2595,41.819,26.923,3.9774
2596,41.8879,20.113,3.7896
2597,41.9567,14.277,3.0222
2598,42.0256,13.88,3.173
2599,42.0945,15.158,4.037
2600,42.1634,19.086,4.1186
2601,42.2323,23.887,4.187
2602,42.3012,23.546,4.3913
2603,42.3701,19.962,4.8016
2604,42.439,16.425,3.5705
2605,42.5079,17.381,3.5844
2606,42.5768,14.044,3.3528
2607,42.6457,14.55,2.8655
2608,42.7146,15.14,3.5301
2609,42.7835,14.341,2.871
2610,42.8524,16.191,2.4727
2611,42.9213,17.289,1.6092
2612,42.9902,18.094,2.0001
2613,43.0591,17.223,2.0244
2614,43.128,15.098,2.6681
2615,43.1968,11.083,2.5983
2616,43.2657,8.574,2.4907
2617,43.3346,6.246,2.8303
2618,43.4035,5.545,1.9642
2619,43.4724,3.672,2.0765
2620,43.5413,4.032,1.8323
2621,43.6102,3.411,1.0873
2622,43.6791,3.473,1.3096
2623,43.748,3.784,1.5455
2624,43.8169,3.931,1.1807
2625,43.8858,3.645,1.3932
2626,43.9547,2.731,1.8155
2627,44.0236,3.995,1.5615
2628,44.0925,4.287,1.9665
2629,44.1614,5.904,1.3667
2630,44.2303,7.167,1.178
2631,44.2992,7.993,1.822
2632,44.3681,7.745,1.7791
2633,44.437,7.872,1.9399
2634,44.5058,9.497,2.7139
2635,44.5747,13.563,2.9812
2636,44.6436,19.361,3.8406
2637,44.7125,31.188,4.8603
2638,44.7814,33.34,4.7649
2639,44.8503,42.149,5.8896
2640,44.9192,57.23,6.8242
2641,44.9881,61.725,6.5824
2642,45.057,50.475,6.9204
2643,45.1259,27.735,6.7694
2644,45.1948,16.993,4.4637
2645,45.2637,13.259,3.8793
2646,45.3326,11.33,3.7962
2647,45.4015,11.177,3.673
2648,45.4704,11.069,2.1747
2649,45.5393,9.565,2.0742
2650,45.6082,9.189,1.9424
2651,45.6771,9.12,1.1346
2652,45.7459,9.71,1.1375
2653,45.8148,8.937,1.0159
2654,45.8837,10.568,1.4393
2655,45.9526,12.16,2.1367
2656,46.0215,15.657,1.8915
2657,46.0904,17.1,2.3005
2658,46.1593,17.631,1.6773
2659,46.2282,15.034,1.6538
2660,46.2971,12.432,1.4917
2661,46.366,8.922,1.5611
2662,46.4349,7.85,1.5114
2663,46.5038,8.318,2.1957
2664,46.5727,7.185,2.4112
2665,46.6416,7.074,2.6225
2666,46.7105,5.952,2.0808
2667,46.7794,8.043,1.8866
2668,46.8483,11.525,1.0031
2669,46.9172,8.859,1.1894
2670,46.986,6.081,1.0765
2671,47.0549,6.321,1.3021
2672,47.1238,6.66,1.4958
2673,47.1927,6.765,1.9203
2674,47.2616,10.222,1.9044
2675,47.3305,10.604,2.289
2676,47.3994,9.959,1.6182
2677,47.4683,8.548,1.3678
2678,47.5372,7.963,1.1242
2679,47.6061,6.131,0.8117
2680,47.675,5.219,0.9805
2681,47.7439,5.235,1.0785
2682,47.8128,4.954,1.5777
2683,47.8817,4.471,1.6838
2684,47.9506,6.535,2.2903
2685,48.0195,5.691,1.8517
2686,48.0884,7.38,2.5506
2687,48.1573,9.068,2.4666
2688,48.2261,11.106,2.6049
2689,48.295,12.851,3.1326
2690,48.3639,16.064,3.3428
2691,48.4328,16.131,2.516
2692,48.5017,15.712,2.0812
2693,48.5706,18.849,2.1677
2694,48.6395,21.041,3.1594
2695,48.7084,30.214,2.6522
2696,48.7773,38.234,3.1711
2697,48.8462,42.463,2.9024
2698,48.9151,42.515,2.9512
2699,48.984,40.224,2.6778
2700,49.0529,38.741,3.0922
2701,49.1218,33.147,3.8095
2702,49.1907,29.633,4.2315
2703,49.2596,26.424,4.1429
2704,49.3285,22.759,4.1934
2705,49.3974,20.869,3.4497
2706,49.4662,19.485,3.7122
2707,49.5351,22.204,4.0076
2708,49.604,26.689,3.7959
2709,49.6729,26.529,4.0063
2710,49.7418,21.688,5.5217
2711,49.8107,27.232,4.7218
2712,49.8796,27.059,4.5505
2713,49.9485,25.608,3.8396
2714,50.0174,26.143,3.6284
2715,50.0863,24.558,3.5654
2716,50.1552,19.39,3.5854
2717,50.2241,19.262,2.7078
2718,50.293,20.741,2.4246
2719,50.3619,19.244,2.4131
2720,50.4308,20.724,2.6911
2721,50.4997,27.064,3.524
2722,50.5686,26.759,3.2556
2723,50.6375,24.782,2.7087
2724,50.7063,20.519,2.0226
2725,50.7752,14.285,1.1945
2726,50.8441,10.012,1.1457
2727,50.913,7.085,1.5985
2728,50.9819,7.645,2.1073
2729,51.0508,8.074,1.7661
2730,51.1197,7.473,1.3501
2731,51.1886,8.042,1.3228
2732,51.2575,7.698,1.3821
2733,51.3264,11.504,1.6322
2734,51.3953,17.283,1.9558
2735,51.4642,23.275,1.469
2736,51.5331,24.279,2.0194
2737,51.602,25.178,2.4985
2738,51.6709,24.952,2.0527
2739,51.7398,25.566,2.7764
2740,51.8087,29.767,2.8959
2741,51.8776,29.876,2.2906
2742,51.9464,23.976,1.4257
2743,52.0153,17.338,1.3487
2744,52.0842,13.832,1.8609
2745,52.1531,13.486,1.8939
2746,52.222,11.22,2.0562
2747,52.2909,14.919,3.0809
2748,52.3598,13.715,2.7525
2749,52.4287,11.969,2.4273
2750,52.4976,12.272,1.7573
2751,52.5665,12.602,1.2991
2752,52.6354,12.07,1.5086
2753,52.7043,9.648,1.2961
2754,52.7732,6.285,1.2152
2755,52.8421,6.626,2.4218
2756,52.911,6.106,1.9033
2757,52.9799,6.037,1.3576
2758,53.0488,5.656,1.6373
2759,53.1177,6.685,1.6526
2760,53.1866,9.152,1.3625
2761,53.2554,11.27,1.7174
2762,53.3243,11.417,2.065
2763,53.3932,15.79,2.001
2764,53.4621,20.292,2.454
2765,53.531,25.887,3.1232
2766,53.5999,31.166,2.8875
2767,53.6688,37.232,4.0085
2768,53.7377,37.947,3.6327
2769,53.8066,40.362,3.2378
2770,53.8755,48.499,2.9605
2771,53.9444,55.726,3.6494
2772,54.0133,68.765,4.5424
2773,54.0822,70.391,4.8268
2774,54.1511,61.986,5.9856
2775,54.22,51.333,5.1418
2776,54.2889,50.693,5.4874
2777,54.3578,55.625,5.4582
2778,54.4267,50.977,4.8044
2779,54.4955,39.951,4.2961
2780,54.5644,33.176,3.5608
2781,54.6333,27.127,3.146
2782,54.7022,27.047,3.1468
2783,54.7711,24.552,2.4356
2784,54.84,26.548,3.9664
2785,54.9089,26.286,3.6635
2786,54.9778,27.762,3.6102
2787,55.0467,27.993,3.9305
2788,55.1156,31.3,4.0906
2789,55.1845,28.202,3.0486
2790,55.2534,32.009,2.9172
2791,55.3223,27.427,2.8295
2792,55.3912,23.309,2.5399
2793,55.4601,22.808,2.3098
2794,55.529,22.965,2.3037
2795,55.5979,23.095,2.4473
2796,55.6668,23.374,2.739
2797,55.7356,27.971,4.2201
2798,55.8045,29.208,4.0939
2799,55.8734,24.957,5.03
2800,55.9423,19.361,4.8415
2801,56.0112,15.967,3.6454
2802,56.0801,16.842,3.7869
2803,56.149,26.253,4.7083
2804,56.2179,28.125,4.7652
2805,56.2868,23.287,4.3291
2806,56.3557,15.612,3.9367
2807,56.4246,14.273,3.9515
2808,56.4935,18.975,4.4726
2809,56.5624,27.179,4.2566
2810,56.6313,34.717,3.8957
2811,56.7002,35.458,4.2594
2812,56.7691,29.651,3.3596
2813,56.838,28.048,2.9729
2814,56.9069,33.094,3.5495
2815,56.9757,37.225,3.5893
2816,57.0446,42.255,3.9229
2817,57.1135,46.404,5.4201
2818,57.1824,51.775,5.7685
2819,57.2513,53.279,5.2988
2820,57.3202,55.714,4.6757
2821,57.3891,53.126,4.9866
2822,57.458,54.68,4.9648
2823,57.5269,50.923,3.7851
2824,57.5958,40.426,2.94
2825,57.6647,25.528,2.5949
2826,57.7336,17.572,2.2367
2827,57.8025,16.769,1.8744
2828,57.8714,18.589,1.9635
2829,57.9403,19.996,2.3038
2830,58.0092,22.31,2.1341
2831,58.0781,18.049,2.7648
2832,58.147,10.078,2.6812
2833,58.2159,5.123,2.2947
2834,58.2847,3.755,2.3824
2835,58.3536,4.957,1.9124
2836,58.4225,5.071,1.8572
2837,58.4914,3.738,1.4092
2838,58.5603,4.006,1.5172
2839,58.6292,3.841,1.8066
2840,58.6981,3.963,1.2229
2841,58.767,6.135,1.5184
2842,58.8359,9.774,1.5672
2843,58.9048,11.256,1.9541
2844,58.9737,10.335,2.1036
2845,59.0426,7.819,2.1873
2846,59.1115,8.263,2.1448
2847,59.1804,9.708,2.039
2848,59.2493,9.652,1.8907
2849,59.3182,10.823,1.9745
2850,59.3871,7.737,2.0569
2851,59.456,7.524,1.9446
2852,59.5248,7.617,1.6387
2853,59.5937,7.81,2.0283
2854,59.6626,8.557,2.2442
2855,59.7315,9.22,2.3431
2856,59.8004,11.247,2.4595
2857,59.8693,14.642,2.7483
2858,59.9382,19.303,2.4726
2859,60.0071,22.734,3.3502
2860,60.076,23.201,2.8969
2861,60.1449,22.938,2.9187
2862,60.2138,19.872,3.0558
2863,60.2827,18.017,2.4697
2864,60.3516,17.152,3.2945
2865,60.4205,20.532,3.406
2866,60.4894,22.303,5.2159
2867,60.5583,25.693,5.3377
2868,60.6272,35.005,6.7722
2869,60.6961,44.723,6.5416
2870,60.7649,57.09,7.3774
2871,60.8338,61.398,8.4521
2872,60.9027,50.062,9.73
2873,60.9716,38.379,8.504
2874,61.0405,27.127,7.5643
2875,61.1094,23.107,5.5374
2876,61.1783,23.468,5.3862
2877,61.2472,23.962,5.259
2878,61.3161,23.782,4.3326
2879,61.385,24.469,4.0369
2880,61.4539,26.592,3.5181
2881,61.5228,26.974,3.4029
2882,61.5917,27.552,3.8103
2883,61.6606,27.576,3.7033
2884,61.7295,37.047,4.2093
2885,61.7984,44.307,4.7305
2886,61.8673,44.091,5.1434
2887,61.9362,47.249,5.3902
2888,62.005,52.217,7.1625
2889,62.0739,54.085,7.0424
2890,62.1428,37.369,5.4586
2891,62.2117,22.346,4.9971
2892,62.2806,18.265,4.5256
2893,62.3495,15.73,3.3273
2894,62.4184,13.729,4.651
2895,62.4873,12.056,3.9123
2896,62.5562,14.703,3.7904
2897,62.6251,18.161,2.7704
2898,62.694,21.312,3.3996
2899,62.7629,17.772,4.0381
2900,62.8318,14.616,2.9038
2901,62.9007,17.198,3.2469
2902,62.9696,17.584,4.309
2903,63.0385,14.964,3.8594
2904,63.1074,14.496,2.8283
2905,63.1763,13.544,4.1359
2906,63.2451,12.529,3.7793
2907,63.314,14.062,3.7821
2908,63.3829,10.056,3.3472
2909,63.4518,8.56,2.4503
2910,63.5207,11.093,3.2644
2911,63.5896,14.391,3.444
2912,63.6585,15.955,4.2346
2913,63.7274,18.583,3.5615
2914,63.7963,23.572,5.5512
2982,0.0,35.427,5.2231
2983,0.0689,36.848,4.8934
2984,0.1378,38.426,5.7223
2985,0.2067,34.962,5.0608
2986,0.2756,39.15,6.0266
2987,0.3445,62.256,4.6318
2988,0.4134,90.486,5.5638
2989,0.4823,108.367,7.4242
2990,0.5512,95.996,7.8579
2991,0.6201,73.599,7.1488
2992,0.6889,38.094,4.8487
2993,0.7578,18.142,2.8085
2994,0.8267,12.044,2.3722
2995,0.8956,10.753,1.6559
2996,0.9645,9.549,1.489
2997,1.0334,7.729,1.1768
2998,1.1023,5.797,1.8692
2999,1.1712,6.142,1.6897
3000,1.2401,6.342,1.3466
3001,1.309,8.643,1.769
3002,1.3779,9.708,1.3028
3003,1.4468,12.234,1.6358
3004,1.5157,14.302,1.5715
3005,1.5846,14.371,2.3928
3006,1.6535,14.313,2.2957
3007,1.7224,10.46,2.3047
3008,1.7913,7.841,3.1714
3009,1.8602,7.306,3.1701
3010,1.929,7.91,2.0467
3011,1.9979,6.65,1.6959
3012,2.0668,7.279,1.0969
3013,2.1357,9.355,1.1601
3014,2.2046,10.607,1.5083
3015,2.2735,12.036,1.1334
3016,2.3424,10.495,1.1557
3017,2.4113,13.454,1.5126
3018,2.4802,14.318,2.0428
3019,2.5491,17.856,2.2391
3020,2.618,23.987,2.5888
3021,2.6869,33.157,3.6126
3022,2.7558,34.695,5.0192
3023,2.8247,35.114,4.727
3024,2.8936,41.977,4.9462
3025,2.9625,44.698,6.2138
3026,3.0314,48.909,6.1618
3027,3.1003,49.023,5.5414
3028,3.1691,48.297,5.1602
3029,3.238,49.015,4.1564
3030,3.3069,45.214,4.0564
3031,3.3758,33.745,4.4485
3032,3.4447,22.784,3.4808
3033,3.5136,15.423,2.6975
3034,3.5825,8.66,1.8341
3035,3.6514,9.088,1.2302
3036,3.7203,8.623,1.7087
3037,3.7892,11.407,2.0784
3038,3.8581,14.944,1.9526
3039,3.927,15.397,2.8484
3040,3.9959,19.432,2.5745
3041,4.0648,22.506,2.3721
3042,4.1337,25.607,3.5063
3043,4.2026,23.353,3.4859
3044,4.2715,17.95,4.0201
3045,4.3404,14.832,3.7049
3046,4.4092,14.493,3.7585
3047,4.4781,15.265,2.5106
3048,4.547,19.977,2.1681
3049,4.6159,21.301,2.955
3050,4.6848,19.867,3.9375
3051,4.7537,16.074,4.4594
3052,4.8226,13.815,3.2428
3053,4.8915,10.93,2.5323
3054,4.9604,12.109,3.0751
3055,5.0293,13.769,2.9556
3056,5.0982,18.314,3.3444
3057,5.1671,26.061,3.5036
3058,5.236,33.935,4.4338
3059,5.3049,36.355,5.5216
3060,5.3738,43.923,5.3821
3061,5.4427,50.08,6.1262
3062,5.5116,58.018,5.2464
3063,5.5805,55.651,5.427
3064,5.6493,48.675,5.6572
3065,5.7182,39.374,5.1239
3066,5.7871,28.836,4.484
3067,5.856,23.09,4.1354
3068,5.9249,16.914,3.6199
3069,5.9938,15.506,2.9054
3070,6.0627,18.255,2.3208
3071,6.1316,19.332,2.8845
3072,6.2005,18.841,2.1221
3073,6.2694,13.199,1.4062
3074,6.3383,12.495,1.5362
3075,6.4072,9.958,1.3931
3076,6.4761,7.941,1.3527
3077,6.545,8.25,1.3314
3078,6.6139,5.223,1.7346
3079,6.6828,4.966,2.2993
3080,6.7517,4.545,1.8795
3081,6.8206,5.497,1.5179
3082,6.8894,5.787,1.7414
3083,6.9583,8.23,1.6851
3084,7.0272,12.285,1.7383
3085,7.0961,17.176,1.6028
3086,7.165,18.788,2.1383
3087,7.2339,18.124,1.8169
3088,7.3028,13.683,2.3272
3089,7.3717,13.949,2.549
3090,7.4406,17.224,2.6362
3091,7.5095,26.44,2.615
3092,7.5784,28.515,1.9563
3093,7.6473,25.77,1.9351
3094,7.7162,19.198,2.0424
3095,7.7851,14.146,2.3357
3096,7.854,11.928,2.4009
3097,7.9229,12.472,2.3939
3098,7.9918,10.231,1.6923
3099,8.0607,12.778,1.1277
3100,8.1296,11.956,0.9584
3101,8.1984,8.344,1.2315
3102,8.2673,8.694,1.8277
3103,8.3362,8.819,2.0654
3104,8.4051,8.859,2.1878
3105,8.474,9.305,1.89
3106,8.5429,10.371,1.3192
3107,8.6118,9.926,1.1295
3108,8.6807,8.55,1.5136
3109,8.7496,8.289,1.1312
3110,8.8185,6.98,0.9957
3111,8.8874,10.289,1.1412
3112,8.9563,12.174,1.0673
3113,9.0252,11.834,1.697
3114,9.0941,8.025,2.3524
3115,9.163,6.507,1.8813
3116,9.2319,5.597,1.9364
3117,9.3008,5.325,1.5971
3118,9.3697,3.956,1.5317
3119,9.4385,3.625,1.2207
3120,9.5074,3.969,1.3061
3121,9.5763,3.545,1.5723
3122,9.6452,3.234,1.7057
3123,9.7141,2.57,1.9857
3124,9.783,4.191,1.7443
3125,9.8519,3.149,2.3487
3126,9.9208,7.611,2.3106
3127,9.9897,7.284,2.9968
3128,10.0586,10.088,2.2302
3129,10.1275,10.627,3.0925
3130,10.1964,12.239,2.7526
3131,10.2653,14.397,3.3767
3132,10.3342,17.862,2.9948
3133,10.4031,22.618,3.4678
3134,10.472,31.222,4.118
3135,10.5409,52.001,4.9432
3136,10.6098,67.67,6.4646
3137,10.6786,76.376,7.5412
3138,10.7475,64.549,7.7257
3139,10.8164,37.38,6.3785
3140,10.8853,20.993,5.0391
3141,10.9542,12.71,3.5743
3142,11.0231,9.309,2.9798
3143,11.092,7.196,2.8616
3144,11.1609,5.802,2.3763
3145,11.2298,4.899,1.8026
3146,11.2987,4.758,1.2302
3147,11.3676,5.22,1.2765
3148,11.4365,3.462,1.1041
3149,11.5054,4.655,0.5848
3150,11.5743,6.608,0.9687
3151,11.6432,7.895,1.002
3152,11.7121,8.805,1.1081
3153,11.781,11.764,1.5918
3154,11.8499,17.041,1.5768
3155,11.9187,24.855,2.0353
3156,11.9876,24.065,2.0793
3157,12.0565,21.505,2.2535
3158,12.1254,16.677,2.7769
3159,12.1943,13.78,2.2929
3160,12.2632,14.126,1.9693
3161,12.3321,16.178,2.3126
3162,12.401,17.3,1.9538
3163,12.4699,15.557,2.6669
3164,12.5388,10.967,3.288
3165,12.6077,6.789,2.8096
3166,12.6766,7.713,2.6787
3167,12.7455,10.939,3.2543
3168,12.8144,9.285,3.1021
3169,12.8833,10.317,2.9372
3170,12.9522,10.287,2.1373
3171,13.0211,12.43,2.2649
3172,13.09,11.206,3.0133
3173,13.1588,11.298,2.3917
3174,13.2277,10.577,1.9827
3175,13.2966,10.15,1.6688
3176,13.3655,10.107,1.2707
3177,13.4344,9.848,1.8209
3178,13.5033,9.96,1.6703
3179,13.5722,11.324,1.675
3180,13.6411,14.178,1.6143
3181,13.71,21.117,2.2256
3182,13.7789,20.092,1.8067
3183,13.8478,22.222,2.5817
3184,13.9167,41.741,3.7889
3185,13.9856,71.031,4.804
3186,14.0545,82.538,6.5629
3187,14.1234,64.731,6.7443
3188,14.1923,37.816,5.8926
3189,14.2612,18.631,3.6716
3190,14.3301,15.38,3.1392
3191,14.3989,13.683,3.0737
3192,14.4678,13.076,2.3724
3193,14.5367,9.883,2.2871
3194,14.6056,11.659,2.1028
3195,14.6745,16.231,2.7246
3196,14.7434,29.277,2.5698
3197,14.8123,39.139,3.3536
3198,14.8812,47.261,3.8043
3199,14.9501,46.745,3.1956
3200,15.019,33.899,3.258
3201,15.0879,23.609,3.1572
3202,15.1568,14.377,2.9458
3203,15.2257,10.835,2.8219
3204,15.2946,10.113,3.3645
3205,15.3635,9.152,2.3537
3206,15.4324,10.07,2.4861
3207,15.5013,11.05,2.5869
3208,15.5702,10.042,2.9651
3209,15.6391,13.86,2.5433
3210,15.7079,14.411,2.7755
3211,15.7768,12.646,2.8793
3212,15.8457,10.311,2.976
3213,15.9146,10.839,3.0417
3214,15.9835,11.982,3.0426
3215,16.0524,14.882,3.0872
3216,16.1213,19.825,3.5376
3217,16.1902,17.718,2.3389
3218,16.2591,17.484,1.9204
3219,16.328,18.955,2.1905
3220,16.3969,21.563,2.4003
3221,16.4658,26.1,4.247
3222,16.5347,19.834,4.0675
3223,16.6036,18.904,4.413
3224,16.6725,21.109,3.8534
3225,16.7414,22.345,4.3023
3226,16.8103,22.184,3.0469
3227,16.8792,17.252,2.6605
3228,16.948,10.986,1.9892
3229,17.0169,14.498,3.0611
3230,17.0858,18.956,3.5832
3231,17.1547,22.376,3.8222
3232,17.2236,18.542,2.8211
3233,17.2925,14.36,3.6266
3234,17.3614,11.043,3.2421
3235,17.4303,9.612,2.9412
3236,17.4992,9.964,2.2364
3237,17.5681,14.608,2.6457
3238,17.637,20.592,3.7984
3239,17.7059,24.826,4.0037
3240,17.7748,26.066,4.3512
3241,17.8437,20.635,3.7082
3242,17.9126,17.322,2.7135
3243,17.9815,10.633,2.2666
3244,18.0504,6.267,1.366
3245,18.1193,8.204,1.4463
3246,18.1881,10.032,2.2925
3247,18.257,12.412,2.179
3248,18.3259,14.386,2.5481
3249,18.3948,16.868,1.9517
3250,18.4637,15.549,2.1743
3251,18.5326,11.547,1.4632
3252,18.6015,9.453,1.433
3253,18.6704,7.64,1.31
3254,18.7393,5.3,1.2221
3255,18.8082,5.369,1.9821
3256,18.8771,4.515,1.7529
3257,18.946,5.152,1.752
3258,19.0149,6.252,1.7908
3259,19.0838,6.434,2.1307
3260,19.1527,8.043,2.0845
3261,19.2216,8.563,2.1761
3262,19.2905,11.347,2.881
3263,19.3594,10.483,2.9615
3264,19.4282,18.169,2.5745
3265,19.4971,26.541,2.1016
3266,19.566,34.275,2.5355
3267,19.6349,45.366,3.4026
3268,19.7038,48.49,4.3392
3269,19.7727,57.786,5.7257
3270,19.8416,54.117,6.6888
3271,19.9105,41.971,7.1855
3272,19.9794,31.68,6.5156
3273,20.0483,28.911,6.7803
3274,20.1172,27.591,6.9767
3275,20.1861,26.121,6.1408
3276,20.255,21.797,5.4242
3277,20.3239,20.993,3.4202
3278,20.3928,25.136,3.9022
3279,20.4617,27.487,3.3381
3280,20.5306,25.775,4.0043
3281,20.5995,21.699,3.7675
3282,20.6683,22.051,3.6477
3283,20.7372,23.076,3.3663
3284,20.8061,20.96,3.3986
3285,20.875,18.129,3.4071
3286,20.9439,15.556,3.013
3287,21.0128,17.351,3.2529
3288,21.0817,21.942,2.8323
3289,21.1506,23.91,3.2361
3290,21.2195,20.688,3.2384
3291,21.2884,20.399,2.7282
3292,21.3573,19.898,2.8696
3293,21.4262,22.312,2.5023
3294,21.4951,32.639,2.7989
3295,21.564,46.95,4.4122
3296,21.6329,60.882,5.1932
3297,21.7018,79.074,5.6999
3298,21.7707,109.745,5.9825
3299,21.8396,132.251,8.7532
3300,21.9084,107.297,8.7818
3301,21.9773,56.092,7.152
3302,22.0462,25.463,4.9092
3303,22.1151,18.002,3.3387
3304,22.184,12.279,2.8552
3305,22.2529,9.986,2.7261
3306,22.3218,10.921,2.4477
3307,22.3907,9.608,2.2079
3308,22.4596,9.228,2.2017
3309,22.5285,8.565,2.4158
3310,22.5974,7.492,3.0991
3311,22.6663,6.516,2.4328
3312,22.7352,6.244,2.3338
3313,22.8041,5.459,2.1865
3314,22.873,8.23,2.4192
3315,22.9419,7.002,2.1055
3316,23.0108,8.447,2.2937
3317,23.0797,10.599,2.5403
3318,23.1486,15.753,2.2645
3319,23.2174,22.695,2.5163
3320,23.2863,19.771,3.2696
3321,23.3552,20.246,3.1412
3322,23.4241,20.465,2.7002
3323,23.493,18.424,2.667
3324,23.5619,17.082,2.3298
3325,23.6308,18.464,2.9149
3326,23.6997,17.039,3.3432
3327,23.7686,13.677,3.7536
3328,23.8375,11.962,2.7861
3329,23.9064,9.124,2.5172
3330,23.9753,9.43,2.8849
3331,24.0442,8.325,2.3287
3332,24.1131,6.448,2.0904
3333,24.182,4.907,2.5637
3334,24.2509,3.969,1.5567
3335,24.3198,2.946,1.0435
3336,24.3887,3.853,0.8038
3337,24.4575,4.641,1.0624
3338,24.5264,5.232,1.5562
3339,24.5953,5.001,0.8357
3340,24.6642,5.104,1.2821
3341,24.7331,7.741,1.2052
3342,24.802,8.264,2.4044
3343,24.8709,5.749,2.215
3344,24.9398,7.271,2.4415
3345,25.0087,7.357,2.1712
3346,25.0776,6.579,1.5712
3347,25.1465,4.956,1.9163
3348,25.2154,7.224,2.0249
3349,25.2843,5.848,2.1684
3350,25.3532,6.094,1.8662
3351,25.4221,7.186,1.3739
3352,25.491,5.861,0.7247
3353,25.5599,6.111,0.4955
3354,25.6288,4.559,1.4088
3355,25.6976,5.183,1.2229
3356,25.7665,6.808,1.0357
3357,25.8354,5.006,1.2547
3358,25.9043,4.418,1.3181
3359,25.9732,3.542,0.9912
3360,26.0421,5.138,0.8711
3361,26.111,3.466,1.0765
3362,26.1799,5.231,0.8158
3363,26.2488,5.152,1.3668
3364,26.3177,5.686,2.0079
3365,26.3866,6.297,1.9639
3366,26.4555,4.768,1.3907
3367,26.5244,6.193,1.8108
3368,26.5933,5.606,2.2232
3369,26.6622,7.156,2.3826
3370,26.7311,9.92,2.0337
3371,26.8,14.058,2.6775
3372,26.8689,21.336,3.781
3373,26.9377,34.515,5.3807
3374,27.0066,49.751,7.6634
3375,27.0755,64.132,9.3135
3376,27.1444,68.321,9.3977
3377,27.2133,62.473,8.8467
3378,27.2822,49.275,7.9301
3379,27.3511,47.45,7.8427
3380,27.42,45.153,7.3284
3381,27.4889,43.777,7.0427
3382,27.5578,41.413,6.5611
3383,27.6267,39.121,6.2642
3384,27.6956,49.058,6.2087
3385,27.7645,49.649,6.0648
3386,27.8334,47.661,6.4933
3387,27.9023,46.202,5.1079
3388,27.9712,44.173,4.6199
3389,28.0401,39.009,4.9291
3390,28.109,36.519,3.9576
3391,28.1778,34.327,3.5592
3392,28.2467,32.436,3.2838
3393,28.3156,29.799,3.42
3394,28.3845,34.869,3.2243
3395,28.4534,43.099,4.6622
3396,28.5223,56.754,6.0656
3397,28.5912,74.761,7.316
3398,28.6601,89.929,9.3944
3399,28.729,95.78,9.1884
3400,28.7979,91.091,8.1069
3401,28.8668,76.933,6.5052
3402,28.9357,63.673,5.6048
3403,29.0046,44.29,4.5734
3404,29.0735,40.657,4.2007
3405,29.1424,39.709,3.5877
3406,29.2113,44.69,4.1129
3407,29.2802,36.108,3.3026
3408,29.3491,24.622,2.8259
3409,29.4179,17.219,2.8721
3410,29.4868,13.119,2.5081
3411,29.5557,9.083,2.5451
3412,29.6246,9.04,2.964
3413,29.6935,8.518,2.3614
3414,29.7624,7.942,2.1869
3415,29.8313,8.776,2.4038
3416,29.9002,7.086,1.9007
3417,29.9691,6.469,1.8065
3418,30.038,6.409,2.0544
3419,30.1069,5.363,1.9545
3420,30.1758,6.163,2.3271
3421,30.2447,6.741,2.8102
3422,30.3136,10.962,2.9809
3423,30.3825,11.798,3.1938
3424,30.4514,16.481,3.069
3425,30.5203,23.141,4.118
3426,30.5892,28.147,3.4821
3427,30.6581,30.328,3.6593
3428,30.7269,35.658,3.9166
3429,30.7958,27.623,4.029
3430,30.8647,23.441,4.2869
3431,30.9336,18.209,3.9639
3432,31.0025,16.62,2.9338
3433,31.0714,17.692,3.2625
3434,31.1403,18.485,3.1339
3435,31.2092,17.774,4.2576
3436,31.2781,16.501,4.3667
3437,31.347,16.986,4.1789
3438,31.4159,16.335,3.3504
3439,31.4848,12.046,2.4559
3440,31.5537,8.001,2.1905
3441,31.6226,6.925,2.8383
3442,31.6915,7.694,2.8866
3443,31.7604,12.247,2.2483
3444,31.8293,12.892,3.3272
3445,31.8982,12.213,2.3444
3446,31.967,11.096,2.4976
3447,32.0359,7.622,3.3747
3448,32.1048,7.603,2.6477
3449,32.1737,5.926,2.5483
3450,32.2426,4.652,2.3619
3451,32.3115,4.494,1.7782
3452,32.3804,5.582,1.5395
3453,32.4493,5.702,1.949
3454,32.5182,9.968,2.4174
3455,32.5871,14.024,2.4135
3456,32.656,12.798,2.042
3457,32.7249,7.51,2.1323
3458,32.7938,6.845,1.9737
3459,32.8627,7.07,1.3086
3460,32.9316,8.791,1.7915
3461,33.0005,12.304,1.5965
3462,33.0694,15.736,1.2974
3463,33.1383,22.625,1.6527
3464,33.2071,24.64,2.624
3465,33.276,19.233,2.4745
3466,33.3449,11.376,1.4821
3467,33.4138,5.729,1.3404
3468,33.4827,3.834,1.0445
3469,33.5516,4.312,1.6357
3470,33.6205,4.386,2.0999
3471,33.6894,5.304,2.0084
3472,33.7583,7.828,2.6409
3473,33.8272,12.772,2.3758
3474,33.8961,15.216,3.1051
3475,33.965,14.532,2.9637
3476,34.0339,15.84,3.4795
3477,34.1028,18.626,4.2684
3478,34.1717,22.084,4.6759
3479,34.2406,28.715,5.2984
3480,34.3095,34.922,6.7512
3481,34.3784,44.614,8.7645
3482,34.4472,59.483,10.2319
3483,34.5161,87.476,10.5498
3484,34.585,95.433,10.7653
3485,34.6539,79.218,9.344
3486,34.7228,72.924,10.6531
3487,34.7917,79.338,9.9201
3488,34.8606,66.277,10.5501
3489,34.9295,48.37,9.895
3490,34.9984,33.927,8.3474
3491,35.0673,30.664,6.011
3492,35.1362,31.238,4.692
3493,35.2051,27.209,3.9167
3494,35.274,25.778,3.3893
3495,35.3429,26.525,3.3785
3496,35.4118,27.113,3.5976
3497,35.4807,28.607,5.9504
3498,35.5496,32.489,5.7527
3499,35.6185,41.262,5.8866
3500,35.6873,56.701,7.099
3501,35.7562,60.677,8.4384
3502,35.8251,62.393,7.9308
3503,35.894,61.86,8.0508
3504,35.9629,54.867,7.554
3505,36.0318,47.223,6.7369
3506,36.1007,27.054,5.4749
3507,36.1696,18.263,4.96
3508,36.2385,12.84,3.4943
3509,36.3074,10.321,3.4499
3510,36.3763,11.413,2.9185
3511,36.4452,10.176,2.6401
3512,36.5141,10.36,2.4618
3513,36.583,7.054,2.7206
3514,36.6519,6.652,2.3673
3515,36.7208,8.619,2.2708
3516,36.7897,9.564,1.5931
3517,36.8586,11.21,2.1638
3518,36.9274,13.291,2.2787
3519,36.9963,17.338,2.5562
3520,37.0652,19.177,2.9452
3521,37.1341,17.342,3.7686
3522,37.203,18.046,2.074
3523,37.2719,12.114,1.8447
3524,37.3408,9.657,2.1078
3525,37.4097,7.61,1.686
3526,37.4786,6.534,1.8405
3527,37.5475,4.587,1.1126
3528,37.6164,7.158,1.4942
3529,37.6853,9.271,1.7819
3530,37.7542,11.261,1.699
3531,37.8231,10.308,1.6518
3532,37.892,10.823,2.0578
3533,37.9609,10.243,1.9841
3534,38.0298,11.067,2.1361
3535,38.0987,14.159,2.1538
3536,38.1675,16.995,2.2329
3537,38.2364,19.846,3.0814
3538,38.3053,19.196,2.8669
3539,38.3742,13.574,3.3836
3540,38.4431,10.399,2.7111
3541,38.512,6.783,2.4707
3542,38.5809,8.43,2.0487
3543,38.6498,9.373,2.06
3544,38.7187,8.922,1.4218
3545,38.7876,8.714,1.3402
3546,38.8565,11.62,1.6876
3547,38.9254,16.393,1.6866
3548,38.9943,24.444,2.3097
3549,39.0632,33.688,3.5878
3550,39.1321,36.854,4.3881
3551,39.201,33.718,4.5677
3552,39.2699,28.732,3.531
3553,39.3388,25.045,3.0094
3554,39.4076,22.628,2.8527
3555,39.4765,23.59,3.1985
3556,39.5454,23.671,4.2129
3557,39.6143,31.512,4.636
3558,39.6832,48.537,4.6597
3559,39.7521,56.409,5.9887
3560,39.821,41.513,7.3383
3561,39.8899,23.756,4.6174
3562,39.9588,14.768,3.5852
3563,40.0277,10.63,2.223
3564,40.0966,8.827,1.9028
3565,40.1655,10.9,2.6999
3566,40.2344,12.123,2.5547
3567,40.3033,12.235,1.9381
3568,40.3722,11.478,2.3677
3569,40.4411,9.338,2.9203
3570,40.51,8.431,1.8768
3571,40.5789,8.697,2.1076
3572,40.6478,6.308,2.1206
3573,40.7166,6.173,1.2351
3574,40.7855,5.259,1.4902
3575,40.8544,5.113,2.3727
3576,40.9233,2.983,1.3147
3577,40.9922,2.5,0.9232
3578,41.0611,3.358,1.4007
3579,41.13,3.145,1.1702
3580,41.1989,2.708,1.4432
3581,41.2678,2.845,1.8596
3582,41.3367,4.489,1.8738
3583,41.4056,5.363,1.4177
3584,41.4745,5.562,1.3785
3585,41.5434,4.704,1.4049
3586,41.6123,3.771,1.8693
3587,41.6812,4.822,2.1298
3588,41.7501,7.05,2.0992
3589,41.819,8.377,2.6596
3590,41.8879,11.186,1.956
3591,41.9567,10.233,1.9024
3592,42.0256,8.91,1.958
3593,42.0945,6.391,1.3962
3594,42.1634,3.887,1.1953
3595,42.2323,4.165,1.7729
3596,42.3012,3.943,2.504
3597,42.3701,2.857,1.9477
3598,42.439,2.214,1.6113
3599,42.5079,2.429,1.0697
3600,42.5768,2.982,1.3875
3601,42.6457,1.974,1.5679
3602,42.7146,2.775,1.3289
3603,42.7835,2.122,1.5054
3604,42.8524,3.084,2.007
3605,42.9213,2.946,2.0061
3606,42.9902,2.792,2.5505
3607,43.0591,2.69,2.1356
3608,43.128,2.65,1.7619
3609,43.1968,3.674,2.1313
3610,43.2657,2.979,2.1852
3611,43.3346,2.819,2.5122
3612,43.4035,4.537,2.0945
3613,43.4724,4.519,1.9208
3614,43.5413,3.597,1.802
3615,43.6102,4.449,1.9669
3616,43.6791,4.452,1.3962
3617,43.748,3.439,1.6855
3618,43.8169,3.692,1.5913
3619,43.8858,3.91,1.7886
3620,43.9547,4.552,1.7559
3621,44.0236,8.15,1.2907
3622,44.0925,11.123,1.4464
3623,44.1614,9.661,2.4715
3624,44.2303,13.048,2.6703
3625,44.2992,16.263,2.5097
3626,44.3681,24.13,2.7774
3627,44.437,31.549,4.1814
3628,44.5058,44.093,5.8453
3629,44.5747,52.239,5.6434
3630,44.6436,37.083,5.2349
3631,44.7125,25.955,4.2006
3632,44.7814,23.93,3.7105
3633,44.8503,23.379,3.9372
3634,44.9192,26.901,4.0881
3635,44.9881,30.475,5.7705
3636,45.057,33.773,5.861
3637,45.1259,27.632,4.2064
3638,45.1948,20.225,2.8848
3639,45.2637,12.93,1.4359
3640,45.3326,9.018,1.5841
3641,45.4015,7.852,2.0056
3642,45.4704,6.173,2.0034
3643,45.5393,7.191,1.6694
3644,45.6082,8.611,1.4465
3645,45.6771,8.687,2.4847
3646,45.7459,10.67,1.6304
3647,45.8148,12.456,1.3623
3648,45.8837,10.869,1.5667
3649,45.9526,9.19,1.5567
3650,46.0215,8.851,1.6128
3651,46.0904,10.198,1.4609
3652,46.1593,11.313,1.2356
3653,46.2282,12.045,1.1918
3654,46.2971,12.218,1.3409
3655,46.366,11.991,0.8097
3656,46.4349,12.973,0.4705
3657,46.5038,13.49,0.9916
3658,46.5727,11.602,1.5155
3659,46.6416,14.147,2.0671
3660,46.7105,10.727,2.5096
3661,46.7794,14.46,2.7915
3662,46.8483,15.054,2.3496
3663,46.9172,17.318,1.9027
3664,46.986,15.827,1.9988
3665,47.0549,12.235,2.2474
3666,47.1238,11.265,2.9673
3667,47.1927,13.491,2.6189
3668,47.2616,16.149,2.7137
3669,47.3305,16.742,2.7746
3670,47.3994,22.906,4.6293
3671,47.4683,29.522,5.1383
3672,47.5372,26.616,4.6885
3673,47.6061,23.437,4.1128
3674,47.675,25.651,4.1201
3675,47.7439,26.449,4.6307
3676,47.8128,30.016,4.8497
3677,47.8817,37.346,4.7358
3678,47.9506,49.455,5.2061
3679,48.0195,50.083,4.1929
3680,48.0884,51.857,3.1564
3681,48.1573,40.204,3.0087
3682,48.2261,24.688,3.3888
