X0,Y0,X1,Y1,X2,Y2,X3,Y3
0.0000,3.91069,0.0000,3.5017,0.0000,2.78361,0.0000,5.17965
0.0689,4.75035,0.0689,5.0507,0.0689,2.93215,0.0689,4.67270
0.1378,3.60574,0.1378,4.7335,0.1378,3.26240,0.1378,3.47763
0.2067,2.75287,0.2067,4.0597,0.2067,3.53309,0.2067,3.98275
0.2756,1.66932,0.2756,2.9488,0.2756,2.04298,0.2756,3.29145
0.3445,1.27077,0.3445,2.4743,0.3445,1.39862,0.3445,3.84896
0.4134,1.31992,0.4134,1.1281,0.4134,0.99889,0.4134,3.30096
0.4823,1.15437,0.4823,0.6982,0.4823,0.97911,0.4823,3.05181
0.5512,1.21311,0.5512,1.0774,0.5512,1.56859,0.5512,2.13316
0.6201,0.92798,0.6201,0.9593,0.6201,1.48452,0.6201,2.62718
0.6889,0.82156,0.6889,0.8484,0.6889,1.65326,0.6889,2.63087
0.7578,0.99859,0.7578,0.7566,0.7578,1.33895,0.7578,2.31152
0.8267,0.94702,0.8267,1.2407,0.8267,1.40494,0.8267,3.32585
0.8956,0.58936,0.8956,1.3361,0.8956,1.23398,0.8956,3.53568
0.9645,1.39234,0.9645,1.6518,0.9645,0.75182,0.9645,2.58233
1.0334,1.53844,1.0334,1.7176,1.0334,1.42644,1.0334,2.38515
1.1023,1.24752,1.1023,1.7515,1.1023,0.92313,1.1023,2.25592
1.1712,1.63174,1.1712,1.5611,1.1712,1.55054,1.1712,1.72489
1.2401,2.17358,1.2401,0.9356,1.2401,1.69129,1.2401,1.65911
1.3090,1.71611,1.3090,0.9590,1.3090,1.31247,1.3090,1.99844
1.3779,1.23657,1.3779,1.6457,1.3779,1.36164,1.3779,1.94875
1.4468,1.02143,1.4468,1.3053,1.4468,1.39783,1.4468,1.79188
1.5157,0.68037,1.5157,1.2705,1.5157,1.33862,1.5157,1.76131
1.5846,0.65526,1.5846,1.0122,1.5846,1.29501,1.5846,2.64987
1.6535,0.59249,1.6535,0.4920,1.6535,1.50444,1.6535,2.82106
1.7224,1.02550,1.7224,0.5554,1.7224,1.31214,1.7224,2.12467
1.7913,0.63277,1.7913,0.6028,1.7913,1.42386,1.7913,1.59291
1.8602,0.15435,1.8602,0.8966,1.8602,1.60261,1.8602,2.19001
1.9290,0.34616,1.9290,0.9513,1.9290,2.38505,1.9290,2.65122
1.9979,0.32733,1.9979,1.7285,1.9979,2.71237,1.9979,2.63658
2.0668,0.70994,2.0668,1.4499,2.0668,2.54918,2.0668,1.86042
2.1357,0.95164,2.1357,1.4798,2.1357,2.67799,2.1357,1.67505
2.2046,0.86806,2.2046,2.6318,2.2046,3.78680,2.2046,1.66656
2.2735,1.36375,2.2735,3.1519,2.2735,4.48253,2.2735,1.12549
2.3424,1.26900,2.3424,4.6841,2.3424,5.57744,2.3424,1.33196
2.4113,1.62871,2.4113,4.7585,2.4113,5.79520,2.4113,1.24428
2.4802,2.00566,2.4802,4.2037,2.4802,4.50076,2.4802,1.87919
2.5491,2.06641,2.5491,4.8019,2.5491,3.34500,2.5491,1.82451
2.6180,2.21071,2.6180,5.6047,2.6180,3.57113,2.6180,2.01759
2.6869,2.68663,2.6869,3.9697,2.6869,3.49696,2.6869,2.10691
2.7558,3.02498,2.7558,3.7649,2.7558,3.68392,2.7558,1.31534
2.8247,3.17360,2.8247,3.7487,2.8247,3.20365,2.8247,1.41668
2.8936,3.21407,2.8936,2.4845,2.8936,3.05496,2.8936,1.54876
2.9625,3.17503,2.9625,2.9188,2.9625,3.12711,2.9625,2.25644
3.0314,3.52901,3.0314,2.7757,3.0314,1.76304,3.0314,2.66119
3.1003,2.85959,3.1003,3.2449,3.1003,2.54387,3.1003,4.13624
3.1691,2.44845,3.1691,3.4357,3.1691,2.65808,3.1691,4.43483
3.2380,2.54056,3.2380,3.4555,3.2380,2.99139,3.2380,3.78620
3.3069,2.39562,3.3069,4.1354,3.3069,2.44080,3.3069,3.90612
3.3758,2.06942,3.3758,3.7437,3.3758,2.88473,3.3758,3.14402
3.4447,2.56810,3.4447,3.3253,3.4447,2.56911,3.4447,3.41612
3.5136,1.95537,3.5136,2.5929,3.5136,2.81724,3.5136,3.10994
3.5825,2.93834,3.5825,2.4601,3.5825,2.89485,3.5825,2.41083
3.6514,2.96981,3.6514,1.8538,3.6514,3.06842,3.6514,2.73094
3.7203,3.61592,3.7203,1.1638,3.7203,4.04566,3.7203,1.16920
3.7892,4.03652,3.7892,0.9361,3.7892,4.09191,3.7892,1.71888
3.8581,3.33152,3.8581,1.2383,3.8581,4.22578,3.8581,1.78224
3.9270,2.34488,3.9270,1.2795,3.9270,2.81715,3.9270,1.73371
3.9959,2.46452,3.9959,1.4840,3.9959,2.31416,3.9959,1.37093
4.0648,3.05271,4.0648,1.3457,4.0648,2.05484,4.0648,1.80473
4.1337,3.64124,4.1337,1.6870,4.1337,1.20409,4.1337,1.51850
4.2026,3.24803,4.2026,1.3546,4.2026,0.72732,4.2026,1.31941
4.2715,3.44119,4.2715,1.4622,4.2715,0.73797,4.2715,1.16355
4.3404,2.90614,4.3404,0.8607,4.3404,0.70392,4.3404,0.68889
4.4092,2.56219,4.4092,0.8952,4.4092,1.00727,4.4092,0.82644
4.4781,2.88288,4.4781,0.8691,4.4781,1.22958,4.4781,1.08609
4.5470,2.22524,4.5470,0.9550,4.5470,1.45440,4.5470,0.90259
4.6159,2.37535,4.6159,0.6138,4.6159,1.21728,4.6159,0.88363
4.6848,2.26964,4.6848,0.9295,4.6848,1.59441,4.6848,1.48316
4.7537,1.90162,4.7537,1.2088,4.7537,1.65179,4.7537,2.15084
4.8226,2.08092,4.8226,1.1300,4.8226,2.94383,4.8226,3.20481
4.8915,2.44607,4.8915,1.4871,4.8915,3.59826,4.8915,3.12378
4.9604,2.75828,4.9604,1.3569,4.9604,4.39014,4.9604,3.10601
5.0293,2.11180,5.0293,1.7146,5.0293,3.66728,5.0293,2.82517
5.0982,1.42565,5.0982,1.2424,5.0982,3.50202,5.0982,2.71058
5.1671,1.96304,5.1671,0.7982,5.1671,3.74798,5.1671,1.93158
5.2360,2.10919,5.2360,0.9704,5.2360,2.51576,5.2360,3.04512
5.3049,2.46823,5.3049,0.3975,5.3049,2.33050,5.3049,4.24783
5.3738,2.26991,5.3738,0.5731,5.3738,1.59160,5.3738,4.17022
5.4427,3.01553,5.4427,0.7023,5.4427,1.43664,5.4427,3.80847
5.5116,2.42585,5.5116,0.7108,5.5116,2.15811,5.5116,3.70615
5.5805,2.61186,5.5805,0.9623,5.5805,2.29793,5.5805,2.14615
5.6493,2.14804,5.6493,0.6743,5.6493,3.35607,5.6493,1.17669
5.7182,2.03094,5.7182,0.1925,5.7182,3.59783,5.7182,0.82577
5.7871,1.77477,5.7871,0.7034,5.7871,4.08764,5.7871,0.89414
5.8560,1.96849,5.8560,0.3117,5.8560,4.42738,5.8560,1.14418
5.9249,1.81759,5.9249,0.7946,5.9249,3.62341,5.9249,2.22803
5.9938,1.71180,5.9938,1.4540,5.9938,3.08944,5.9938,1.60148
6.0627,1.77211,6.0627,1.7313,6.0627,3.34413,6.0627,1.58020
6.1316,2.77568,6.1316,1.8356,6.1316,2.52108,6.1316,1.46486
6.2005,2.23427,6.2005,2.4137,6.2005,2.23444,6.2005,1.40848
6.2694,2.12954,6.2694,2.9877,6.2694,1.77107,6.2694,0.78820
6.3383,1.63665,6.3383,4.1193,6.3383,1.81700,6.3383,1.05566
6.4072,1.86223,6.4072,4.2797,6.4072,1.63396,6.4072,1.51901
6.4761,2.23502,6.4761,3.2977,6.4761,1.90047,6.4761,0.73833
6.5450,1.76159,6.5450,3.0094,6.5450,1.64593,6.5450,0.75184
6.6139,1.59408,6.6139,3.0057,6.6139,1.37632,6.6139,0.54393
6.6828,2.52545,6.6828,4.1429,6.6828,1.34633,6.6828,0.64124
6.7517,2.34213,6.7517,3.6058,6.7517,1.95910,6.7517,0.87625
6.8206,3.40432,6.8206,3.1515,6.8206,2.02626,6.8206,0.69451
6.8895,2.65241,6.8895,2.4509,6.8895,3.09620,6.8895,0.63731
6.9583,3.42125,6.9583,2.1296,6.9583,2.82137,6.9583,0.60252
7.0272,3.61864,7.0272,1.9158,7.0272,2.54951,7.0272,0.87019
7.0961,2.48969,7.0961,2.4848,7.0961,2.29054,7.0961,1.85179
7.1650,3.01367,7.1650,2.1288,7.1650,2.31255,7.1650,2.82044
7.2339,2.74430,7.2339,2.0643,7.2339,3.17094,7.2339,3.84814
7.3028,2.42092,7.3028,2.3838,7.3028,4.33272,7.3028,4.42644
7.3717,2.11330,7.3717,2.5942,7.3717,4.94277,7.3717,4.48403
7.4406,2.13079,7.4406,2.7917,7.4406,4.91471,7.4406,3.94967
7.5095,1.92296,7.5095,3.3875,7.5095,3.79648,7.5095,2.59778
7.5784,2.38601,7.5784,3.9538,7.5784,3.45728,7.5784,3.32768
7.6473,1.90881,7.6473,3.0659,7.6473,2.19300,7.6473,2.47354
7.7162,2.84234,7.7162,4.6865,7.7162,1.11095,7.7162,1.70960
7.7851,2.47556,7.7851,5.5600,7.7851,1.29154,7.7851,2.79935
7.8540,2.00511,7.8540,6.8578,7.8540,2.02052,7.8540,3.37120
7.9229,2.25722,7.9229,6.8562,7.9229,1.79561,7.9229,2.92673
7.9918,2.40355,7.9918,6.0894,7.9918,1.69205,7.9918,3.05110
8.0607,3.24140,8.0607,6.5167,8.0607,1.78332,8.0607,3.98203
8.1296,3.09463,8.1296,7.1957,8.1296,1.69727,8.1296,4.85476
8.1984,3.35402,8.1984,5.8965,8.1984,1.73375,8.1984,6.58550
8.2673,2.25853,8.2673,6.3326,8.2673,1.67495,8.2673,7.40347
8.3362,1.80512,8.3362,6.2370,8.3362,2.80850,8.3362,7.02910
8.4051,2.43067,8.4051,4.7368,8.4051,3.52285,8.4051,5.09746
8.4740,3.14295,8.4740,4.5040,8.4740,3.19398,8.4740,3.41467
8.5429,3.75272,8.5429,3.6748,8.5429,3.43820,8.5429,2.46566
8.6118,5.30012,8.6118,3.6874,8.6118,2.39032,8.6118,2.06524
8.6807,5.13125,8.6807,3.4518,8.6807,3.35276,8.6807,1.96094
8.7496,4.20364,8.7496,4.4376,8.7496,4.67908,8.7496,1.74161
8.8185,3.62174,8.8185,4.5213,8.8185,3.77712,8.8185,0.94009
8.8874,4.08314,8.8874,3.3069,8.8874,3.15515,8.8874,0.57694
8.9563,3.78784,8.9563,3.0957,8.9563,2.05300,8.9563,0.95192
9.0252,3.68259,9.0252,2.2853,9.0252,1.50799,9.0252,1.43697
9.0941,3.18207,9.0941,1.6928,9.0941,1.48489,9.0941,1.00091
9.1630,2.12458,9.1630,1.6307,9.1630,1.35272,9.1630,0.62416
9.2319,1.52581,9.2319,0.8656,9.2319,1.60280,9.2319,0.51006
9.3008,1.20538,9.3008,1.3319,9.3008,1.59184,9.3008,1.72389
9.3697,1.15096,9.3697,1.7787,9.3697,2.32418,9.3697,2.25234
9.4385,1.47533,9.4385,1.2362,9.4385,2.15322,9.4385,2.21917
9.5074,1.04070,9.5074,1.7991,9.5074,2.32803,9.5074,2.42945
9.5763,0.79606,9.5763,1.9648,9.5763,1.77525,9.5763,3.35831
9.6452,1.01757,9.6452,2.1004,9.6452,1.58624,9.6452,3.48211
9.7141,1.11472,9.7141,2.0490,9.7141,1.16946,9.7141,4.02769
9.7830,1.24594,9.7830,1.5593,9.7830,1.96046,9.7830,3.59656
9.8519,0.51744,9.8519,1.7438,9.8519,2.37158,9.8519,3.63556
9.9208,0.56042,9.9208,1.3423,9.9208,3.21119,9.9208,2.75403
9.9897,0.63052,9.9897,0.8799,9.9897,3.66492,9.9897,2.71555
10.0586,0.91647,10.0586,1.2339,10.0586,4.47451,10.0586,1.00962
10.1275,1.05300,10.1275,2.0303,10.1275,3.83030,10.1275,1.03650
10.1964,1.37057,10.1964,3.9939,10.1964,3.61808,10.1964,0.99854
10.2653,1.77480,10.2653,4.5197,10.2653,4.37342,10.2653,1.78382
10.3342,1.33339,10.3342,3.8523,10.3342,4.16194,10.3342,2.39904
10.4031,1.36999,10.4031,3.4726,10.4031,3.61136,10.4031,3.23288
10.4720,2.09234,10.4720,2.6038,10.4720,5.29042,10.4720,3.40097
10.5409,2.03014,10.5409,1.6306,10.5409,3.75839,10.5409,3.24811
10.6098,2.41262,10.6098,1.5319,10.6098,3.48301,10.6098,3.49620
10.6786,2.35049,10.6786,1.2575,10.6786,3.37243,10.6786,4.28502
10.7475,1.73669,10.7475,1.3164,10.7475,3.21239,10.7475,3.91862
10.8164,1.79273,10.8164,0.9268,10.8164,2.24084,10.8164,2.92095
10.8853,1.11956,10.8853,0.8574,10.8853,2.29030,10.8853,1.81444
10.9542,0.95633,10.9542,1.1421,10.9542,2.29399,10.9542,1.35707
11.0231,1.15517,11.0231,0.9454,11.0231,3.32856,11.0231,1.64089
11.0920,1.03759,11.0920,0.8285,11.0920,3.24262,11.0920,1.79629
11.1609,0.96809,11.1609,1.1771,11.1609,4.28236,11.1609,1.85715
11.2298,1.01201,11.2298,1.3485,11.2298,4.56065,11.2298,2.24786
11.2987,0.92100,11.2987,0.7610,11.2987,4.37399,11.2987,2.83298
11.3676,0.60747,11.3676,1.0984,11.3676,4.13245,11.3676,2.12811
11.4365,0.56944,11.4365,1.8364,11.4365,3.30090,11.4365,2.49523
11.5054,0.82289,11.5054,2.0800,11.5054,2.60451,11.5054,2.23392
11.5743,0.67340,11.5743,2.2565,11.5743,1.85791,11.5743,3.70415
11.6432,0.60341,11.6432,2.7797,11.6432,0.97130,11.6432,4.46800
11.7121,0.88464,11.7121,2.9104,11.7121,1.05966,11.7121,3.17301
11.7810,0.61125,11.7810,3.9358,11.7810,0.96107,11.7810,2.80637
11.8499,1.01506,11.8499,3.6123,11.8499,1.05498,11.8499,2.22581
11.9187,1.07881,11.9187,2.9251,11.9187,0.91752,11.9187,1.82835
11.9876,0.81609,11.9876,3.2114,11.9876,0.88727,11.9876,1.39763
12.0565,0.97723,12.0565,2.7148,12.0565,1.21757,12.0565,0.99719
12.1254,1.56780,12.1254,3.1002,12.1254,1.05465,12.1254,0.25672
12.1943,1.60591,12.1943,3.5288,12.1943,0.95217,12.1943,0.70658
12.2632,2.69319,12.2632,2.3311,12.2632,1.42130,12.2632,0.88142
12.3321,3.37566,12.3321,2.5494,12.3321,1.32678,12.3321,0.71833
12.4010,5.47093,12.4010,1.7828,12.4010,1.45524,12.4010,0.97245
12.4699,4.49230,12.4699,1.5974,12.4699,1.75604,12.4699,0.71013
12.5388,5.62919,12.5388,1.2850,12.5388,1.92867,12.5388,0.92918
12.6077,4.02358,12.6077,1.7258,12.6077,1.61318,12.6077,1.08846
12.6766,3.98652,12.6766,2.2525,12.6766,1.55174,12.6766,1.68052
12.7455,4.61714,12.7455,2.7169,12.7455,1.63702,12.7455,1.80954
12.8144,3.52828,12.8144,2.5498,12.8144,1.27362,12.8144,2.00979
12.8833,4.38094,12.8833,2.0199,12.8833,1.56353,12.8833,1.84012
12.9522,4.04054,12.9522,2.4735,12.9522,1.66530,12.9522,1.82811
13.0211,3.26262,13.0211,2.1299,13.0211,2.12720,13.0211,1.16139
13.0900,2.45626,13.0900,2.5110,13.0900,3.68563,13.0900,1.08030
13.1588,2.17371,13.1588,2.7198,13.1588,4.49777,13.1588,1.10713
13.2277,1.23212,13.2277,2.7875,13.2277,5.09782,13.2277,1.81761
13.2966,1.46798,13.2966,1.5018,13.2966,5.23724,13.2966,2.20879
13.3655,1.84232,13.3655,1.9366,13.3655,4.28875,13.3655,2.13114
13.4344,1.89633,13.4344,1.7838,13.4344,4.14888,13.4344,2.11282
13.5033,2.01770,13.5033,1.9524,13.5033,4.13533,13.5033,2.36484
13.5722,2.19629,13.5722,1.4422,13.5722,4.13299,13.5722,2.17926
13.6411,2.12731,13.6411,1.7441,13.6411,3.04720,13.6411,2.27739
13.7100,1.46735,13.7100,2.1878,13.7100,2.50328,13.7100,2.37900
13.7789,1.64940,13.7789,3.5461,13.7789,2.48428,13.7789,2.00582
13.8478,1.83710,13.8478,3.8410,13.8478,2.18110,13.8478,1.78603
13.9167,1.60627,13.9167,3.0045,13.9167,1.71219,13.9167,2.21030
13.9856,1.80046,13.9856,2.9795,13.9856,1.99639,13.9856,2.24561
14.0545,0.92081,14.0545,2.4227,14.0545,1.87366,14.0545,2.42113
14.1234,1.27641,14.1234,2.1187,14.1234,2.62922,14.1234,2.02687
14.1923,1.10371,14.1923,2.0672,14.1923,2.27537,14.1923,2.28020
14.2612,1.85035,14.2612,2.1907,14.2612,1.94240,14.2612,1.69214
14.3301,2.53619,14.3301,3.2345,14.3301,1.82165,14.3301,1.16338
14.3990,2.75258,14.3990,3.5862,14.3990,2.05508,14.3990,1.39412
14.4678,1.92992,14.4678,3.2272,14.4678,2.35576,14.4678,0.90171
14.5367,2.24140,14.5367,4.0330,14.5367,3.06231,14.5367,0.63186
14.6056,3.39974,14.6056,4.5824,14.6056,2.46865,14.6056,0.50097
14.6745,2.54553,14.6745,4.4357,14.6745,2.71960,14.6745,0.66981
14.7434,2.63908,14.7434,5.9607,14.7434,2.79150,14.7434,0.62649
14.8123,2.92262,14.8123,7.8701,14.8123,2.88569,14.8123,0.83717
14.8812,4.53316,14.8812,8.8461,14.8812,2.90382,14.8812,1.26982
14.9501,5.59925,14.9501,10.3446,14.9501,2.44456,14.9501,2.27518
15.0190,3.73177,15.0190,8.6128,15.0190,2.40837,15.0190,3.49726
15.0879,3.00734,15.0879,7.5586,15.0879,2.16368,15.0879,3.87418
15.1568,2.49808,15.1568,5.0606,15.1568,2.13753,15.1568,3.80073
15.2257,2.39003,15.2257,4.4549,15.2257,1.42848,15.2257,2.97126
15.2946,3.52270,15.2946,3.3117,15.2946,1.30412,15.2946,3.13050
15.3635,3.70378,15.3635,2.9856,15.3635,1.37258,15.3635,1.89072
15.4324,2.23764,15.4324,2.6885,15.4324,1.62274,15.4324,2.06044
15.5013,2.62717,15.5013,3.2518,15.5013,1.76713,15.5013,1.67578
15.5702,2.50117,15.5702,3.1303,15.5702,1.61059,15.5702,1.22988
15.6391,2.34823,15.6391,2.5859,15.6391,1.30811,15.6391,0.99524
15.7079,3.30431,15.7079,2.5990,15.7079,1.32826,15.7079,1.30333
15.7768,2.24882,15.7768,2.5029,15.7768,1.43964,15.7768,1.29498
15.8457,1.72425,15.8457,2.5301,15.8457,1.58708,15.8457,1.65520
15.9146,2.53193,15.9146,2.2678,15.9146,1.78134,15.9146,1.00328
15.9835,1.62864,15.9835,1.7893,15.9835,1.68332,15.9835,1.78618
16.0524,1.67014,16.0524,2.0107,16.0524,2.05257,16.0524,1.32064
16.1213,2.28493,16.1213,2.0940,16.1213,2.26497,16.1213,2.40241
16.1902,1.66183,16.1902,1.9265,16.1902,1.68289,16.1902,1.98144
16.2591,2.61379,16.2591,1.8018,16.2591,1.39552,16.2591,1.75253
16.3280,1.82305,16.3280,1.5237,16.3280,1.68545,16.3280,1.75100
16.3969,2.63525,16.3969,0.9382,16.3969,2.40352,16.3969,1.58586
16.4658,3.33485,16.4658,1.3106,16.4658,2.55692,16.4658,1.59687
16.5347,3.60194,16.5347,1.7470,16.5347,2.98765,16.5347,1.70820
16.6036,3.33106,16.6036,1.5680,16.6036,2.57588,16.6036,1.13681
16.6725,2.84136,16.6725,1.9746,16.6725,1.75453,16.6725,1.32729
16.7414,2.56504,16.7414,2.6744,16.7414,0.78789,16.7414,0.91444
16.8103,2.43866,16.8103,2.4516,16.8103,0.77621,16.8103,1.12339
16.8792,2.31851,16.8792,2.5329,16.8792,0.45236,16.8792,1.38252
16.9480,2.11953,16.9480,2.0304,16.9480,0.47183,16.9480,0.65703
17.0169,2.12774,17.0169,1.4047,17.0169,0.42130,17.0169,0.67315
17.0858,2.32448,17.0858,1.9144,17.0858,0.70482,17.0858,0.50896
17.1547,2.13625,17.1547,1.4903,17.1547,0.92718,17.1547,0.82898
17.2236,3.13549,17.2236,1.2014,17.2236,1.05601,17.2236,1.26941
17.2925,3.57311,17.2925,1.7033,17.2925,1.04544,17.2925,1.21820
17.3614,2.49835,17.3614,2.3615,17.3614,1.27850,17.3614,1.30434
17.4303,3.76304,17.4303,2.4093,17.4303,1.95558,17.4303,0.99874
17.4992,3.04292,17.4992,1.6115,17.4992,2.42533,17.4992,1.04093
17.5681,2.76188,17.5681,2.1388,17.5681,3.14794,17.5681,1.10855
17.6370,2.67785,17.6370,2.3703,17.6370,3.16419,17.6370,1.20454
17.7059,2.25785,17.7059,2.5913,17.7059,3.39996,17.7059,0.96771
17.7748,2.06231,17.7748,4.2439,17.7748,4.27308,17.7748,0.98915
17.8437,2.40352,17.8437,5.5637,17.8437,5.14882,17.8437,1.20361
17.9126,3.69551,17.9126,6.1823,17.9126,4.17097,17.9126,0.61314
17.9815,3.46241,17.9815,7.3047,17.9815,3.36303,17.9815,1.16049
18.0504,3.69605,18.0504,6.0555,18.0504,3.17280,18.0504,1.39786
18.1193,3.74070,18.1193,4.9668,18.1193,2.55998,18.1193,1.78622
18.1881,3.88834,18.1881,4.2652,18.1881,2.12743,18.1881,2.03526
18.2570,3.57284,18.2570,3.3959,18.2570,1.46965,18.2570,1.46361
18.3259,3.87076,18.3259,3.2745,18.3259,1.80268,18.3259,2.81572
18.3948,3.56046,18.3948,1.7671,18.3948,1.25567,18.3948,3.88327
18.4637,3.60685,18.4637,2.1132,18.4637,1.57638,18.4637,3.95131
18.5326,2.46977,18.5326,2.0916,18.5326,1.45998,18.5326,3.72101
18.6015,2.27115,18.6015,1.5435,18.6015,1.73464,18.6015,3.18459
18.6704,1.91989,18.6704,1.2911,18.6704,1.61782,18.6704,2.74095
18.7393,1.31013,18.7393,2.1289,18.7393,1.45565,18.7393,2.33165
18.8082,1.26221,18.8082,2.3513,18.8082,1.83740,18.8082,2.97535
18.8771,1.52984,18.8771,2.7106,18.8771,1.92894,18.8771,2.03225
18.9460,1.45362,18.9460,2.5086,18.9460,1.12751,18.9460,2.09018
19.0149,3.15801,19.0149,2.4109,19.0149,1.89014,19.0149,1.96432
19.0838,3.90352,19.0838,2.7217,19.0838,2.74781,19.0838,2.74192
19.1527,4.02083,19.1527,2.4945,19.1527,2.87076,19.1527,2.92699
19.2216,3.93950,19.2216,2.2575,19.2216,3.28741,19.2216,2.21057
19.2905,3.39677,19.2905,2.6910,19.2905,4.24336,19.2905,1.96614
19.3594,3.18944,19.3594,2.8531,19.3594,4.22182,19.3594,1.90606
19.4282,3.20654,19.4282,2.3865,19.4282,3.27942,19.4282,1.86020
19.4971,1.84277,19.4971,2.7580,19.4971,3.52866,19.4971,2.10708
19.5660,2.06832,19.5660,3.1683,19.5660,2.10464,19.5660,2.25848
19.6349,1.63174,19.6349,3.2788,19.6349,2.95413,19.6349,1.91190
19.7038,2.06401,19.7038,3.1353,19.7038,2.04289,19.7038,1.93222
19.7727,2.48932,19.7727,2.6474,19.7727,2.71826,19.7727,2.86739
19.8416,1.96003,19.8416,2.2548,19.8416,3.00208,19.8416,3.59589
19.9105,2.02921,19.9105,2.1938,19.9105,3.16039,19.9105,3.13302
19.9794,2.00415,19.9794,2.7979,19.9794,2.03265,19.9794,3.44053
20.0483,1.33952,20.0483,2.2470,20.0483,1.87725,20.0483,2.59286
20.1172,0.97025,20.1172,2.2740,20.1172,2.50524,20.1172,2.68583
20.1861,0.86008,20.1861,2.8302,20.1861,3.08328,20.1861,2.13664
20.2550,0.91214,20.2550,2.8719,20.2550,4.63556,20.2550,2.54768
20.3239,1.29564,20.3239,3.9939,20.3239,3.99348,20.3239,2.10300
20.3928,1.38028,20.3928,4.4706,20.3928,2.74321,20.3928,1.58371
20.4617,1.74914,20.4617,5.1696,20.4617,2.08691,20.4617,1.63556
20.5306,1.31105,20.5306,4.2211,20.5306,1.26598,20.5306,2.63058
20.5995,1.47000,20.5995,2.5900,20.5995,1.12002,20.5995,3.04554
20.6684,1.19683,20.6684,1.8214,20.6684,1.43730,20.6684,3.07386
20.7372,1.31837,20.7372,1.7093,20.7372,1.69817,20.7372,2.57526
20.8061,1.20451,20.8061,1.4033,20.8061,1.59287,20.8061,2.05124
20.8750,1.85001,20.8750,2.0234,20.8750,1.34547,20.8750,1.39050
20.9439,2.03590,20.9439,2.4031,20.9439,1.31150,20.9439,0.71412
21.0128,2.83066,21.0128,2.5166,21.0128,1.88971,21.0128,1.70279
21.0817,2.32917,21.0817,2.5495,21.0817,1.36461,21.0817,2.32263
21.1506,2.58101,21.1506,2.1930,21.1506,1.67634,21.1506,2.41385
21.2195,2.63721,21.2195,1.7357,21.2195,1.55640,21.2195,2.69705
21.2884,1.91764,21.2884,1.5021,21.2884,2.01322,21.2884,3.08304
21.3573,1.01577,21.3573,1.0611,21.3573,2.24647,21.3573,4.13139
21.4262,1.28995,21.4262,1.3902,21.4262,2.79680,21.4262,3.79993
21.4951,1.26427,21.4951,1.6304,21.4951,3.23612,21.4951,4.63309
21.5640,0.57488,21.5640,1.3870,21.5640,4.26177,21.5640,4.11439
21.6329,1.08516,21.6329,2.2466,21.6329,4.91058,21.6329,3.35464
21.7018,1.32434,21.7018,2.7330,21.7018,5.18842,21.7018,2.49710
21.7707,1.09284,21.7707,3.8306,21.7707,3.95515,21.7707,1.62834
21.8396,1.17941,21.8396,3.3977,21.8396,2.70107,21.8396,1.50461
21.9085,1.26950,21.9085,3.3056,21.9085,2.14390,21.9085,0.88730
21.9773,1.15175,21.9773,3.4745,21.9773,1.80604,21.9773,0.89423
22.0462,1.28744,22.0462,2.3772,22.0462,2.74800,22.0462,1.69709
22.1151,1.42805,22.1151,2.3650,22.1151,2.10934,22.1151,3.04566
22.1840,2.10554,22.1840,1.5051,22.1840,2.11090,22.1840,3.25269
22.2529,2.63314,22.2529,1.3595,22.2529,2.21312,22.2529,2.67934
22.3218,2.69019,22.3218,1.6294,22.3218,1.73221,22.3218,2.65691
22.3907,3.20010,22.3907,2.3997,22.3907,2.26239,22.3907,2.62397
22.4596,3.49521,22.4596,3.7265,22.4596,2.14476,22.4596,2.83467
22.5285,3.76186,22.5285,4.5097,22.5285,1.34768,22.5285,3.71301
22.5974,3.36936,22.5974,3.9683,22.5974,1.36759,22.5974,4.74419
22.6663,4.32684,22.6663,3.5489,22.6663,1.79883,22.6663,5.35704
22.7352,5.02240,22.7352,2.5482,22.7352,2.25387,22.7352,4.73883
22.8041,4.67025,22.8041,2.5118,22.8041,1.87106,22.8041,3.43986
22.8730,4.14517,22.8730,2.0743,22.8730,1.63287,22.8730,2.04301
22.9419,4.29944,22.9419,1.2713,22.9419,1.84501,22.9419,1.68399
23.0108,4.55971,23.0108,1.2703,23.0108,2.20884,23.0108,2.20905
23.0797,4.73626,23.0797,1.3916,23.0797,2.50874,23.0797,1.74812
23.1486,4.74936,23.1486,1.6640,23.1486,1.91917,23.1486,1.50744
23.2174,4.49198,23.2174,1.0388,23.2174,1.65244,23.2174,0.99485
23.2863,3.36252,23.2863,1.2413,23.2863,1.17510,23.2863,1.51210
23.3552,3.25669,23.3552,1.4263,23.3552,1.71665,23.3552,1.71403
23.4241,2.30239,23.4241,1.3467,23.4241,2.18739,23.4241,1.71355
23.4930,2.68214,23.4930,1.6311,23.4930,2.53235,23.4930,1.87172
23.5619,2.99909,23.5619,2.6055,23.5619,2.59111,23.5619,1.28442
23.6308,2.85930,23.6308,2.1235,23.6308,2.25947,23.6308,0.89577
23.6997,2.81851,23.6997,1.7736,23.6997,2.42096,23.6997,0.91578
23.7686,3.30479,23.7686,2.2018,23.7686,3.21025,23.7686,1.35935
23.8375,3.17961,23.8375,2.9868,23.8375,2.56517,23.8375,1.40533
23.9064,2.99501,23.9064,3.3283,23.9064,2.69707,23.9064,1.70304
23.9753,2.41764,23.9753,2.5157,23.9753,2.71590,23.9753,1.73056
24.0442,2.54228,24.0442,2.4506,24.0442,2.54875,24.0442,2.61218
24.1131,2.21853,24.1131,2.7869,24.1131,2.30797,24.1131,1.89116
24.1820,1.67296,24.1820,1.5618,24.1820,2.30332,24.1820,1.74733
24.2509,1.88016,24.2509,1.6695,24.2509,2.21025,24.2509,2.67362
24.3198,1.39481,24.3198,2.0255,24.3198,1.56388,24.3198,2.79865
24.3887,1.33865,24.3887,2.1873,24.3887,1.57390,24.3887,3.03265
24.4575,1.98716,24.4575,2.4777,24.4575,1.29745,24.4575,2.07742
24.5264,3.08903,24.5264,1.8816,24.5264,0.87418,24.5264,2.06363
24.5953,2.88253,24.5953,1.7235,24.5953,0.81581,24.5953,1.85569
24.6642,2.51183,24.6642,1.9333,24.6642,1.10383,24.6642,1.62111
24.7331,2.44633,24.7331,2.4423,24.7331,1.07954,24.7331,1.49955
24.8020,2.95397,24.8020,1.8694,24.8020,1.04388,24.8020,1.28686
24.8709,3.53487,24.8709,1.7237,24.8709,1.13686,24.8709,1.54589
24.9398,3.57958,24.9398,2.6286,24.9398,1.54955,24.9398,1.51543
25.0087,2.73393,25.0087,2.5323,25.0087,1.08828,25.0087,1.29994
25.0776,3.76601,25.0776,2.9714,25.0776,1.51129,25.0776,1.59539
25.1465,5.50970,25.1465,2.7970,25.1465,1.18103,25.1465,1.40855
25.2154,6.32558,25.2154,2.8846,25.2154,1.31702,25.2154,1.05594
25.2843,6.70770,25.2843,3.2435,25.2843,1.94976,25.2843,1.06180
25.3532,6.28290,25.3532,3.7720,25.3532,1.66733,25.3532,1.23090
25.4221,5.32833,25.4221,3.9299,25.4221,2.99403,25.4221,1.87962
25.4910,3.94039,25.4910,3.9509,25.4910,2.98032,25.4910,2.46229
25.5599,3.98524,25.5599,3.5522,25.5599,4.42451,25.5599,1.83647
25.6288,3.09171,25.6288,3.3295,25.6288,5.50048,25.6288,2.21122
25.6976,3.08351,25.6976,2.4878,25.6976,7.10719,25.6976,2.64963
25.7665,2.01093,25.7665,1.8936,25.7665,8.73577,25.7665,1.98512
25.8354,2.06525,25.8354,1.9461,25.8354,8.05591,25.8354,2.16388
25.9043,1.95354,25.9043,1.6054,25.9043,7.79110,25.9043,1.42569
25.9732,2.04946,25.9732,1.4733,25.9732,6.71866,25.9732,1.64956
26.0421,2.51187,26.0421,1.3152,26.0421,5.59149,26.0421,1.39126
26.1110,2.82704,26.1110,1.1271,26.1110,3.39594,26.1110,1.49975
26.1799,3.07556,26.1799,0.9956,26.1799,2.19136,26.1799,1.59305
26.2488,3.35930,26.2488,0.8027,26.2488,1.63108,26.2488,1.77440
26.3177,3.86151,26.3177,1.2857,26.3177,1.54107,26.3177,2.19993
26.3866,5.67480,26.3866,1.5237,26.3866,1.34540,26.3866,2.86505
26.4555,6.61972,26.4555,1.3075,26.4555,1.39731,26.4555,2.82345
26.5244,7.92088,26.5244,1.2222,26.5244,0.83386,26.5244,2.66151
26.5933,6.84975,26.5933,1.3207,26.5933,0.86911,26.5933,2.57351
26.6622,6.91043,26.6622,2.0373,26.6622,1.34872,26.6622,2.74685
26.7311,6.08049,26.7311,2.6879,26.7311,1.20241,26.7311,1.98874
26.8000,6.57180,26.8000,2.5173,26.8000,1.80639,26.8000,1.19205
26.8689,6.81654,26.8689,1.7822,26.8689,1.60948,26.8689,0.91595
26.9377,6.30487,26.9377,1.2104,26.9377,1.83982,26.9377,1.00869
27.0066,4.40232,27.0066,1.3121,27.0066,1.75949,27.0066,1.65908
27.0755,3.75433,27.0755,1.7737,27.0755,1.30145,27.0755,1.26201
27.1444,3.26238,27.1444,1.9070,27.1444,1.32667,27.1444,1.76435
27.2133,1.72356,27.2133,1.5019,27.2133,1.77543,27.2133,1.66477
27.2822,1.59553,27.2822,2.3709,27.2822,1.92074,27.2822,1.73233
27.3511,1.33820,27.3511,1.9305,27.3511,2.51980,27.3511,1.17306
27.4200,1.23862,27.4200,1.7509,27.4200,3.19053,27.4200,1.16523
27.4889,0.93653,27.4889,2.3223,27.4889,2.88772,27.4889,1.49249
27.5578,0.65921,27.5578,1.4700,27.5578,3.41665,27.5578,1.96768
27.6267,0.70787,27.6267,1.8696,27.6267,2.40726,27.6267,1.90587
27.6956,0.56329,27.6956,1.4890,27.6956,1.38464,27.6956,1.57104
27.7645,0.60625,27.7645,1.9018,27.7645,1.11822,27.7645,1.28587
27.8334,1.07937,27.8334,2.1891,27.8334,1.19478,27.8334,1.25111
27.9023,1.61801,27.9023,2.8692,27.9023,1.16241,27.9023,1.44155
27.9712,1.42251,27.9712,3.3545,27.9712,1.58206,27.9712,1.33538
28.0401,2.09191,28.0401,3.3462,28.0401,1.37948,28.0401,1.13522
28.1090,2.14313,28.1090,2.5642,28.1090,1.74163,28.1090,1.48415
28.1779,2.58447,28.1779,3.0124,28.1779,1.87688,28.1779,2.05995
28.2467,1.70143,28.2467,4.5263,28.2467,1.32867,28.2467,2.52652
28.3156,2.09713,28.3156,4.6570,28.3156,1.16039,28.3156,1.89910
28.3845,2.53788,28.3845,4.5618,28.3845,1.28751,28.3845,2.08898
28.4534,2.51506,28.4534,4.7672,28.4534,1.47061,28.4534,1.64234
28.5223,2.18978,28.5223,4.2535,28.5223,2.07506,28.5223,2.18549
28.5912,2.01404,28.5912,3.1449,28.5912,1.66710,28.5912,2.40574
28.6601,1.97206,28.6601,2.4040,28.6601,1.52950,28.6601,2.67191
28.7290,1.47896,28.7290,2.1863,28.7290,1.56846,28.7290,2.18623
28.7979,1.59918,28.7979,2.1034,28.7979,1.78896,28.7979,3.02079
28.8668,2.10886,28.8668,1.9055,28.8668,1.96065,28.8668,3.01238
28.9357,2.44772,28.9357,1.8576,28.9357,1.25298,28.9357,2.84011
29.0046,2.74494,29.0046,2.0222,29.0046,1.43646,29.0046,1.94488
29.0735,3.50103,29.0735,2.3445,29.0735,1.76709,29.0735,1.97790
29.1424,3.98622,29.1424,2.6591,29.1424,2.26252,29.1424,1.84391
29.2113,3.31063,29.2113,2.8358,29.2113,2.64543,29.2113,2.24343
29.2802,2.63509,29.2802,3.1859,29.2802,5.04030,29.2802,2.73768
29.3491,1.86452,29.3491,2.7255,29.3491,6.03310,29.3491,4.49388
29.4180,1.35376,29.4180,3.1891,29.4180,7.42189,29.4180,6.20286
29.4868,2.08158,29.4868,3.4055,29.4868,7.33450,29.4868,8.07553
29.5557,2.59469,29.5557,3.3533,29.5557,8.18493,29.5557,8.53086
29.6246,3.54400,29.6246,3.6959,29.6246,8.23922,29.6246,8.75511
29.6935,1.93688,29.6935,3.4869,29.6935,6.94510,29.6935,7.21107
29.7624,2.12739,29.7624,2.5897,29.7624,6.24862,29.7624,5.52759
29.8313,2.01061,29.8313,2.5844,29.8313,5.35099,29.8313,4.37210
29.9002,1.95142,29.9002,2.2599,29.9002,4.60758,29.9002,2.50290
29.9691,2.45773,29.9691,3.0673,29.9691,4.52099,29.9691,1.92641
30.0380,3.19737,30.0380,3.6541,30.0380,3.45892,30.0380,1.68077
30.1069,3.95602,30.1069,4.6157,30.1069,4.48412,30.1069,2.10283
30.1758,3.49683,30.1758,4.1616,30.1758,2.87012,30.1758,2.19188
30.2447,3.53862,30.2447,3.0955,30.2447,2.03746,30.2447,2.44659
30.3136,3.57184,30.3136,3.0041,30.3136,2.24381,30.3136,2.37240
30.3825,3.14711,30.3825,3.5247,30.3825,1.73599,30.3825,1.60922
30.4514,2.71143,30.4514,3.1071,30.4514,1.36673,30.4514,1.41374
30.5203,3.18240,30.5203,1.9046,30.5203,1.20582,30.5203,1.57930
30.5892,3.10925,30.5892,2.1129,30.5892,1.32655,30.5892,1.35570
30.6581,3.09143,30.6581,2.1187,30.6581,1.44395,30.6581,0.63632
30.7269,3.07615,30.7269,1.9722,30.7269,2.01458,30.7269,0.91804
30.7958,2.64983,30.7958,1.2319,30.7958,2.05618,30.7958,1.01487
30.8647,2.86398,30.8647,0.9725,30.8647,1.90304,30.8647,0.90152
30.9336,2.84087,30.9336,1.3837,30.9336,2.10695,30.9336,0.52935
31.0025,3.07134,31.0025,1.2702,31.0025,1.35230,31.0025,0.42188
31.0714,2.91671,31.0714,1.9136,31.0714,2.04022,31.0714,0.71034
31.1403,2.61642,31.1403,2.6759,31.1403,1.37945,31.1403,0.84477
31.2092,2.36723,31.2092,2.6523,31.2092,1.26868,31.2092,0.51874
31.2781,2.59953,31.2781,2.4173,31.2781,1.67342,31.2781,0.66784
31.3470,2.15755,31.3470,2.9350,31.3470,2.02957,31.3470,0.78077
31.4159,1.71631,31.4159,3.2511,31.4159,1.87076,31.4159,0.82179
31.4848,2.29807,31.4848,4.0069,31.4848,2.09648,31.4848,0.66545
31.5537,1.39541,31.5537,3.8629,31.5537,1.70042,31.5537,1.12131
31.6226,1.49387,31.6226,4.7713,31.6226,1.41762,31.6226,1.20210
31.6915,1.68929,31.6915,4.0057,31.6915,1.87383,31.6915,1.08215
31.7604,1.80075,31.7604,3.4188,31.7604,2.27116,31.7604,1.00007
31.8293,2.81551,31.8293,3.8729,31.8293,2.82897,31.8293,1.08805
31.8982,3.82118,31.8982,4.2356,31.8982,2.76201,31.8982,1.18486
31.9670,3.14269,31.9670,5.0140,31.9670,2.20683,31.9670,0.82399
32.0359,2.48622,32.0359,5.4838,32.0359,1.70673,32.0359,1.15019
32.1048,1.37591,32.1048,4.1547,32.1048,1.15028,32.1048,1.29487
32.1737,1.22561,32.1737,4.2044,32.1737,1.66668,32.1737,1.76949
32.2426,1.36873,32.2426,3.7754,32.2426,1.95229,32.2426,1.88804
32.3115,1.34892,32.3115,2.9949,32.3115,2.51248,32.3115,2.35522
32.3804,1.33278,32.3804,3.3778,32.3804,3.28219,32.3804,2.76527
32.4493,1.74474,32.4493,3.7346,32.4493,2.43601,32.4493,2.44893
32.5182,2.23897,32.5182,2.5553,32.5182,2.02899,32.5182,2.39753
32.5871,2.24536,32.5871,2.0316,32.5871,2.22835,32.5871,2.66976
32.6560,2.41735,32.6560,1.7605,32.6560,2.23802,32.6560,2.17647
32.7249,2.58818,32.7249,2.0220,32.7249,1.94855,32.7249,2.48802
32.7938,2.93729,32.7938,2.0611,32.7938,2.53563,32.7938,2.16573
32.8627,3.26810,32.8627,1.5846,32.8627,2.73937,32.8627,2.07706
32.9316,4.06220,32.9316,1.2830,32.9316,2.85401,32.9316,1.66840
33.0005,4.31883,33.0005,1.9175,33.0005,3.40508,33.0005,1.75551
33.0694,4.68964,33.0694,2.3302,33.0694,2.48316,33.0694,1.54697
33.1383,5.66664,33.1383,3.5706,33.1383,1.57281,33.1383,0.78159
33.2071,6.39387,33.2071,3.9774,33.2071,1.56567,33.2071,0.75484
33.2760,4.72917,33.2760,4.1456,33.2760,0.80283,33.2760,0.70482
33.3449,3.38018,33.3449,4.1563,33.3449,1.06430,33.3449,0.71173
33.4138,3.27901,33.4138,5.0721,33.4138,1.15068,33.4138,0.68034
33.4827,2.28564,33.4827,4.3842,33.4827,1.48151,33.4827,0.91242
33.5516,2.39832,33.5516,4.2659,33.5516,1.18012,33.5516,0.75347
33.6205,2.57398,33.6205,4.6714,33.6205,1.40526,33.6205,0.89963
33.6894,1.72058,33.6894,7.1524,33.6894,1.94733,33.6894,0.52852
33.7583,1.47660,33.7583,7.6359,33.7583,2.28415,33.7583,0.45016
33.8272,1.58031,33.8272,7.9151,33.8272,2.63638,33.8272,0.45118
33.8961,2.10547,33.8961,8.1163,33.8961,3.33915,33.8961,0.65449
33.9650,1.89050,33.9650,7.5561,33.9650,4.45765,33.9650,1.12690
34.0339,1.59386,34.0339,5.9732,34.0339,4.40043,34.0339,1.38026
34.1028,1.34790,34.1028,4.7083,34.1028,3.84730,34.1028,1.27437
34.1717,1.56319,34.1717,2.1700,34.1717,3.73742,34.1717,1.05753
34.2406,1.43477,34.2406,0.5892,34.2406,3.98011,34.2406,0.56187
34.3095,1.48977,34.3095,1.1517,34.3095,3.73583,34.3095,0.69831
34.3784,1.76718,34.3784,2.2013,34.3784,2.56176,34.3784,1.29089
34.4473,1.62958,34.4473,2.1663,34.4473,2.26455,34.4473,1.23142
34.5161,1.19890,34.5161,1.8500,34.5161,1.64312,34.5161,1.45235
34.5850,1.13384,34.5850,1.6979,34.5850,1.83546,34.5850,2.08199
34.6539,1.70500,34.6539,1.2993,34.6539,2.13795,34.6539,1.57833
34.7228,1.16401,34.7228,1.1482,34.7228,2.58705,34.7228,1.05119
34.7917,1.14371,34.7917,1.4707,34.7917,2.34627,34.7917,1.30093
34.8606,1.40624,34.8606,1.9198,34.8606,2.41660,34.8606,1.32025
34.9295,1.51602,34.9295,2.1751,34.9295,3.01603,34.9295,1.25906
34.9984,1.77344,34.9984,2.3014,34.9984,3.62051,34.9984,1.46744
35.0673,1.42564,35.0673,1.8265,35.0673,4.81863,35.0673,1.22090
35.1362,2.05296,35.1362,1.6962,35.1362,6.08853,35.1362,1.27490
35.2051,1.92065,35.2051,1.4878,35.2051,5.38821,35.2051,1.64734
35.2740,1.74894,35.2740,1.3124,35.2740,4.67546,35.2740,1.86349
35.3429,1.97523,35.3429,1.6073,35.3429,4.42903,35.3429,2.11231
35.4118,2.20660,35.4118,2.1357,35.4118,5.39644,35.4118,2.29762
35.4807,2.39839,35.4807,2.0694,35.4807,6.23852,35.4807,2.27104
35.5496,3.10668,35.5496,1.9883,35.5496,6.22983,35.5496,3.27316
35.6185,3.72177,35.6185,2.2335,35.6185,5.09602,35.6185,3.24244
35.6874,5.42034,35.6874,2.8569,35.6874,4.09625,35.6874,3.86653
35.7562,5.25034,35.7562,2.8090,35.7562,3.18940,35.7562,4.65609
35.8251,4.54748,35.8251,2.6887,35.8251,3.64998,35.8251,5.95018
35.8940,3.56163,35.8940,2.8710,35.8940,3.05343,35.8940,7.80785
35.9629,2.65443,35.9629,2.3136,35.9629,2.34123,35.9629,8.39505
36.0318,1.51478,36.0318,2.7811,36.0318,2.71505,36.0318,7.89728
36.1007,1.68264,36.1007,1.8709,36.1007,2.38587,36.1007,6.28416
36.1696,1.93469,36.1696,1.7467,36.1696,1.98274,36.1696,4.87338
36.2385,2.33693,36.2385,1.5842,36.2385,1.31479,36.2385,4.93299
36.3074,2.81566,36.3074,0.8381,36.3074,1.38117,36.3074,5.80915
36.3763,1.70745,36.3763,0.9547,36.3763,1.18991,36.3763,4.77953
36.4452,1.74217,36.4452,0.4454,36.4452,1.52502,36.4452,3.42117
36.5141,2.30661,36.5141,1.1253,36.5141,1.96632,36.5141,2.61052
36.5830,2.78098,36.5830,1.2333,36.5830,1.83738,36.5830,2.53846
36.6519,2.93623,36.6519,2.2281,36.6519,2.05912,36.6519,2.75093
36.7208,2.37726,36.7208,3.3997,36.7208,1.88563,36.7208,2.54414
36.7897,2.65779,36.7897,3.8224,36.7897,2.02473,36.7897,3.06824
36.8586,3.21763,36.8586,3.5336,36.8586,2.78910,36.8586,4.76725
36.9275,2.89044,36.9275,2.9857,36.9275,2.80919,36.9275,2.90506
36.9963,3.25008,36.9963,2.3038,36.9963,3.13780,36.9963,3.09734
37.0652,4.37320,37.0652,2.3919,37.0652,4.13300,37.0652,3.58008
37.1341,4.49244,37.1341,2.4398,37.1341,6.41657,37.1341,3.14810
37.2030,4.18776,37.2030,1.5636,37.2030,7.17127,37.2030,2.66955
37.2719,4.68243,37.2719,1.4851,37.2719,5.48594,37.2719,3.42567
37.3408,4.02860,37.3408,1.9674,37.3408,5.11219,37.3408,4.33655
37.4097,3.32921,37.4097,1.9043,37.4097,5.58100,37.4097,4.06289
37.4786,3.69873,37.4786,1.9330,37.4786,4.89438,37.4786,4.19713
37.5475,2.07681,37.5475,1.8292,37.5475,5.31251,37.5475,3.90565
37.6164,2.08082,37.6164,2.0991,37.6164,4.92654,37.6164,4.11331
37.6853,2.60480,37.6853,1.7001,37.6853,3.90276,37.6853,3.59113
37.7542,1.84980,37.7542,2.2651,37.7542,3.54993,37.7542,2.15323
37.8231,2.54539,37.8231,2.9712,37.8231,4.88055,37.8231,1.89499
37.8920,2.79793,37.8920,4.5472,37.8920,4.61552,37.8920,1.42000
37.9609,2.00618,37.9609,4.0571,37.9609,3.47554,37.9609,1.61032
38.0298,2.16772,38.0298,4.0505,38.0298,2.82330,38.0298,2.12206
38.0987,2.11573,38.0987,5.3845,38.0987,2.06364,38.0987,1.43396
38.1676,1.83617,38.1676,3.9082,38.1676,1.90712,38.1676,1.48699
38.2364,1.22465,38.2364,4.2066,38.2364,2.00888,38.2364,1.06788
38.3053,1.25900,38.3053,3.6375,38.3053,1.40696,38.3053,1.42110
38.3742,1.38686,38.3742,3.9058,38.3742,1.36596,38.3742,2.19917
38.4431,2.02746,38.4431,4.1930,38.4431,1.49316,38.4431,2.00624
38.5120,1.95877,,,38.5120,1.52570,38.5120,2.23548
38.5809,1.25160,,,38.5809,1.82372,38.5809,2.07275
38.6498,1.12901,,,38.6498,1.51204,38.6498,1.17863
38.7187,0.66864,,,38.7187,1.19785,38.7187,1.87932
38.7876,1.66604,,,38.7876,1.46095,38.7876,1.90843
38.8565,1.45705,,,38.8565,1.11043,38.8565,1.40722
38.9254,2.01391,,,38.9254,1.31295,38.9254,1.28642
38.9943,2.86321,,,38.9943,1.73572,38.9943,1.53905
39.0632,3.54708,,,39.0632,1.98038,39.0632,1.93128
39.1321,3.57299,,,39.1321,2.46395,39.1321,2.44279
39.2010,3.29955,,,39.2010,2.45032,39.2010,2.90225
39.2699,2.44885,,,39.2699,2.67026,39.2699,3.69563
39.3388,2.04163,,,39.3388,2.08722,39.3388,3.07705
39.4077,1.69530,,,39.4077,2.16147,39.4077,2.72629
39.4765,1.58981,,,39.4765,2.15879,39.4765,3.25128
39.5454,2.03694,,,39.5454,2.73491,39.5454,2.92417
39.6143,1.88963,,,39.6143,2.56452,39.6143,2.58160
39.6832,1.79911,,,39.6832,2.66011,39.6832,2.08137
39.7521,1.46527,,,39.7521,2.66028,39.7521,1.92037
39.8210,1.52050,,,39.8210,2.46989,39.8210,2.16641
39.8899,1.30527,,,39.8899,2.32322,39.8899,1.71474
39.9588,0.91718,,,39.9588,2.15649,39.9588,1.99762
40.0277,0.95882,,,40.0277,2.48937,40.0277,1.96110
40.0966,0.92709,,,40.0966,2.50275,40.0966,2.06938
40.1655,1.60313,,,40.1655,1.55056,40.1655,3.96524
40.2344,0.79284,,,40.2344,1.27258,40.2344,4.05125
40.3033,2.20588,,,40.3033,2.18814,40.3033,2.40082
40.3722,1.59037,,,40.3722,1.46829,40.3722,2.34372
40.4411,1.26827,,,40.4411,1.48701,40.4411,2.78239
40.5100,1.32268,,,40.5100,0.99966,40.5100,3.52294
40.5789,1.75708,,,40.5789,0.87509,40.5789,2.68718
40.6478,1.37008,,,40.6478,0.60080,40.6478,2.16167
40.7166,1.35175,,,40.7166,0.83045,40.7166,2.20430
40.7855,1.83398,,,40.7855,1.01143,40.7855,2.37613
40.8544,1.86343,,,40.8544,1.09717,40.8544,1.42399
40.9233,1.29180,,,40.9233,1.22965,40.9233,1.76879
40.9922,0.75395,,,40.9922,0.86731,40.9922,1.55488
41.0611,0.55825,,,41.0611,1.04012,41.0611,1.07759
41.1300,0.86459,,,41.1300,1.69430,41.1300,1.40005
41.1989,1.50095,,,41.1989,2.06508,41.1989,1.15452
41.2678,2.31940,,,41.2678,2.06258,41.2678,1.71590
41.3367,2.20258,,,41.3367,1.11361,41.3367,1.01221
41.4056,1.48203,,,41.4056,0.83578,41.4056,0.93802
41.4745,1.10512,,,41.4745,0.75242,41.4745,0.76068
41.5434,1.35828,,,41.5434,0.94079,41.5434,1.22876
41.6123,1.61948,,,41.6123,1.21521,41.6123,1.76316
41.6812,1.74191,,,41.6812,1.07138,41.6812,1.98030
41.7501,3.22112,,,41.7501,0.99875,41.7501,2.19657
41.8190,3.03480,,,41.8190,1.36531,41.8190,2.33164
41.8879,3.33611,,,41.8879,1.64082,41.8879,2.69756
41.9567,4.55032,,,41.9567,2.40180,41.9567,2.14117
42.0256,4.98397,,,42.0256,2.77248,42.0256,1.73137
42.0945,5.04920,,,42.0945,3.31315,42.0945,1.95841
42.1634,4.50404,,,42.1634,3.19066,42.1634,1.86750
42.2323,3.27285,,,42.2323,2.55770,42.2323,2.24818
42.3012,2.96986,,,42.3012,2.29474,42.3012,2.30293
42.3701,2.47609,,,42.3701,2.04467,42.3701,2.26919
42.4390,1.95348,,,42.4390,1.73040,42.4390,2.67881
42.5079,1.59673,,,42.5079,2.03081,42.5079,2.18333
42.5768,1.91734,,,42.5768,1.71987,42.5768,2.28324
42.6457,1.59106,,,42.6457,1.52460,42.6457,1.95242
42.7146,1.86408,,,42.7146,1.50941,42.7146,1.85860
42.7835,2.46857,,,42.7835,1.72326,42.7835,1.60792
42.8524,3.11878,,,42.8524,1.78614,42.8524,2.48303
42.9213,2.88391,,,42.9213,2.27967,42.9213,2.24123
42.9902,2.73184,,,42.9902,2.45726,42.9902,2.40533
43.0591,2.31691,,,43.0591,2.55675,43.0591,3.36414
43.1280,2.38324,,,43.1280,2.50481,43.1280,3.85533
43.1968,2.54402,,,43.1968,1.71733,43.1968,3.68454
43.2657,2.20191,,,43.2657,1.65153,43.2657,3.24895
43.3346,1.95908,,,43.3346,1.96230,43.3346,2.78624
43.4035,2.65825,,,43.4035,2.20206,43.4035,2.15572
43.4724,3.08677,,,43.4724,2.46568,43.4724,2.19898
43.5413,2.35971,,,43.5413,2.38147,43.5413,2.24229
43.6102,1.75864,,,43.6102,2.46070,43.6102,1.56462
43.6791,2.52796,,,43.6791,2.32368,43.6791,1.60544
43.7480,1.49867,,,43.7480,2.02164,43.7480,1.35103
43.8169,1.52499,,,43.8169,2.48965,43.8169,1.52719
43.8858,2.07854,,,43.8858,1.83212,43.8858,1.48052
43.9547,2.18710,,,43.9547,1.37533,43.9547,1.04006
44.0236,2.80238,,,44.0236,1.00130,44.0236,1.34905
44.0925,2.98063,,,44.0925,1.39127,44.0925,1.35744
44.1614,3.28167,,,44.1614,2.28566,44.1614,1.47699
44.2303,3.02427,,,44.2303,1.77128,44.2303,2.03211
44.2992,2.50066,,,44.2992,2.81925,44.2992,1.65173
44.3681,2.08725,,,44.3681,3.82048,44.3681,1.63110
44.4370,1.71635,,,44.4370,4.43207,44.4370,1.63057
44.5058,1.68271,,,44.5058,5.41214,44.5058,1.70406
44.5747,2.23782,,,44.5747,5.69607,44.5747,1.61791
44.6436,2.93071,,,,,44.6436,1.61957
44.7125,3.26881,,,,,44.7125,1.35114
44.7814,3.36649,,,,,44.7814,0.98527
44.8503,2.42028,,,,,44.8503,1.16439
44.9192,1.91436,,,,,44.9192,0.92448
44.9881,1.35124,,,,,44.9881,1.26819
45.0570,1.69605,,,,,45.0570,1.65974
45.1259,2.99385,,,,,45.1259,2.65373
45.1948,4.87351,,,,,45.1948,2.14619
45.2637,4.43816,,,,,45.2637,2.23985
45.3326,4.64832,,,,,45.3326,3.07607
45.4015,4.68459,,,,,45.4015,2.38257
45.4704,4.49739,,,,,45.4704,1.40155
45.5393,4.51845,,,,,45.5393,1.84334
45.6082,4.85249,,,,,45.6082,1.38276
45.6771,4.38220,,,,,45.6771,1.03206
45.7459,3.99502,,,,,45.7459,1.05264
45.8148,4.61711,,,,,45.8148,1.17091
45.8837,4.94829,,,,,45.8837,1.26815
45.9526,3.23539,,,,,45.9526,0.92436
46.0215,1.84360,,,,,46.0215,1.21807
46.0904,2.44705,,,,,46.0904,1.68858
46.1593,3.45497,,,,,46.1593,1.60811
46.2282,6.55051,,,,,46.2282,1.42203
46.2971,7.74703,,,,,46.2971,2.08025
46.3660,7.08259,,,,,46.3660,1.65904
46.4349,5.47006,,,,,46.4349,1.32153
46.5038,3.40283,,,,,46.5038,1.17822
46.5727,2.29405,,,,,46.5727,0.79195
46.6416,1.81525,,,,,46.6416,1.25894
46.7105,1.04965,,,,,46.7105,1.89751
46.7794,1.24063,,,,,46.7794,1.63639
46.8483,1.51539,,,,,46.8483,1.87393
46.9172,1.49013,,,,,46.9172,1.68591
46.9860,0.99927,,,,,46.9860,2.05197
47.0549,1.40553,,,,,47.0549,2.35758
47.1238,1.69244,,,,,47.1238,1.33879
47.1927,1.83734,,,,,47.1927,1.23250
47.2616,2.60544,,,,,47.2616,1.15675
47.3305,2.92833,,,,,47.3305,1.40933
47.3994,2.99621,,,,,47.3994,1.43728
47.4683,3.43525,,,,,47.4683,1.78308
47.5372,2.80441,,,,,47.5372,2.02267
47.6061,3.51420,,,,,47.6061,2.40889
47.6750,3.02397,,,,,47.6750,2.77764
47.7439,3.91682,,,,,47.7439,3.09969
47.8128,3.28873,,,,,47.8128,2.71835
47.8817,3.50185,,,,,47.8817,2.81986
47.9506,4.07759,,,,,47.9506,3.80949
48.0195,5.00258,,,,,48.0195,2.89979
48.0884,6.12012,,,,,48.0884,2.54586
48.1573,5.82222,,,,,48.1573,2.62535
48.2262,4.77182,,,,,48.2262,3.10549
48.2950,3.88061,,,,,48.2950,3.23920
48.3639,2.33530,,,,,48.3639,4.38930
48.4328,1.73494,,,,,48.4328,4.78500
,,,,,,48.5017,4.17204
,,,,,,48.5706,5.74469
,,,,,,48.6395,5.67620
,,,,,,48.7084,6.14047
,,,,,,48.7773,7.51749
,,,,,,48.8462,8.55989
,,,,,,48.9151,7.62562
,,,,,,48.9840,6.20168
,,,,,,49.0529,5.49354
,,,,,,49.1218,4.33226
,,,,,,49.1907,2.77959
,,,,,,49.2596,2.55782
,,,,,,49.3285,1.64343
,,,,,,49.3974,1.24337
,,,,,,49.4663,1.50297
,,,,,,49.5351,1.31019
,,,,,,49.6040,2.08838
,,,,,,49.6729,1.61436
,,,,,,49.7418,3.06797
,,,,,,49.8107,2.24103
,,,,,,49.8796,2.03872
,,,,,,49.9485,1.68684
,,,,,,50.0174,1.28361
,,,,,,50.0863,1.62473
,,,,,,50.1552,1.32786
,,,,,,50.2241,0.39189
,,,,,,50.2930,0.98106
,,,,,,50.3619,1.78946
,,,,,,50.4308,1.74127
,,,,,,50.4997,1.81227
,,,,,,50.5686,1.37045
,,,,,,50.6375,2.17433
,,,,,,50.7064,1.64940
,,,,,,50.7752,1.59617
,,,,,,50.8441,2.16535
,,,,,,50.9130,1.62641
,,,,,,50.9819,2.14560
,,,,,,51.0508,3.31308
,,,,,,51.1197,3.52203
,,,,,,51.1886,2.45059
,,,,,,51.2575,1.74991
,,,,,,51.3264,2.87561
,,,,,,51.3953,3.11780
,,,,,,51.4642,3.28899
,,,,,,51.5331,3.46149
,,,,,,51.6020,2.85212
,,,,,,51.6709,3.32849
,,,,,,51.7398,3.25100
,,,,,,51.8087,3.14577
,,,,,,51.8776,2.99701
,,,,,,51.9465,3.04097
,,,,,,52.0153,2.73229
,,,,,,52.0842,2.40414
,,,,,,52.1531,2.19183
,,,,,,52.2220,2.94365
,,,,,,52.2909,2.11254
,,,,,,52.3598,1.55067
,,,,,,52.4287,1.37404
,,,,,,52.4976,1.46071
,,,,,,52.5665,1.36074
,,,,,,52.6354,2.18957
,,,,,,52.7043,3.07071
,,,,,,52.7732,3.24769
,,,,,,52.8421,2.57581
,,,,,,52.9110,2.03796
,,,,,,52.9799,2.15076
,,,,,,53.0488,2.36859
,,,,,,53.1177,2.60700
,,,,,,53.1866,2.01858
,,,,,,53.2554,1.56972
,,,,,,53.3243,1.71450
,,,,,,53.3932,1.89348
,,,,,,53.4621,1.53012
,,,,,,53.5310,1.97936
,,,,,,53.5999,1.75683
,,,,,,53.6688,1.93060
,,,,,,53.7377,1.58926
,,,,,,53.8066,1.87097
,,,,,,53.8755,1.95458
,,,,,,53.9444,2.71139
,,,,,,54.0133,2.06389
,,,,,,54.0822,2.21458
,,,,,,54.1511,2.33194
,,,,,,54.2200,2.01333
,,,,,,54.2889,2.17171
,,,,,,54.3578,2.71975
,,,,,,54.4267,2.59912
,,,,,,54.4955,2.03101
,,,,,,54.5644,1.95363
,,,,,,54.6333,1.89581
,,,,,,54.7022,1.73888
,,,,,,54.7711,2.11405
,,,,,,54.8400,2.27118
,,,,,,54.9089,2.25877
,,,,,,54.9778,2.02522
,,,,,,55.0467,2.20727
,,,,,,55.1156,1.90484
,,,,,,55.1845,2.46052
,,,,,,55.2534,2.73538
,,,,,,55.3223,2.94038
,,,,,,55.3912,3.23362
,,,,,,55.4601,4.42783
,,,,,,55.5290,5.15359
,,,,,,55.5979,4.35898
,,,,,,55.6668,3.43395
,,,,,,55.7356,3.00606
,,,,,,55.8045,1.49566
