,position (um),Fat2 intensity,Abi intensity
0,0.0,49.1128,3.5902
1,0.0689,48.816,3.1387
2,0.1378,37.2775,4.4631
3,0.2067,19.2733,4.6273
4,0.2756,11.0135,4.0302
5,0.3445,9.3672,3.174
6,0.4134,7.8229,2.4647
7,0.4823,6.4537,1.7566
8,0.5512,3.5126,1.1448
9,0.6201,2.7167,1.7241
10,0.6889,2.5059,1.662
11,0.7578,3.0591,1.8352
12,0.8267,3.1502,2.2732
13,0.8956,4.102,2.4587
14,0.9645,4.8987,2.5379
15,1.0334,6.4004,2.6563
16,1.1023,11.1625,2.8092
17,1.1712,14.2233,4.0875
18,1.2401,15.4689,4.7807
19,1.309,19.538,4.2454
20,1.3779,20.1187,3.6433
21,1.4468,14.9593,2.9487
22,1.5157,14.9804,2.2154
23,1.5846,11.7866,2.1074
24,1.6535,11.0599,1.8276
25,1.7224,13.3352,1.6231
26,1.7913,14.2111,1.6815
27,1.8602,15.844,2.536
28,1.929,14.23,3.0871
29,1.9979,10.617,3.288
30,2.0668,11.087,3.0822
31,2.1357,11.5112,2.6561
32,2.2046,11.107,3.6246
33,2.2735,9.1644,3.3567
34,2.3424,8.0857,2.9939
35,2.4113,4.6339,1.7741
36,2.4802,4.424,2.0135
37,2.5491,4.5178,1.7496
38,2.618,6.3738,1.8245
39,2.6869,7.9335,2.5984
40,2.7558,8.5402,3.0337
41,2.8247,7.1376,2.9218
42,2.8936,6.956,2.3663
43,2.9625,6.086,1.9533
44,3.0314,5.0594,1.5591
45,3.1003,3.9634,1.961
46,3.1691,4.1907,1.9192
47,3.238,5.6466,2.4726
48,3.3069,6.6075,3.2069
49,3.3758,5.217,2.9088
50,3.4447,5.6056,2.8787
51,3.5136,3.8426,3.1085
52,3.5825,2.2094,1.5418
53,3.6514,2.684,1.5651
54,3.7203,3.1058,1.2797
55,3.7892,3.4501,1.0856
56,3.8581,5.6244,1.2602
57,3.927,4.6044,1.008
58,3.9959,4.7152,1.5812
59,4.0648,3.35,1.6559
60,4.1337,2.4364,2.0497
61,4.2026,2.1479,1.9335
62,4.2715,2.8303,2.1987
63,4.3404,6.3762,1.9962
64,4.4092,7.0288,1.844
65,4.4781,8.1493,2.2101
66,4.547,8.64,2.0083
67,4.6159,6.468,2.0812
68,4.6848,3.8498,2.0422
69,4.7537,1.9557,1.9684
70,4.8226,1.6293,1.6325
71,4.8915,2.8756,1.2425
72,4.9604,3.3993,1.0979
73,5.0293,6.4607,1.5731
74,5.0982,6.5863,1.4957
75,5.1671,7.1251,1.9688
76,5.236,11.2009,2.4333
77,5.3049,18.5893,2.995
78,5.3738,23.173,3.7406
79,5.4427,25.4902,4.4552
80,5.5116,26.8633,6.0587
81,5.5805,24.7477,7.1531
82,5.6493,29.1596,6.5727
83,5.7182,32.4321,5.3741
84,5.7871,33.1983,3.9618
85,5.856,26.6613,3.722
86,5.9249,14.7341,3.1926
87,5.9938,6.5518,1.7638
88,6.0627,4.0392,1.9193
89,6.1316,3.3123,1.632
90,6.2005,1.6812,2.2906
91,6.2694,0.8152,1.6978
92,6.3383,2.3423,2.1946
93,6.4072,2.0656,1.5501
94,6.4761,1.9772,0.9454
95,6.545,1.5619,0.9063
96,6.6139,1.1457,0.5716
97,6.6828,2.6949,0.5041
98,6.7517,1.6309,0.4992
99,6.8206,1.6682,1.3372
100,6.8894,1.7676,1.3618
101,6.9583,3.1905,1.3768
102,7.0272,4.3737,1.2624
103,7.0961,4.2693,1.3468
104,7.165,4.9957,1.8446
105,7.2339,7.1729,1.9554
106,7.3028,11.27,3.0797
107,7.3717,12.5401,2.7757
108,7.4406,9.1798,2.3678
109,7.5095,6.29,1.1381
110,7.5784,3.6408,1.0624
111,7.6473,2.9778,1.5205
112,7.7162,3.3645,1.3182
113,7.7851,5.7476,1.0259
114,7.854,8.0004,1.4852
115,7.9229,11.574,1.1667
116,7.9918,10.9678,1.415
117,8.0607,14.7303,2.3116
118,8.1296,27.5671,3.1436
119,8.1984,36.0781,3.8856
120,8.2673,39.2397,3.2575
121,8.3362,30.8449,3.4546
122,8.4051,21.3144,2.74
123,8.474,17.0933,2.0612
124,8.5429,14.4463,2.2583
125,8.6118,10.2434,1.8823
126,8.6807,8.0431,0.9478
127,8.7496,5.1715,1.3046
128,8.8185,5.7617,1.327
129,8.8874,8.3547,2.2301
130,8.9563,5.7084,1.9803
131,9.0252,6.4146,2.3629
132,9.0941,5.1143,1.958
133,9.163,7.4244,2.2888
134,9.2319,8.5745,1.6688
135,9.3008,6.4143,2.2264
136,9.3697,4.7567,1.3829
137,9.4385,2.0869,1.3708
138,9.5074,1.6786,0.9597
139,9.5763,1.4284,0.9923
140,9.6452,2.6396,1.1217
141,9.7141,3.3391,1.1042
142,9.783,7.1244,1.4224
143,9.8519,13.6946,2.1776
144,9.9208,14.1482,2.661
145,9.9897,10.6626,3.6597
146,10.0586,8.8602,3.9508
147,10.1275,5.8564,3.0029
148,10.1964,5.3667,3.812
149,10.2653,3.7125,2.482
150,10.3342,3.2322,1.6997
151,10.4031,2.7229,1.3842
152,10.472,2.0195,1.0167
153,10.5409,1.3875,1.1212
154,10.6098,2.0911,1.4792
155,10.6786,2.1103,1.5663
156,10.7475,2.2374,1.6939
157,10.8164,2.8722,1.2007
158,10.8853,3.7132,1.3114
159,10.9542,4.3056,1.9086
160,11.0231,5.4015,1.4179
161,11.092,6.2889,1.3014
162,11.1609,7.695,1.4713
163,11.2298,10.903,2.1103
164,11.2987,11.2697,2.1273
165,11.3676,14.2992,2.6125
166,11.4365,20.2981,2.5085
167,11.5054,24.0251,3.0172
168,11.5743,23.5975,3.1262
169,11.6432,15.668,3.4696
170,11.7121,7.7886,2.944
171,11.781,4.8018,2.652
172,11.8499,4.48,2.9145
173,11.9187,4.1696,2.7567
174,11.9876,3.4091,2.1046
175,12.0565,2.9232,2.0125
176,12.1254,2.71,1.5128
177,12.1943,4.0659,2.3465
178,12.2632,2.7697,2.35
179,12.3321,2.5982,2.0171
180,12.401,2.1435,1.3266
181,12.4699,1.5787,2.0746
182,12.5388,1.8815,2.2417
183,12.6077,2.676,2.3227
184,12.6766,4.2928,2.5528
185,12.7455,5.2937,2.3531
186,12.8144,4.6012,2.3847
187,12.8833,6.3673,2.5062
188,12.9522,6.6864,2.3026
189,13.0211,7.8053,2.4888
190,13.09,9.106,2.5836
191,13.1588,7.8979,2.0936
192,13.2277,6.8702,2.5276
193,13.2966,6.7178,1.7485
194,13.3655,6.3454,1.2395
195,13.4344,3.9746,1.2309
196,13.5033,2.9856,1.632
197,13.5722,2.3102,1.638
198,13.6411,2.6847,1.4564
199,13.71,2.6296,0.7265
200,13.7789,4.4222,0.6642
201,13.8478,1.4683,1.213
202,13.9167,2.0007,1.5879
203,13.9856,2.6264,1.173
204,14.0545,1.9434,1.0006
205,14.1234,2.6773,1.0985
206,14.1923,5.0607,1.3854
207,14.2612,6.5912,1.2215
208,14.3301,5.3963,1.8232
209,14.3989,5.4703,2.0183
210,14.4678,5.6787,1.1304
211,14.5367,3.8205,0.8547
212,14.6056,2.4292,0.7793
213,14.6745,1.9457,0.9627
214,14.7434,2.3707,1.1663
215,14.8123,1.7274,1.0981
216,14.8812,1.6953,0.98
217,14.9501,2.7441,0.7463
218,15.019,4.1036,1.0167
219,15.0879,4.9519,1.1324
220,15.1568,4.3791,1.272
221,15.2257,4.7559,1.1323
222,15.2946,8.2973,1.7519
223,15.3635,12.6848,2.4911
224,15.4324,22.2341,3.0509
225,15.5013,25.6865,3.729
226,15.5702,21.2362,3.2467
227,15.6391,9.9679,2.171
228,15.7079,4.6603,2.3381
229,15.7768,2.7781,1.3461
230,15.8457,5.0726,1.9943
231,15.9146,9.6141,3.0692
232,15.9835,18.431,3.4166
233,16.0524,21.6827,3.3676
234,16.1213,20.5079,3.23
235,16.1902,13.3542,2.0901
236,16.2591,7.3048,1.9189
237,16.328,4.7018,1.4538
238,16.3969,4.1659,1.3347
239,16.4658,6.2692,1.9459
240,16.5347,14.1671,2.5379
241,16.6036,19.1347,3.4159
242,16.6725,20.7393,3.6117
243,16.7414,17.3904,2.9715
244,16.8103,15.3286,1.8974
245,16.8792,13.9935,1.8343
246,16.948,13.0882,2.3719
247,17.0169,12.3704,1.6174
248,17.0858,12.1635,1.6429
249,17.1547,15.3261,1.9822
250,17.2236,11.1041,2.6434
251,17.2925,11.2195,2.4351
252,17.3614,10.9771,2.3316
253,17.4303,9.5254,1.5763
254,17.4992,10.1395,1.2412
255,17.5681,10.7101,1.2165
256,17.637,11.7126,1.3903
257,17.7059,10.3231,1.5809
258,17.7748,8.5545,1.8353
259,17.8437,7.5843,1.9178
260,17.9126,8.988,2.0166
261,17.9815,10.5572,2.4033
262,18.0504,9.3429,1.6127
263,18.1193,9.7235,1.9441
264,18.1881,9.7097,2.4726
265,18.257,10.0507,2.2174
266,18.3259,10.4381,2.1906
267,18.3948,10.8778,3.1972
268,18.4637,10.4964,2.7204
269,18.5326,11.1316,1.6551
270,18.6015,12.3932,1.7928
271,18.6704,11.0964,1.9131
272,18.7393,8.0089,2.2582
273,18.8082,6.086,2.4648
274,18.8771,5.0641,1.7225
275,18.946,3.6175,1.3119
276,19.0149,3.1305,1.2123
277,19.0838,2.7946,1.0932
278,19.1527,3.3177,1.4018
279,19.2216,4.5242,1.9723
280,19.2905,5.7363,1.9608
281,19.3594,9.2827,2.3787
282,19.4282,10.3311,3.0953
283,19.4971,9.2487,4.1171
284,19.566,7.9903,3.858
285,19.6349,7.4818,3.1615
286,19.7038,8.423,2.5585
287,19.7727,7.4308,3.2798
288,19.8416,5.0392,3.1728
289,19.9105,4.6602,3.0697
290,19.9794,6.0594,2.764
291,20.0483,7.1116,2.7434
292,20.1172,7.9701,2.6855
293,20.1861,8.2473,1.9682
294,20.255,8.4352,2.1238
295,20.3239,13.9698,2.5567
296,20.3928,20.5034,3.0226
297,20.4617,21.6685,3.7976
298,20.5306,26.979,4.0515
299,20.5995,28.0039,3.3694
300,20.6683,24.1169,3.2535
301,20.7372,23.3545,3.4271
302,20.8061,23.8555,2.8004
303,20.875,26.6428,2.4038
304,20.9439,25.3658,2.1585
305,21.0128,20.0688,1.2283
306,21.0817,11.7644,1.4136
307,21.1506,7.4637,1.2742
308,21.2195,5.9926,1.0306
309,21.2884,4.6745,1.166
310,21.3573,3.558,1.1794
311,21.4262,2.5984,0.7127
312,21.4951,2.8161,0.6234
313,21.564,3.3191,0.3946
314,21.6329,4.9789,0.5194
315,21.7018,4.3428,0.8588
316,21.7707,4.3068,0.7579
317,21.8396,5.1773,0.8241
318,21.9084,6.1136,1.0193
319,21.9773,7.6079,1.31
320,22.0462,11.609,1.9075
321,22.1151,12.6885,2.9234
322,22.184,9.2294,2.1433
323,22.2529,8.577,2.4054
324,22.3218,7.5035,3.2329
325,22.3907,9.381,3.323
326,22.4596,10.7947,3.6253
327,22.5285,11.3566,3.8143
328,22.5974,9.57,3.8656
329,22.6663,8.4848,4.2343
330,22.7352,10.6124,3.1187
331,22.8041,11.8324,3.7616
332,22.873,9.7465,2.8634
333,22.9419,7.2383,2.2171
334,23.0108,3.7258,2.3462
335,23.0797,2.8278,1.3553
336,23.1486,4.1914,1.0728
337,23.2174,5.0056,1.3681
338,23.2863,5.469,1.8569
339,23.3552,6.7292,2.838
340,23.4241,7.1028,3.107
341,23.493,6.5603,3.7343
342,23.5619,8.312,3.5809
343,23.6308,9.3996,3.0655
344,23.6997,12.8458,2.7783
345,23.7686,9.7529,2.6132
346,23.8375,7.4056,2.196
347,23.9064,5.2224,2.2215
348,23.9753,4.3384,2.6997
349,24.0442,2.943,1.8026
350,24.1131,2.7328,2.1899
351,24.182,4.0842,2.6242
352,24.2509,6.1969,3.1068
353,24.3198,5.8965,3.0217
354,24.3887,6.8019,3.012
355,24.4575,5.4364,3.2187
356,24.5264,6.0779,3.4524
357,24.5953,9.1786,3.4707
358,24.6642,9.862,3.8911
359,24.7331,8.2306,3.6159
360,24.802,6.5811,3.6826
361,24.8709,4.9423,2.3829
362,24.9398,3.6318,1.9415
363,25.0087,3.0792,1.9213
364,25.0776,1.8736,2.0972
365,25.1465,2.4567,2.1093
366,25.2154,2.9464,1.9067
367,25.2843,2.7996,2.0569
368,25.3532,3.6731,2.2304
369,25.4221,4.5682,3.4847
370,25.491,2.5187,4.1067
371,25.5599,2.73,4.1757
372,25.6288,4.0132,3.6936
373,25.6976,3.2698,2.4415
374,25.7665,3.0694,1.2254
375,25.8354,3.6578,1.3885
376,25.9043,4.3862,1.2869
377,25.9732,6.6029,1.2106
378,26.0421,8.7645,2.0575
379,26.111,8.5789,3.81
380,26.1799,6.2126,2.5017
381,26.2488,3.2836,2.247
382,26.3177,2.0327,1.6651
383,26.3866,2.652,2.1659
384,26.4555,3.2512,3.6421
385,26.5244,2.7615,4.0689
386,26.5933,3.5043,2.9979
387,26.6622,5.0329,2.6066
388,26.7311,5.5413,3.1474
389,26.8,4.7347,2.6054
390,26.8689,3.127,2.0179
391,26.9377,1.2371,2.0351
392,27.0066,1.8451,1.4106
393,27.0755,1.2408,1.2374
394,27.1444,1.3565,1.4199
395,27.2133,1.1148,1.3991
396,27.2822,1.1334,3.0555
397,27.3511,2.1442,1.8256
398,27.42,2.4379,1.584
399,27.4889,3.5638,1.7939
400,27.5578,3.2731,1.4815
401,27.6267,2.1002,1.7656
402,27.6956,1.8634,1.3035
403,27.7645,0.9922,2.2604
404,27.8334,1.0504,2.119
405,27.9023,1.0696,2.3163
406,27.9712,1.1744,1.993
407,28.0401,0.9958,1.7263
408,28.109,1.2007,1.6553
409,28.1778,2.2066,1.6507
410,28.2467,2.9829,1.0487
411,28.3156,3.6138,0.9387
412,28.3845,1.8023,1.4308
413,28.4534,0.9767,1.0057
414,28.5223,1.5492,0.6132
415,28.5912,2.0076,1.3486
416,28.6601,1.4748,1.9049
417,28.729,1.8241,2.7819
418,28.7979,3.3973,4.1284
419,28.8668,4.2942,4.0063
420,28.9357,4.5269,3.6753
421,29.0046,4.0228,3.3026
422,29.0735,2.3426,2.2843
423,29.1424,4.7345,1.8975
424,29.2113,8.0274,1.7601
425,29.2802,7.8573,1.4602
426,29.3491,7.4694,1.3525
427,29.4179,8.9497,1.5487
428,29.4868,8.8234,1.4162
429,29.5557,8.5473,1.345
430,29.6246,10.3691,1.3644
431,29.6935,10.0396,1.7874
432,29.7624,11.0434,2.7215
433,29.8313,10.711,3.2384
434,29.9002,7.9366,4.1214
435,29.9691,5.8287,3.8511
436,30.038,4.215,2.7995
437,30.1069,5.5697,2.0923
438,30.1758,5.9495,2.6638
439,30.2447,3.4276,2.3983
440,30.3136,3.979,2.0586
441,30.3825,3.7918,2.2765
442,30.4514,5.2856,2.6881
443,30.5203,6.5308,2.5431
444,30.5892,9.017,2.57
445,30.6581,7.3569,3.9141
446,30.7269,7.1351,4.034
447,30.7958,6.3126,5.3262
448,30.8647,5.574,4.8517
449,30.9336,3.2462,4.183
450,31.0025,4.2174,4.2057
451,31.0714,5.9786,3.8597
452,31.1403,4.6744,4.2041
453,31.2092,2.7206,3.1569
454,31.2781,3.2658,1.9164
455,31.347,2.868,1.8518
456,31.4159,2.5657,2.6495
457,31.4848,3.7804,2.4006
458,31.5537,7.5255,2.9367
459,31.6226,10.4864,3.1614
460,31.6915,11.4514,2.9695
461,31.7604,11.9868,2.0979
462,31.8293,8.7589,2.5146
463,31.8982,6.1864,2.2672
464,31.967,5.7157,2.4807
465,32.0359,6.3265,2.2593
466,32.1048,8.0434,2.1897
467,32.1737,8.5243,1.9592
468,32.2426,9.706,2.2216
469,32.3115,10.9066,2.7352
470,32.3804,12.501,2.9861
471,32.4493,15.1837,2.8508
472,32.5182,19.4228,2.5465
473,32.5871,24.2014,3.644
474,32.656,23.0018,3.0118
475,32.7249,21.1541,2.9679
476,32.7938,20.2864,2.5374
477,32.8627,18.3192,2.0292
478,32.9316,17.9811,2.0146
479,33.0005,19.7527,2.1246
480,33.0694,22.2913,2.2241
481,33.1383,17.4444,2.1792
482,33.2071,18.934,2.2229
483,33.276,13.438,2.4856
484,33.3449,11.4674,2.3591
485,33.4138,9.4512,2.4207
486,33.4827,7.7834,2.3776
487,33.5516,8.5684,2.4977
488,33.6205,7.0775,1.9804
489,33.6894,6.0291,1.9022
490,33.7583,5.108,1.9799
491,33.8272,3.9743,1.8259
492,33.8961,3.3597,1.9439
493,33.965,1.873,1.2502
494,34.0339,1.2689,1.6561
495,34.1028,3.085,1.9748
496,34.1717,2.603,1.5777
497,34.2406,1.6918,1.7981
498,34.3095,1.377,1.852
499,34.3784,1.6875,1.9339
500,34.4472,2.2111,1.5614
501,34.5161,2.2663,1.5294
502,34.585,3.2033,1.0201
503,34.6539,4.6641,1.0082
504,34.7228,5.2368,1.2998
505,34.7917,6.3704,1.5897
506,34.8606,8.7354,2.7029
507,34.9295,10.0323,3.1876
508,34.9984,11.1078,3.3204
509,35.0673,11.8556,3.3015
510,35.1362,11.9957,2.6666
511,35.2051,13.574,2.6011
512,35.274,14.1839,2.6877
513,35.3429,17.2609,2.9045
514,35.4118,17.742,2.7967
515,35.4807,17.3176,3.3147
516,35.5496,22.3307,4.3893
517,35.6185,22.9686,4.2003
518,35.6873,15.5014,3.5663
519,35.7562,9.4623,2.8921
520,35.8251,7.825,2.0817
521,35.894,7.4046,2.1246
522,35.9629,6.4762,1.9127
523,36.0318,6.8306,2.4507
524,36.1007,5.4049,2.3022
525,36.1696,4.8305,3.0977
526,36.2385,5.542,3.3068
527,36.3074,6.7274,3.5301
528,36.3763,9.7695,3.6697
529,36.4452,13.6275,3.7846
530,36.5141,13.8514,3.3661
531,36.583,11.1625,2.4279
532,36.6519,9.2924,3.0141
533,36.7208,9.0367,2.7004
534,36.7897,7.8573,2.6293
535,36.8586,5.0547,3.3068
536,36.9274,7.4489,4.0014
537,36.9963,12.8114,3.9344
538,37.0652,18.1115,3.6886
539,37.1341,22.1012,3.567
540,37.203,17.0808,3.7176
541,37.2719,12.2582,3.5963
542,37.3408,10.4058,3.1475
543,37.4097,9.8335,2.8349
544,37.4786,11.819,3.3064
545,37.5475,10.7155,4.0141
546,37.6164,9.3665,3.4259
547,37.6853,8.7078,3.3884
548,37.7542,6.0456,3.0989
549,37.8231,5.9127,3.1636
550,37.892,4.7916,2.1117
551,37.9609,5.0246,2.0479
552,38.0298,4.8458,2.6831
553,38.0987,6.5299,2.8077
554,38.1675,9.2961,3.2099
555,38.2364,10.5157,2.9295
556,38.3053,9.908,2.9558
557,38.3742,9.8001,2.7759
558,38.4431,9.7025,2.653
559,38.512,7.7851,2.1013
560,38.5809,6.5594,1.5446
561,38.6498,6.3256,1.7861
562,38.7187,9.0686,1.3018
563,38.7876,10.3637,1.6579
564,38.8565,11.0351,1.7311
565,38.9254,12.0719,1.9578
566,38.9943,11.5431,1.8365
567,39.0632,7.9851,2.2112
568,39.1321,5.6946,1.9999
569,39.201,3.8821,1.69
570,39.2699,3.5831,1.3323
571,39.3388,4.5469,1.6267
572,39.4076,3.5311,1.9987
573,39.4765,4.3188,2.0698
574,39.5454,3.537,1.6341
575,39.6143,4.0875,1.552
576,39.6832,4.1688,1.6473
577,39.7521,5.819,1.4333
578,39.821,6.4798,0.9913
579,39.8899,5.6038,1.2941
580,39.9588,3.1333,2.3214
581,40.0277,3.1448,2.9109
582,40.0966,6.4719,2.9271
583,40.1655,7.0304,3.1293
584,40.2344,4.3239,2.7258
585,40.3033,6.5048,3.491
586,40.3722,6.4406,3.9868
587,40.4411,4.9522,4.5995
588,40.51,7.9697,4.2705
589,40.5789,9.5958,4.486
590,40.6478,10.1348,3.379
591,40.7166,9.8471,4.3467
592,40.7855,15.0836,5.4459
593,40.8544,24.2297,5.2772
594,40.9233,29.641,5.4065
595,40.9922,26.6865,4.4778
596,41.0611,19.0016,4.8767
597,41.13,14.9052,4.055
598,41.1989,12.2284,4.0368
599,41.2678,18.1525,4.6809
600,41.3367,26.2311,3.7166
601,41.4056,21.9622,2.7121
602,41.4745,11.2988,1.7023
603,41.5434,4.4139,1.1041
604,41.6123,1.9213,1.4227
605,41.6812,1.4189,1.3827
606,41.7501,1.8984,1.3605
607,41.819,2.4011,1.8564
608,41.8879,2.4611,2.9088
609,41.9567,2.7381,3.0671
610,42.0256,1.8253,3.5593
611,42.0945,2.0653,4.0596
612,42.1634,2.6571,2.8546
613,42.2323,2.7184,1.9075
614,42.3012,3.4456,1.733
615,42.3701,2.7359,1.0488
616,42.439,2.7391,1.3991
617,42.5079,1.9994,1.6108
618,42.5768,1.1493,1.4252
619,42.6457,1.2494,1.3231
620,42.7146,1.3438,2.3419
621,42.7835,1.1048,3.0343
622,42.8524,0.7692,3.4025
623,42.9213,1.3289,3.2285
624,42.9902,0.5125,3.8051
625,43.0591,0.5363,3.3245
626,43.128,0.4544,3.1367
627,43.1968,1.5096,2.5119
628,43.2657,2.3343,2.4781
629,43.3346,5.1794,1.9289
630,43.4035,5.7011,1.6833
631,43.4724,3.4569,1.3765
632,43.5413,3.2345,1.1996
633,43.6102,3.4629,1.72
634,43.6791,3.6601,1.5866
635,43.748,2.7247,1.8101
636,43.8169,3.0486,1.4717
637,43.8858,2.1939,1.3367
638,43.9547,2.9524,1.8055
639,44.0236,2.7513,1.4609
640,44.0925,3.0341,1.2437
641,44.1614,3.5236,1.7088
642,44.2303,6.2221,2.7971
643,44.2992,8.195,2.2797
644,44.3681,8.8541,2.7223
645,44.437,11.1034,3.0076
646,44.5058,12.8531,3.9717
647,44.5747,16.754,4.1207
648,44.6436,19.6357,3.7975
649,44.7125,17.1036,3.6652
650,44.7814,16.859,3.4742
651,44.8503,17.4944,2.8102
652,44.9192,16.6733,1.7513
653,44.9881,16.878,1.5633
654,45.057,15.4539,1.5856
655,45.1259,11.0908,1.3103
656,45.1948,8.1788,1.6085
657,45.2637,5.1577,1.9104
658,45.3326,4.9641,2.466
659,45.4015,5.8856,1.7185
660,45.4704,6.4681,1.9976
661,45.5393,6.7543,2.0926
662,45.6082,9.0994,2.2354
663,45.6771,8.6476,2.1414
664,45.7459,9.6089,2.326
665,45.8148,10.6963,3.0356
666,45.8837,7.0123,4.0415
667,45.9526,8.421,2.6825
668,46.0215,9.6619,2.7129
669,46.0904,14.2806,2.2667
670,46.1593,12.596,3.3357
671,46.2282,14.6722,3.1566
672,46.2971,13.8437,3.7677
673,46.366,14.096,3.1153
674,46.4349,16.3796,4.651
675,46.5038,14.3226,5.2264
676,46.5727,12.3787,4.4757
677,46.6416,12.6376,3.6614
678,46.7105,7.8387,2.93
679,46.7794,6.3003,1.9442
680,46.8483,7.0524,1.5372
681,46.9172,8.0217,2.1609
682,46.986,9.5633,1.5863
683,47.0549,9.5917,0.9986
684,47.1238,6.4402,1.0298
685,47.1927,5.0941,1.3193
686,47.2616,5.7735,1.5959
687,47.3305,5.7736,1.8723
688,47.3994,6.0833,2.1047
689,47.4683,6.3986,1.7111
690,47.5372,7.9376,1.6949
691,47.6061,7.7022,1.5664
692,47.675,10.0521,2.0198
693,47.7439,13.9505,2.3291
694,47.8128,16.066,1.4619
695,47.8817,13.708,1.844
696,47.9506,10.3587,2.0419
697,48.0195,8.0025,2.2532
698,48.0884,6.0006,1.9044
699,48.1573,3.5114,1.7638
700,48.2261,2.528,1.2811
701,48.295,2.552,1.6427
702,48.3639,1.5105,1.744
703,48.4328,1.2884,1.4422
704,48.5017,2.3241,1.1821
705,48.5706,3.1846,1.0705
706,48.6395,4.7274,0.8683
707,48.7084,6.1645,1.3826
708,48.7773,5.9897,1.5408
709,48.8462,8.9194,1.3443
710,48.9151,14.0278,2.1332
711,48.984,17.8416,2.5503
712,49.0529,16.4461,2.4394
713,49.1218,12.4064,3.3631
714,49.1907,11.5661,3.7898
715,49.2596,10.6301,3.8406
716,49.3285,14.4141,4.3241
717,49.3974,22.958,6.216
718,49.4662,30.044,6.1978
719,49.5351,35.584,6.9533
720,49.604,43.5928,6.028
721,49.6729,45.1553,6.0446
722,49.7418,37.4401,4.6234
723,49.8107,25.2877,2.2062
724,49.8796,21.3169,2.4146
725,49.9485,20.3883,2.7444
726,50.0174,21.4543,1.9492
727,50.0863,15.6257,1.7696
728,50.1552,11.9183,1.3297
729,50.2241,11.4612,2.3381
730,50.293,16.3652,2.1407
731,50.3619,16.9993,3.2249
732,50.4308,16.618,3.9124
733,50.4997,15.1788,4.164
734,50.5686,12.2238,3.8687
735,50.6375,12.7223,3.7562
736,50.7063,11.5394,3.8355
737,50.7752,9.3868,3.7276
738,50.8441,8.8844,3.7922
739,50.913,12.4366,3.9516
740,50.9819,17.4313,3.9452
741,51.0508,18.6698,4.2854
742,51.1197,29.761,5.9143
743,51.1886,35.2705,5.9537
744,51.2575,38.7576,7.1679
745,51.3264,42.1491,6.8199
746,51.3953,45.8761,8.9079
747,51.4642,44.3533,10.4237
748,51.5331,38.4038,9.7314
749,51.602,29.7044,8.6756
750,51.6709,31.3326,9.0239
751,51.7398,34.875,7.6285
752,51.8087,30.6395,6.6879
753,51.8776,25.1476,5.9642
754,51.9464,17.2376,3.9902
755,52.0153,11.6617,3.0014
756,52.0842,9.8603,2.0679
757,52.1531,11.8322,1.2966
758,52.222,9.6992,1.4993
759,52.2909,8.1821,1.96
760,52.3598,6.5924,1.6474
761,52.4287,6.4223,1.6914
762,52.4976,11.2063,2.5789
763,52.5665,18.8694,2.3995
764,52.6354,23.2313,3.2496
765,52.7043,24.6776,3.0204
766,52.7732,18.3196,2.4578
767,52.8421,10.5854,2.787
768,52.911,6.8904,1.6438
769,52.9799,5.2231,1.3516
770,53.0488,7.0426,2.0503
771,53.1177,8.0184,2.0329
772,53.1866,7.6802,1.9876
773,53.2554,4.3415,2.3591
774,53.3243,4.516,2.4266
775,53.3932,3.0028,2.5604
776,53.4621,3.6333,3.5558
777,53.531,3.9425,3.7973
778,53.5999,4.8149,2.8965
779,53.6688,3.6055,1.6294
780,53.7377,2.9065,1.4586
781,53.8066,4.4599,2.1959
782,53.8755,8.4443,2.1404
783,53.9444,10.5292,2.9117
784,54.0133,7.5527,3.1335
785,54.0822,7.3841,2.6045
786,54.1511,5.2597,2.4286
787,54.22,6.2313,2.3331
788,54.2889,8.6431,2.7131
789,54.3578,10.4886,2.9468
790,54.4267,14.3765,3.0332
791,54.4955,20.2607,2.8895
792,54.5644,23.9883,2.0729
793,54.6333,24.266,2.391
794,54.7022,16.4981,1.9324
795,54.7711,8.7418,1.8142
796,54.84,5.2814,1.9351
797,54.9089,4.9669,3.0999
798,54.9778,5.0068,2.9283
799,55.0467,11.4721,2.7116
800,55.1156,12.524,2.1689
801,55.1845,12.0804,1.5244
802,55.2534,5.1341,1.7421
803,55.3223,4.0794,1.9965
804,55.3912,2.2194,1.5622
805,55.4601,0.8308,2.7212
806,55.529,1.3099,2.5181
807,55.5979,0.8948,2.9723
808,55.6668,2.1931,3.1819
809,55.7356,2.2821,3.5057
810,55.8045,2.6547,3.0033
811,55.8734,2.5441,2.9577
812,55.9423,1.593,1.896
813,56.0112,1.4971,1.9986
814,56.0801,1.6039,1.2301
815,56.149,2.2822,1.0762
816,56.2179,2.7088,1.3144
817,56.2868,2.5845,1.1392
818,56.3557,3.2974,1.1167
819,56.4246,4.3116,0.9197
820,56.4935,6.7521,1.1649
821,56.5624,7.3476,1.111
822,56.6313,5.0532,1.2073
823,56.7002,3.3797,1.7487
824,56.7691,1.6454,1.6062
825,56.838,1.4419,1.7749
826,56.9069,1.1635,2.2564
827,56.9757,0.9274,2.7327
828,57.0446,1.8088,2.1376
829,57.1135,1.9232,2.3032
830,57.1824,1.7227,2.2614
831,57.2513,3.4952,2.1182
832,57.3202,3.2539,1.7525
833,57.3891,1.8186,2.2755
834,57.458,1.69,2.0915
835,57.5269,1.5094,1.0746
836,57.5958,1.6051,1.2998
837,57.6647,0.9224,1.92
838,57.7336,1.8176,2.418
839,57.8025,0.7665,2.3259
840,57.8714,1.8031,2.0517
841,57.9403,0.8738,2.3083
842,58.0092,0.904,2.1995
843,58.0781,0.9088,2.3684
844,58.147,0.7256,2.2936
845,58.2159,0.8128,2.055
846,58.2847,0.7561,2.4223
847,58.3536,0.8901,1.6074
848,58.4225,1.2281,1.4275
849,58.4914,1.3524,2.3574
850,58.5603,1.3705,1.7097
851,58.6292,2.3091,1.8443
852,58.6981,1.7835,2.0286
853,58.767,1.7279,2.4772
854,58.8359,2.9205,2.7283
855,58.9048,4.8636,2.6766
856,58.9737,6.1752,3.2577
857,59.0426,5.9512,3.7631
858,59.1115,5.9914,3.3393
859,59.1804,6.1478,3.0998
860,59.2493,5.7309,2.5598
861,59.3182,5.9738,2.0567
862,59.3871,10.8737,2.0128
863,59.456,16.5918,3.3264
864,59.5248,21.1154,4.5213
865,59.5937,21.6049,4.2657
866,59.6626,21.9224,3.8492
867,59.7315,16.0112,4.0459
868,59.8004,13.0774,4.5001
869,59.8693,16.3628,5.1695
870,59.9382,20.2505,5.3136
871,60.0071,28.488,6.7592
872,0.0,11.0042,2.16145
873,0.0689,6.816,2.86916
874,0.1378,2.896,1.63415
875,0.2067,2.3601,1.71128
876,0.2756,1.7129,1.59614
877,0.3445,1.8625,1.21208
878,0.4134,1.7464,1.53181
879,0.4823,2.9895,1.28403
880,0.5512,6.1853,1.8431
881,0.6201,7.6001,2.24576
882,0.6889,7.1004,2.40484
883,0.7578,7.2809,2.53153
884,0.8267,8.0941,2.53546
885,0.8956,7.1558,2.19203
886,0.9645,10.5535,1.6687
887,1.0334,13.1053,2.50297
888,1.1023,11.0774,3.40062
889,1.1712,8.034,2.32234
890,1.2401,4.9054,1.77112
891,1.309,1.9669,2.0322
892,1.3779,2.8659,1.79996
893,1.4468,3.3945,1.35853
894,1.5157,5.1446,1.41431
895,1.5846,5.729,2.01047
896,1.6535,8.2203,2.4874
897,1.7224,8.8974,2.90222
898,1.7913,10.3436,2.2322
899,1.8602,8.9508,2.23051
900,1.929,5.7465,2.28977
901,1.9979,4.2702,2.0612
902,2.0668,4.181,2.51126
903,2.1357,4.2486,2.81297
904,2.2046,3.6889,2.48885
905,2.2735,3.5223,2.26946
906,2.3424,2.7294,2.15817
907,2.4113,8.1236,2.04182
908,2.4802,11.0313,2.64182
909,2.5491,15.1269,3.26456
910,2.618,13.917,2.83577
911,2.6869,9.0649,2.86997
912,2.7558,9.2128,3.33953
913,2.8247,13.1394,3.20318
914,2.8936,15.753,4.39992
915,2.9625,16.672,5.04059
916,3.0314,15.6216,4.86255
917,3.1003,15.2464,3.87647
918,3.1691,15.6914,3.23466
919,3.238,12.2477,3.00745
920,3.3069,7.5212,2.57491
921,3.3758,5.552,2.20693
922,3.4447,4.7111,2.20884
923,3.5136,5.1659,1.82543
924,3.5825,4.7786,2.17045
925,3.6514,3.2441,2.23507
926,3.7203,4.0432,1.80463
927,3.7892,2.873,2.64714
928,3.8581,2.5183,2.98471
929,3.927,2.2097,2.86899
930,3.9959,3.0108,2.80522
931,4.0648,4.6355,3.16202
932,4.1337,6.0249,3.4284
933,4.2026,6.238,3.37509
934,4.2715,6.6357,2.97599
935,4.3404,6.1049,2.42031
936,4.4092,3.511,1.6933
937,4.4781,2.4829,1.12713
938,4.547,1.679,0.7826
939,4.6159,1.4892,0.72874
940,4.6848,2.6605,1.10687
941,4.7537,4.4323,1.87233
942,4.8226,4.4894,1.69996
943,4.8915,7.6922,2.34842
944,4.9604,9.1972,2.28918
945,5.0293,6.9947,2.66507
946,5.0982,6.5772,2.44069
947,5.1671,4.0911,2.44675
948,5.236,3.6721,2.47379
949,5.3049,4.595,2.61283
950,5.3738,5.7708,3.094
951,5.4427,6.4301,3.84753
952,5.5116,7.9534,3.80022
953,5.5805,7.6115,3.23696
954,5.6493,10.1932,4.09242
955,5.7182,12.4027,4.76909
956,5.7871,14.4396,5.0332
957,5.856,15.0071,4.62765
958,5.9249,12.8381,3.98188
959,5.9938,10.2009,3.06965
960,6.0627,6.8424,2.09254
961,6.1316,4.6893,2.19634
962,6.2005,3.9968,2.15682
963,6.2694,2.9522,1.9491
964,6.3383,3.1037,2.1507
965,6.4072,3.068,1.50591
966,6.4761,1.7361,0.95359
967,6.545,1.8128,0.9962
968,6.6139,2.6135,1.00354
969,6.6828,1.8315,1.201
970,6.7517,3.2609,1.08733
971,6.8206,6.1133,1.82479
972,6.8894,7.6068,2.5075
973,6.9583,8.4653,3.25668
974,7.0272,9.7658,2.80237
975,7.0961,8.2816,3.18099
976,7.165,4.1821,2.73379
977,7.2339,3.0271,1.66618
978,7.3028,2.0105,1.58967
979,7.3717,1.5049,1.6353
980,7.4406,3.5597,1.92856
981,7.5095,3.0073,1.99407
982,7.5784,3.7085,2.29527
983,7.6473,3.5701,2.4842
984,7.7162,5.9355,2.16191
985,7.7851,11.188,2.53387
986,7.854,15.8206,2.94435
987,7.9229,15.2842,2.9621
988,7.9918,13.0827,3.71329
989,8.0607,9.6543,3.61445
990,8.1296,10.4263,3.11959
991,8.1984,6.993,2.60139
992,8.2673,9.6606,2.4422
993,8.3362,11.7163,3.09903
994,8.4051,13.9274,2.96156
995,8.474,11.9636,3.11147
996,8.5429,11.6042,3.37676
997,8.6118,7.1375,3.7127
998,8.6807,5.7136,2.49055
999,8.7496,4.5483,2.38125
1000,8.8185,5.1399,1.82722
1001,8.8874,4.1962,1.62179
1002,8.9563,4.0259,1.36882
1003,9.0252,7.4937,1.28731
1004,9.0941,10.7486,1.16715
1005,9.163,15.9377,1.32681
1006,9.2319,20.6147,2.54351
1007,9.3008,22.8561,3.06389
1008,9.3697,22.7632,3.97036
1009,9.4385,18.5415,3.94511
1010,9.5074,16.1006,3.59064
1011,9.5763,11.5838,3.29562
1012,9.6452,10.3943,3.17834
1013,9.7141,7.6001,3.37514
1014,9.783,7.5196,3.31959
1015,9.8519,8.1443,3.67535
1016,9.9208,9.041,2.91194
1017,9.9897,9.6023,2.38845
1018,10.0586,8.1401,2.50192
1019,10.1275,7.1944,2.61682
1020,10.1964,8.0178,2.75323
1021,10.2653,6.6126,2.42098
1022,10.3342,8.9595,2.22665
1023,10.4031,10.4211,3.25092
1024,10.472,14.2039,5.03727
1025,10.5409,22.1967,6.58336
1026,10.6098,30.2172,7.29251
1027,10.6786,41.9449,8.16213
1028,10.7475,52.7124,9.09639
1029,10.8164,54.0471,8.48183
1030,10.8853,42.9982,5.89146
1031,10.9542,29.4708,5.16761
1032,11.0231,14.1316,3.94
1033,11.092,7.6243,1.75492
1034,11.1609,4.8428,1.11764
1035,11.2298,3.6325,1.32238
1036,11.2987,4.3796,1.34078
1037,11.3676,8.2353,1.55932
1038,11.4365,8.5097,1.45974
1039,11.5054,6.9076,1.38486
1040,11.5743,8.1599,1.50729
1041,11.6432,4.8239,2.08217
1042,11.7121,3.603,1.17285
1043,11.781,2.7585,0.82006
1044,11.8499,4.0844,1.10033
1045,11.9187,7.1589,0.95847
1046,11.9876,6.7794,0.59817
1047,12.0565,7.9901,0.93825
1048,12.1254,13.0821,0.93891
1049,12.1943,12.764,1.49007
1050,12.2632,15.4219,1.42315
1051,12.3321,17.5412,2.18991
1052,12.401,18.0766,2.85646
1053,12.4699,18.0593,2.58855
1054,12.5388,18.2831,2.14541
1055,12.6077,13.5998,2.15446
1056,12.6766,8.7504,1.89707
1057,12.7455,6.2489,1.96715
1058,12.8144,5.6341,0.80748
1059,12.8833,3.9193,0.86373
1060,12.9522,4.1147,1.01535
1061,13.0211,4.6618,1.21276
1062,13.09,6.853,1.65218
1063,13.1588,9.6324,1.48274
1064,13.2277,10.1087,1.8802
1065,13.2966,13.3193,1.94439
1066,13.3655,17.4868,3.24868
1067,13.4344,19.8759,3.35361
1068,13.5033,24.1846,3.48727
1069,13.5722,21.4219,3.42629
1070,13.6411,17.6779,3.32995
1071,13.71,11.3492,2.0883
1072,13.7789,8.4571,2.91627
1073,13.8478,6.3535,2.40329
1074,13.9167,5.807,1.56825
1075,13.9856,3.6539,1.2189
1076,14.0545,2.4369,1.12348
1077,14.1234,1.8867,0.79561
1078,14.1923,3.0472,0.53895
1079,14.2612,2.8461,0.85038
1080,14.3301,6.0835,0.40264
1081,14.3989,6.8935,0.77222
1082,14.4678,6.4333,0.89034
1083,14.5367,7.0863,1.08018
1084,14.6056,4.7853,1.02346
1085,14.6745,4.3633,1.44473
1086,14.7434,4.9889,1.088
1087,14.8123,6.5905,1.1321
1088,14.8812,7.7572,1.44518
1089,14.9501,6.8696,1.55901
1090,15.019,5.4543,1.38443
1091,15.0879,4.7439,1.97236
1092,15.1568,4.5859,2.03636
1093,15.2257,5.7524,1.77011
1094,15.2946,7.1871,2.22701
1095,15.3635,7.4976,2.58457
1096,15.4324,9.5017,2.63553
1097,15.5013,13.9958,2.31972
1098,15.5702,14.7386,2.29295
1099,15.6391,15.5803,2.35531
1100,15.7079,13.8445,2.2095
1101,15.7768,9.8556,2.57515
1102,15.8457,14.0982,3.02121
1103,15.9146,18.0147,2.75053
1104,15.9835,20.3656,2.61609
1105,16.0524,16.2781,2.79537
1106,16.1213,9.9937,2.46558
1107,16.1902,5.9967,1.65227
1108,16.2591,4.1884,2.16385
1109,16.328,3.3222,1.85308
1110,16.3969,4.7188,2.43174
1111,16.4658,5.56,1.65087
1112,16.5347,8.1353,1.48352
1113,16.6036,10.0947,1.57368
1114,16.6725,14.3345,2.35775
1115,16.7414,17.5201,2.51669
1116,16.8103,21.8647,3.04802
1117,16.8792,20.8852,3.80512
1118,16.948,19.6961,3.1774
1119,17.0169,23.1182,2.28885
1120,17.0858,24.8632,2.47511
1121,17.1547,21.0835,2.24407
1122,17.2236,17.6556,2.08089
1123,17.2925,11.8164,1.85261
1124,17.3614,6.6596,1.7716
1125,17.4303,3.2845,1.28452
1126,17.4992,3.5056,1.48177
1127,17.5681,3.1206,1.52728
1128,17.637,3.9939,1.49069
1129,17.7059,2.8666,1.49938
1130,17.7748,4.2788,1.41486
1131,17.8437,4.3577,1.22772
1132,17.9126,6.261,1.19542
1133,17.9815,5.6974,1.53805
1134,18.0504,4.3645,1.41565
1135,18.1193,5.8795,1.14691
1136,18.1881,5.9359,1.10883
1137,18.257,6.569,1.22684
1138,18.3259,11.4461,1.40577
1139,18.3948,13.2466,1.51232
1140,18.4637,16.3945,2.28194
1141,18.5326,14.4818,2.85458
1142,18.6015,10.669,1.81845
1143,18.6704,6.3986,1.11262
1144,18.7393,2.3937,0.70243
1145,18.8082,2.153,0.6445
1146,18.8771,1.5283,1.4754
1147,18.946,1.4436,0.72635
1148,19.0149,2.2306,0.61301
1149,19.0838,2.8145,0.62356
1150,19.1527,2.4066,0.96307
1151,19.2216,2.0976,0.98393
1152,19.2905,2.4429,1.39208
1153,19.3594,2.1404,1.55275
1154,19.4282,2.7915,1.7685
1155,19.4971,3.7833,2.38223
1156,19.566,6.111,2.98241
1157,19.6349,7.2922,3.07502
1158,19.7038,8.6777,3.21255
1159,19.7727,14.3138,2.95482
1160,19.8416,16.6805,3.57773
1161,19.9105,16.0281,4.45203
1162,19.9794,10.5048,3.63088
1163,20.0483,6.467,2.89459
1164,20.1172,5.3482,3.16832
1165,20.1861,3.8881,1.82993
1166,20.255,4.1828,1.84874
1167,20.3239,5.2204,1.49062
1168,20.3928,5.6288,1.22408
1169,20.4617,4.6596,1.00199
1170,20.5306,3.5755,1.96069
1171,20.5995,3.5038,2.41225
1172,20.6683,4.2676,1.87745
1173,20.7372,8.6638,2.04673
1174,20.8061,12.0705,1.93122
1175,20.875,13.7108,1.9525
1176,20.9439,13.6976,2.00083
1177,21.0128,13.3021,1.61113
1178,21.0817,6.2778,1.84592
1179,21.1506,4.8746,1.59466
1180,21.2195,5.2184,2.09772
1181,21.2884,4.7011,2.11545
1182,21.3573,4.8467,1.96122
1183,21.4262,5.0621,1.25569
1184,21.4951,3.5624,1.66844
1185,21.564,2.0311,1.63496
1186,21.6329,1.0491,1.68759
1187,21.7018,1.2492,1.47045
1188,21.7707,2.1847,1.48548
1189,21.8396,2.203,0.99454
1190,21.9084,1.5109,1.74565
1191,21.9773,2.3127,1.22082
1192,22.0462,2.6587,0.97827
1193,22.1151,1.2075,0.96154
1194,22.184,1.7494,0.82678
1195,22.2529,2.2488,1.21404
1196,22.3218,2.2453,0.74938
1197,22.3907,3.4954,0.76096
1198,22.4596,5.0839,0.9067
1199,22.5285,4.7343,1.37748
1200,22.5974,6.3676,1.27283
1201,22.6663,6.9861,1.09942
1202,22.7352,6.45,1.45807
1203,22.8041,6.3362,1.51738
1204,22.873,8.3058,1.2863
1205,22.9419,9.7172,1.80334
1206,23.0108,10.8534,1.84473
1207,23.0797,11.0563,1.60027
1208,23.1486,9.4236,1.261
1209,23.2174,7.2005,1.15232
1210,23.2863,7.9059,1.07833
1211,23.3552,9.4147,0.98148
1212,23.4241,10.6775,1.0217
1213,23.493,9.69,1.05354
1214,23.5619,10.6093,1.02104
1215,23.6308,13.0254,0.96788
1216,23.6997,16.1031,1.28341
1217,23.7686,14.3315,0.91095
1218,23.8375,13.4747,1.0681
1219,23.9064,14.8974,1.95643
1220,23.9753,16.1954,3.28206
1221,24.0442,14.6804,3.59417
1222,24.1131,14.4408,3.21007
1223,24.182,10.4594,2.82705
1224,24.2509,8.5888,3.253
1225,24.3198,7.7672,3.49975
1226,24.3887,7.21,4.29715
1227,24.4575,10.2601,3.80899
1228,24.5264,15.1063,3.78756
1229,24.5953,17.7209,3.76699
1230,24.6642,18.5791,4.29716
1231,24.7331,15.5089,3.90247
1232,24.802,13.1328,3.5292
1233,24.8709,12.6134,3.64536
1234,24.9398,11.3635,2.98857
1235,25.0087,14.3036,3.32249
1236,25.0776,24.3025,4.24279
1237,25.1465,29.1788,3.70748
1238,25.2154,18.4661,3.58848
1239,25.2843,12.7742,3.9547
1240,25.3532,13.0239,4.66668
1241,25.4221,21.0241,7.02615
1242,25.491,27.9734,5.5683
1243,25.5599,26.9176,4.8092
1244,25.6288,20.0218,3.1111
1245,25.6976,12.19,2.41251
1246,25.7665,7.3324,1.85282
1247,25.8354,4.0799,2.57914
1248,25.9043,2.8056,3.00397
1249,25.9732,4.6804,3.30749
1250,26.0421,5.731,2.8736
1251,26.111,5.3098,2.45386
1252,26.1799,7.1454,2.33693
1253,26.2488,5.7731,1.4734
1254,26.3177,4.9947,1.17982
1255,26.3866,2.6121,1.15605
1256,26.4555,1.7105,0.87546
1257,26.5244,3.159,0.84734
1258,26.5933,3.5321,0.50571
1259,26.6622,3.0263,0.56202
1260,26.7311,4.6596,1.4106
1261,26.8,4.3812,1.87024
1262,26.8689,4.3648,1.62699
1263,26.9377,3.6844,1.47379
1264,27.0066,3.1827,1.88313
1265,27.0755,4.1769,1.92564
1266,27.1444,7.9778,1.89078
1267,27.2133,9.6075,2.24496
1268,27.2822,9.1973,3.40555
1269,27.3511,9.8729,3.48335
1270,27.42,7.1432,3.18596
1271,27.4889,7.8473,2.41539
1272,27.5578,12.1041,2.51478
1273,27.6267,13.5935,2.58657
1274,27.6956,17.9138,2.82493
1275,27.7645,18.2085,2.58052
1276,27.8334,10.63,2.95527
1277,27.9023,7.2324,2.54349
1278,27.9712,6.4931,1.82432
1279,28.0401,6.767,2.24257
1280,28.109,6.0026,1.51095
1281,28.1778,7.0528,1.70897
1282,28.2467,6.2965,2.82011
1283,28.3156,7.7117,2.83971
1284,28.3845,9.0443,2.05364
1285,28.4534,9.6634,1.96206
1286,28.5223,8.5222,2.17348
1287,28.5912,6.196,2.5468
1288,28.6601,5.8654,2.80482
1289,28.729,5.4929,3.46199
1290,28.7979,4.6924,2.92048
1291,28.8668,6.7746,2.49039
1292,28.9357,6.6264,1.90346
1293,29.0046,5.6461,1.68571
1294,29.0735,5.9077,1.33444
1295,29.1424,7.6383,1.6932
1296,29.2113,7.1654,1.60723
1297,29.2802,5.0553,1.38288
1298,29.3491,4.2306,1.10195
1299,29.4179,3.1301,0.73647
1300,29.4868,2.4876,0.78363
1301,29.5557,0.5529,0.4204
1302,29.6246,0.794,0.84718
1303,29.6935,2.8197,0.86239
1304,29.7624,4.8027,1.33282
1305,29.8313,3.5707,1.1726
1306,29.9002,2.5164,1.48792
1307,29.9691,2.2479,1.65388
1308,30.038,2.5235,1.49599
1309,30.1069,3.7537,2.04319
1310,30.1758,6.4346,2.36984
1311,30.2447,11.1898,3.04064
1312,30.3136,13.9148,2.96778
1313,30.3825,11.3223,2.48152
1314,30.4514,7.3049,1.84409
1315,30.5203,4.0315,1.41501
1316,30.5892,3.2364,0.88487
1317,30.6581,2.2147,1.21837
1318,30.7269,5.3633,1.68023
1319,30.7958,5.8076,2.68859
1320,30.8647,7.9609,2.481
1321,30.9336,10.2875,3.26912
1322,31.0025,9.0306,3.15042
1323,31.0714,11.0969,2.79902
1324,31.1403,9.3934,3.44969
1325,31.2092,11.063,3.7968
1326,31.2781,16.8069,3.46209
1744,0.0,14.5873,4.14542
1745,0.0689,16.2958,3.98332
1746,0.1378,17.5761,3.96291
1747,0.2067,18.7593,3.21009
1748,0.2756,21.2945,3.09557
1749,0.3445,24.5599,2.37524
1750,0.4134,31.8671,1.57084
1751,0.4823,42.034,2.58186
1752,0.5512,44.0099,3.25054
1753,0.6201,37.8999,3.93316
1754,0.6889,26.091,4.85351
1755,0.7578,20.2249,3.78336
1756,0.8267,15.9766,3.20675
1757,0.8956,9.9818,3.34541
1758,0.9645,5.5596,2.82742
1759,1.0334,4.6928,2.05883
1760,1.1023,4.4082,2.76801
1761,1.1712,3.6793,2.38347
1762,1.2401,4.5374,2.77713
1763,1.309,8.1513,3.63711
1764,1.3779,13.0568,3.87553
1765,1.4468,15.5338,4.07221
1766,1.5157,22.748,4.67359
1767,1.5846,22.3246,4.70629
1768,1.6535,19.684,3.19653
1769,1.7224,13.9322,2.92758
1770,1.7913,10.9301,2.27143
1771,1.8602,9.3169,2.20113
1772,1.929,10.9875,1.97807
1773,1.9979,9.407,1.62752
1774,2.0668,10.4823,1.98108
1775,2.1357,7.9664,2.42548
1776,2.2046,6.3993,1.94006
1777,2.2735,3.8151,1.95534
1778,2.3424,4.8646,1.17938
1779,2.4113,4.8106,1.58577
1780,2.4802,5.2123,1.30318
1781,2.5491,7.8583,1.48563
1782,2.618,7.395,1.8279
1783,2.6869,8.6669,1.84067
1784,2.7558,10.023,1.99291
1785,2.8247,14.2418,2.52524
1786,2.8936,18.2316,2.4894
1787,2.9625,19.2507,3.31997
1788,3.0314,19.5726,3.23739
1789,3.1003,13.4425,2.39503
1790,3.1691,14.099,2.50728
1791,3.238,15.0811,2.14281
1792,3.3069,14.2665,2.84036
1793,3.3758,14.7769,2.92417
1794,3.4447,13.4507,3.33005
1795,3.5136,9.6819,3.52101
1796,3.5825,8.5411,3.27751
1797,3.6514,5.0999,3.15062
1798,3.7203,3.7549,1.81388
1799,3.7892,6.4551,1.9225
1800,3.8581,9.6801,2.30301
1801,3.927,7.6163,1.83219
1802,3.9959,6.2038,1.91505
1803,4.0648,5.1005,1.29938
1804,4.1337,3.9909,1.22749
1805,4.2026,3.8632,1.3632
1806,4.2715,2.7286,1.73487
1807,4.3404,2.2748,1.30618
1808,4.4092,2.066,1.17823
1809,4.4781,0.9999,0.79614
1810,4.547,1.3476,0.83001
1811,4.6159,1.5698,0.99394
1812,4.6848,1.1533,1.33827
1813,4.7537,0.7357,1.72166
1814,4.8226,2.1151,1.75549
1815,4.8915,3.4914,2.03027
1816,4.9604,2.2094,1.74314
1817,5.0293,2.1451,1.97278
1818,5.0982,2.3313,1.64875
1819,5.1671,2.7935,1.52964
1820,5.236,2.5226,1.61129
1821,5.3049,2.4072,2.082
1822,5.3738,2.0546,0.93363
1823,5.4427,2.4231,0.78914
1824,5.5116,1.4826,0.97357
1825,5.5805,1.3911,1.72247
1826,5.6493,2.9198,2.28448
1827,5.7182,3.9828,3.22493
1828,5.7871,6.4738,3.4057
1829,5.856,10.7886,3.19571
1830,5.9249,10.9985,2.52925
1831,5.9938,9.3098,2.12293
1832,6.0627,7.3736,1.82846
1833,6.1316,5.0739,2.09769
1834,6.2005,3.8226,2.2409
1835,6.2694,5.3643,2.45709
1836,6.3383,8.2367,2.25966
1837,6.4072,7.385,1.79457
1838,6.4761,6.4394,2.51122
1839,6.545,9.2174,2.86057
1840,6.6139,14.7414,4.24239
1841,6.6828,24.7536,4.52835
1842,6.7517,26.7589,4.83935
1843,6.8206,23.8899,4.42849
1844,6.8894,16.4363,3.20316
1845,6.9583,12.257,2.58138
1846,7.0272,9.2054,2.511
1847,7.0961,8.8865,4.34003
1848,7.165,8.2537,5.08111
1849,7.2339,7.1025,5.64011
1850,7.3028,7.3137,4.71404
1851,7.3717,6.4733,4.27454
1852,7.4406,4.6839,4.09479
1853,7.5095,3.762,2.92478
1854,7.5784,2.6196,2.16677
1855,7.6473,1.7282,1.73095
1856,7.7162,2.2591,2.08539
1857,7.7851,1.6159,1.71729
1858,7.854,0.9266,1.49751
1859,7.9229,1.4218,1.38421
1860,7.9918,0.9539,1.29672
1861,8.0607,1.5303,1.20806
1862,8.1296,1.1079,1.18866
1863,8.1984,1.6988,0.8547
1864,8.2673,0.8749,1.05715
1865,8.3362,1.6494,0.88254
1866,8.4051,1.1414,0.75464
1867,8.474,1.2609,0.87021
1868,8.5429,2.6073,1.13695
1869,8.6118,1.9847,1.28937
1870,8.6807,1.8887,2.12816
1871,8.7496,1.9073,1.73838
1872,8.8185,3.2546,2.58439
1873,8.8874,4.1155,2.72742
1874,8.9563,4.3484,3.35428
1875,9.0252,7.6114,3.02555
1876,9.0941,10.4062,2.74345
1877,9.163,14.2663,3.86858
1878,9.2319,18.1461,5.64492
1879,9.3008,18.992,5.95791
1880,9.3697,23.4298,6.08368
1881,9.4385,19.0875,4.7826
1882,9.5074,12.8562,4.5017
1883,9.5763,10.4199,3.97027
1884,9.6452,7.3738,3.7715
1885,9.7141,5.9614,3.24458
1886,9.783,6.1986,2.98052
1887,9.8519,6.1675,3.36626
1888,9.9208,6.4328,2.73239
1889,9.9897,5.9933,2.44939
1890,10.0586,4.9803,2.45307
1891,10.1275,6.5702,3.06766
1892,10.1964,6.1574,3.01292
1893,10.2653,5.6784,2.42536
1894,10.3342,3.8671,2.40174
1895,10.4031,5.2068,1.59473
1896,10.472,7.4183,1.50994
1897,10.5409,9.4362,2.66603
1898,10.6098,9.5386,2.55107
1899,10.6786,13.8399,2.66487
1900,10.7475,17.8214,3.76628
1901,10.8164,22.4391,4.89339
1902,10.8853,30.1256,5.37829
1903,10.9542,40.433,6.04208
1904,11.0231,39.2334,5.52437
1905,11.092,30.5369,4.72079
1906,11.1609,26.3825,5.31327
1907,11.2298,16.0101,4.45792
1908,11.2987,10.3088,4.32543
1909,11.3676,6.7586,4.07548
1910,11.4365,6.7844,3.75502
1911,11.5054,8.0106,3.58372
1912,11.5743,8.2558,3.65059
1913,11.6432,7.5637,4.39624
1914,11.7121,6.1771,4.17883
1915,11.781,6.3975,4.36027
1916,11.8499,6.2535,3.55886
1917,11.9187,6.3837,2.59253
1918,11.9876,7.4976,2.37759
1919,12.0565,7.5852,1.6859
1920,12.1254,8.2583,1.43442
1921,12.1943,7.7903,1.49499
1922,12.2632,7.3084,1.29982
1923,12.3321,5.8954,0.8752
1924,12.401,3.4745,0.9863
1925,12.4699,3.9971,0.62716
1926,12.5388,5.3295,0.78655
1927,12.6077,6.2094,0.88248
1928,12.6766,9.491,0.96272
1929,12.7455,10.0058,0.64541
1930,12.8144,8.1194,0.78209
1931,12.8833,3.5953,1.4412
1932,12.9522,1.2987,1.38943
1933,13.0211,0.674,1.5628
1934,13.09,1.0854,1.78168
1935,13.1588,0.8172,1.26148
1936,13.2277,1.5174,0.93962
1937,13.2966,1.6544,1.24461
1938,13.3655,1.2638,1.81644
1939,13.4344,2.3664,1.77877
1940,13.5033,2.4423,1.83763
1941,13.5722,4.3749,1.56064
1942,13.6411,4.5041,1.86116
1943,13.71,4.537,1.81535
1944,13.7789,4.0353,1.6772
1945,13.8478,3.0369,1.26267
1946,13.9167,3.2427,1.308
1947,13.9856,3.874,1.20544
1948,14.0545,5.3568,1.00801
1949,14.1234,6.3427,1.7536
1950,14.1923,7.6977,1.82001
1951,14.2612,8.303,1.70344
1952,14.3301,8.1946,1.97285
1953,14.3989,8.1824,1.48016
1954,14.4678,6.5196,0.96247
1955,14.5367,4.6011,0.80934
1956,14.6056,4.1413,1.56709
1957,14.6745,5.7584,2.06497
1958,14.7434,6.4287,1.48172
1959,14.8123,4.6514,1.4439
1960,14.8812,4.6252,1.8875
1961,14.9501,5.105,1.47943
1962,15.019,4.3728,1.56499
1963,15.0879,7.1897,2.26658
1964,15.1568,8.3943,2.67708
1965,15.2257,9.4899,3.62152
1966,15.2946,11.3789,4.03906
1967,15.3635,13.9441,3.36009
1968,15.4324,15.1697,3.54231
1969,15.5013,9.3292,3.61686
1970,15.5702,6.1411,3.63602
1971,15.6391,5.6054,2.25138
1972,15.7079,3.0705,1.79978
1973,15.7768,3.2653,2.17433
1974,15.8457,4.2603,2.10975
1975,15.9146,3.176,2.67934
1976,15.9835,2.3908,2.57953
1977,16.0524,1.3275,2.35092
1978,16.1213,1.0094,1.31728
1979,16.1902,1.3055,1.30672
1980,16.2591,1.9029,1.43968
1981,16.328,2.1009,2.33989
1982,16.3969,2.3608,2.46667
1983,16.4658,4.2168,2.26996
1984,16.5347,8.0335,2.40115
1985,16.6036,8.6018,2.07136
1986,16.6725,7.2363,1.55028
1987,16.7414,4.8743,2.21628
1988,16.8103,3.9326,1.92074
1989,16.8792,3.286,1.78454
1990,16.948,3.3503,1.13277
1991,17.0169,4.2813,1.12856
1992,17.0858,5.1058,2.17299
1993,17.1547,3.3628,1.96426
1994,17.2236,5.3036,2.84601
1995,17.2925,8.6106,3.02198
1996,17.3614,13.8051,3.20357
1997,17.4303,6.6081,2.69536
1998,17.4992,3.6898,2.90086
1999,17.5681,2.5172,2.96643
2000,17.637,1.1831,2.51856
2001,17.7059,1.0427,1.72034
2002,17.7748,1.3043,1.63137
2003,17.8437,1.3111,1.66994
2004,17.9126,2.7024,1.05848
2005,17.9815,3.6469,0.97807
2006,18.0504,6.2339,1.41422
2007,18.1193,8.9378,2.2412
2008,18.1881,14.8192,2.75165
2009,18.257,23.3304,3.08388
2010,18.3259,21.6882,2.88013
2011,18.3948,15.4198,2.32509
2012,18.4637,8.7329,3.21561
2013,18.5326,3.1297,2.93537
2014,18.6015,2.3307,1.96072
2015,18.6704,2.6491,1.7267
2016,18.7393,2.2091,1.7875
2017,18.8082,1.6806,1.50286
2018,18.8771,1.3519,2.09962
2019,18.946,1.5321,1.86875
2020,19.0149,1.5967,2.97353
2021,19.0838,2.6992,2.36172
2022,19.1527,3.1171,2.09302
2616,0.0,14.2527,3.74781
2617,0.0689,15.0689,4.96199
2618,0.1378,12.74,4.47296
2619,0.2067,8.2801,3.62824
2620,0.2756,6.2148,2.2375
2621,0.3445,5.8191,2.44023
2622,0.4134,4.4698,2.8396
2623,0.4823,2.0319,3.45758
2624,0.5512,2.058,4.48591
2625,0.6201,3.0965,3.67183
2626,0.6889,3.1175,2.41364
2627,0.7578,3.5392,1.77053
2628,0.8267,5.4925,1.94677
2629,0.8956,6.1193,2.23548
2630,0.9645,5.6942,1.75301
2631,1.0334,3.1055,1.23245
2632,1.1023,0.8285,1.6452
2633,1.1712,1.0601,1.95914
2634,1.2401,0.7553,2.27075
2635,1.309,0.9297,1.69212
2636,1.3779,0.8161,1.54682
2637,1.4468,1.7314,1.93302
2638,1.5157,1.4504,1.35724
2639,1.5846,1.1014,1.75642
2640,1.6535,2.1003,1.86223
2641,1.7224,4.0231,2.40214
2642,1.7913,6.8435,2.59584
2643,1.8602,10.2226,3.20009
2644,1.929,12.0641,3.3074
2645,1.9979,11.3942,2.27438
2646,2.0668,7.5382,2.22004
2647,2.1357,3.8059,2.37207
2648,2.2046,2.6654,1.8441
2649,2.2735,3.3696,1.41657
2650,2.3424,2.5999,1.29027
2651,2.4113,2.3741,0.67704
2652,2.4802,3.7226,0.46746
2653,2.5491,7.8047,0.98685
2654,2.618,10.6757,1.28233
2655,2.6869,8.9978,1.45354
2656,2.7558,8.5321,1.74332
2657,2.8247,8.1452,1.57589
2658,2.8936,7.9175,1.87769
2659,2.9625,6.0041,1.68264
2660,3.0314,7.6178,1.50307
2661,3.1003,12.2125,1.86849
2662,3.1691,19.0546,2.13617
2663,3.238,24.6636,2.15113
2664,3.3069,26.4757,2.83778
2665,3.3758,19.8107,3.06976
2666,3.4447,13.1888,3.63253
2667,3.5136,9.7901,2.8518
2668,3.5825,6.8013,2.35146
2669,3.6514,5.0817,1.79899
2670,3.7203,3.6864,1.28169
2671,3.7892,3.885,1.69699
2672,3.8581,2.8598,1.23979
2673,3.927,2.6237,1.02708
2674,3.9959,2.728,0.80934
2675,4.0648,2.5592,0.86452
2676,4.1337,2.9195,0.92755
2677,4.2026,1.579,0.82197
2678,4.2715,1.5251,1.79778
2679,4.3404,1.4004,1.7667
2680,4.4092,1.0141,1.69654
2681,4.4781,0.716,0.91385
2682,4.547,0.4928,1.10442
2683,4.6159,0.914,1.19568
2684,4.6848,1.7108,0.6903
2685,4.7537,1.9064,1.1897
2686,4.8226,2.2297,1.05271
2687,4.8915,2.138,0.87392
2688,4.9604,3.02,0.43374
2689,5.0293,3.7482,0.62608
2690,5.0982,5.3171,0.84187
2691,5.1671,9.9996,1.52402
2692,5.236,14.6762,1.788
2693,5.3049,17.1317,2.57068
2694,5.3738,15.3455,3.60616
2695,5.4427,12.8798,4.9063
2696,5.5116,13.1776,5.5736
2697,5.5805,10.2585,5.16928
2698,5.6493,10.1983,3.651
2699,5.7182,10.0096,3.15864
2700,5.7871,10.6711,1.94148
2701,5.856,9.6549,2.4514
2702,5.9249,7.6943,1.50625
2703,5.9938,9.3531,1.17346
2704,6.0627,9.3118,1.29265
2705,6.1316,10.7204,1.16456
2706,6.2005,9.0339,1.43981
2707,6.2694,6.8002,1.98362
2708,6.3383,3.9545,2.04876
2709,6.4072,4.172,2.2552
2710,6.4761,3.6816,1.89365
2711,6.545,4.8864,1.66391
2712,6.6139,5.8884,1.77671
2713,6.6828,4.4445,2.20686
2714,6.7517,4.9452,2.50397
2715,6.8206,6.3837,2.62081
2716,6.8894,6.4554,2.39185
2717,6.9583,6.0896,2.2094
2718,7.0272,8.5581,1.84197
2719,7.0961,8.9242,1.97994
2720,7.165,8.0994,2.36232
2721,7.2339,7.2722,2.26733
2722,7.3028,5.0138,1.52987
2723,7.3717,6.3362,2.08634
2724,7.4406,7.1797,1.81856
2725,7.5095,6.3115,1.60917
2726,7.5784,7.9911,1.87695
2727,7.6473,10.7572,3.43325
2728,7.7162,12.6978,3.31445
2729,7.7851,11.6622,4.00242
2730,7.854,10.5584,3.40157
2731,7.9229,6.3588,2.41624
2732,7.9918,2.9377,2.12837
2733,8.0607,3.3111,3.03082
2734,8.1296,3.4255,2.02662
2735,8.1984,4.8684,1.72589
2736,8.2673,5.1648,2.15358
2737,8.3362,5.1345,1.93615
2738,8.4051,4.3928,1.45331
2739,8.474,3.6194,1.13503
2740,8.5429,2.459,1.45304
2741,8.6118,3.9531,1.33304
2742,8.6807,3.3138,1.70905
2743,8.7496,1.7231,1.10011
2744,8.8185,2.0847,0.9252
2745,8.8874,3.8102,1.99391
2746,8.9563,6.56,1.9145
2747,9.0252,7.5512,2.69453
2748,9.0941,7.3181,2.37647
2749,9.163,8.2342,2.30356
2750,9.2319,5.8852,2.84219
2751,9.3008,8.7713,2.48595
2752,9.3697,9.1888,2.50181
2753,9.4385,10.7368,2.85215
2754,9.5074,10.7758,3.58247
2755,9.5763,9.1893,4.48653
2756,9.6452,13.4448,4.22277
2757,9.7141,13.0295,3.16698
2758,9.783,9.9975,1.74005
2759,9.8519,4.3416,0.85141
2760,9.9208,2.698,0.70287
2761,9.9897,2.3618,0.72448
2762,10.0586,2.2857,0.80975
2763,10.1275,2.615,0.68668
2764,10.1964,2.1352,0.61787
2765,10.2653,1.3598,0.56683
2766,10.3342,1.5008,1.39999
2767,10.4031,1.4638,0.90285
2768,10.472,1.6901,1.20978
2769,10.5409,1.2642,1.27195
2770,10.6098,1.2196,1.36859
2771,10.6786,0.7766,1.08366
2772,10.7475,1.2044,1.07068
2773,10.8164,0.6445,1.10525
2774,10.8853,1.1862,0.70456
2775,10.9542,1.4207,1.15716
2776,11.0231,1.2161,0.98496
2777,11.092,2.251,1.29172
2778,11.1609,3.5476,0.94605
2779,11.2298,7.0895,1.12726
2780,11.2987,6.9813,1.24865
2781,11.3676,7.5992,2.10788
2782,11.4365,9.4327,2.50206
2783,11.5054,9.7967,3.25593
2784,11.5743,8.0926,3.11906
2785,11.6432,5.5464,2.25839
2786,11.7121,5.7424,1.9534
2787,11.781,6.2141,1.4736
2788,11.8499,9.0313,1.17034
2789,11.9187,8.5938,1.41243
2790,11.9876,10.3412,1.21679
2791,12.0565,12.5567,1.36769
2792,12.1254,16.6204,1.97236
2793,12.1943,17.1388,2.33637
2794,12.2632,14.3328,2.50704
2795,12.3321,12.9381,3.06131
2796,12.401,8.1244,3.00887
2797,12.4699,9.2739,2.7085
2798,12.5388,10.4866,3.3306
2799,12.6077,10.4222,3.81657
2800,12.6766,9.8945,3.21062
2801,12.7455,6.4203,2.22858
2802,12.8144,3.9428,1.79385
2803,12.8833,2.7333,1.80764
2804,12.9522,2.9018,1.4988
2805,13.0211,4.5049,1.28569
2806,13.09,4.0217,1.75697
2807,13.1588,4.3341,1.69806
2808,13.2277,4.4434,2.06511
2809,13.2966,5.35,2.10792
2810,13.3655,6.1254,1.98973
2811,13.4344,9.3304,2.33265
2812,13.5033,9.6148,2.56142
2813,13.5722,10.1391,1.96842
2814,13.6411,10.19,2.68148
2815,13.71,11.526,3.98507
2816,13.7789,12.712,4.54295
2817,13.8478,14.1086,3.23571
2818,13.9167,17.527,3.03173
2819,13.9856,15.626,2.39061
2820,14.0545,11.2087,2.24351
2821,14.1234,6.2948,1.9455
2822,14.1923,4.4578,2.57075
2823,14.2612,3.3794,2.07347
2824,14.3301,3.1662,2.23231
2825,14.3989,3.5497,0.8658
2826,14.4678,2.706,0.62456
2827,14.5367,2.122,0.60956
2828,14.6056,1.8805,0.86487
2829,14.6745,2.9665,0.57314
2830,14.7434,4.5786,0.51879
2831,14.8123,7.5942,0.50606
2832,14.8812,12.6254,1.00346
2833,14.9501,18.0949,1.07725
2834,15.019,20.2016,1.37242
2835,15.0879,23.9943,1.06364
2836,15.1568,26.8473,1.01893
2837,15.2257,22.5853,1.28156
2838,15.2946,15.5992,0.95941
2839,15.3635,8.3783,1.08573
2840,15.4324,2.997,1.68505
2841,15.5013,2.0665,2.3008
2842,15.5702,1.9416,2.18659
2843,15.6391,1.8427,2.20929
2844,15.7079,3.1363,1.65436
2845,15.7768,3.8861,2.14995
2846,15.8457,3.5799,2.85063
2847,15.9146,3.6723,2.4731
2848,15.9835,8.2689,3.28156
2849,16.0524,10.7903,3.9974
2850,16.1213,10.2584,3.751
2851,16.1902,11.9464,3.32643
2852,16.2591,6.7087,3.14019
2853,16.328,8.7409,2.22071
2854,16.3969,6.7849,2.83825
2855,16.4658,4.1852,2.01485
2856,16.5347,3.7162,1.49069
2857,16.6036,4.8232,1.93482
2858,16.6725,3.6607,2.05632
2859,16.7414,3.5694,2.16101
2860,16.8103,5.5113,2.02463
2861,16.8792,7.3492,1.36921
2862,16.948,8.7667,1.64809
2863,17.0169,12.8994,2.02738
2864,17.0858,15.3014,2.69222
2865,17.1547,14.721,4.46321
2866,17.2236,12.2553,5.39729
2867,17.2925,8.6624,6.52766
2868,17.3614,8.0603,5.0263
2869,17.4303,5.7895,3.89221
2870,17.4992,5.8057,3.42362
2871,17.5681,5.342,3.18073
2872,17.637,4.4658,3.55031
2873,17.7059,2.8676,3.34
2874,17.7748,4.5301,3.06469
2875,17.8437,6.6235,2.49128
2876,17.9126,7.9875,2.30529
2877,17.9815,8.4938,1.39974
2878,18.0504,9.9143,1.95668
2879,18.1193,10.1697,1.72365
2880,18.1881,8.1701,1.93591
2881,18.257,8.1667,2.29983
2882,18.3259,8.1302,2.30182
2883,18.3948,6.38,2.5091
2884,18.4637,7.1406,2.37923
2885,18.5326,11.2206,2.70594
2886,18.6015,16.0305,3.10119
2887,18.6704,16.867,3.47024
2888,18.7393,19.0101,3.21904
2889,18.8082,19.9265,2.78233
2890,18.8771,25.1335,2.44582
2891,18.946,22.1628,1.78659
2892,19.0149,17.8757,1.90076
2893,19.0838,16.2527,2.14738
2894,19.1527,12.2566,2.24779
2895,19.2216,11.1262,1.86559
2896,19.2905,9.3594,2.56099
2897,19.3594,9.6964,2.70186
2898,19.4282,8.1517,3.06901
2899,19.4971,8.5139,2.69537
2900,19.566,6.3684,3.04279
2901,19.6349,8.2301,2.78617
2902,19.7038,9.8373,2.78928
2903,19.7727,14.5541,3.12751
2904,19.8416,14.9991,2.90368
2905,19.9105,16.8932,3.51515
2906,19.9794,17.2749,3.42663
2907,20.0483,19.492,2.51596
2908,20.1172,19.4452,3.5636
2909,20.1861,15.3616,3.05672
2910,20.255,13.3262,3.22667
2911,20.3239,11.1161,3.18868
2912,20.3928,7.9658,3.2934
2913,20.4617,4.4917,3.318
2914,20.5306,3.9559,2.71458
2915,20.5995,4.2628,4.2409
2916,20.6683,4.6667,5.03174
2917,20.7372,6.2732,5.14834
2918,20.8061,11.2128,5.29829
2919,20.875,12.1503,5.21439
2920,20.9439,9.3007,4.09376
2921,21.0128,6.0156,2.62606
2922,21.0817,3.5706,2.44337
2923,21.1506,1.3544,1.38382
2924,21.2195,2.0514,1.40282
2925,21.2884,1.181,1.46546
2926,21.3573,1.3531,2.04473
2927,21.4262,1.3647,2.44131
2928,21.4951,2.2021,2.31762
2929,21.564,2.0259,2.12309
2930,21.6329,1.7132,1.78479
2931,21.7018,3.255,2.20456
2932,21.7707,9.0934,2.62315
2933,21.8396,11.8521,2.31588
2934,21.9084,11.3832,2.41208
2935,21.9773,21.2254,2.10102
2936,22.0462,29.6022,2.72326
2937,22.1151,29.3029,3.06463
2938,22.184,21.8278,3.87479
2939,22.2529,20.6879,3.77445
2940,22.3218,24.6172,4.25965
2941,22.3907,20.2328,4.17485
2942,22.4596,14.1663,3.27819
2943,22.5285,12.5667,3.87501
2944,22.5974,13.9844,3.25679
2945,22.6663,11.6446,3.00849
2946,22.7352,10.6162,2.76173
2947,22.8041,8.4973,2.28226
2948,22.873,5.2082,1.87122
2949,22.9419,2.8931,2.61671
2950,23.0108,2.69,2.67967
2951,23.0797,3.3212,2.20363
2952,23.1486,3.3685,1.42699
2953,23.2174,3.4599,0.8208
2954,23.2863,2.7648,1.29314
2955,23.3552,2.8474,0.82357
2956,23.4241,3.0736,0.93775
2957,23.493,2.7381,0.55626
2958,23.5619,2.3732,1.00627
2959,23.6308,2.5354,0.70271
2960,23.6997,4.2958,1.17786
2961,23.7686,4.477,1.26254
2962,23.8375,3.193,1.22547
2963,23.9064,2.1478,1.43236
2964,23.9753,2.4385,1.18642
2965,24.0442,2.3445,0.95699
2966,24.1131,1.3432,0.72022
2967,24.182,3.0361,1.09832
2968,24.2509,5.7103,1.00771
2969,24.3198,5.6224,1.16021
2970,24.3887,3.6489,1.1944
2971,24.4575,1.9561,0.98316
2972,24.5264,2.4098,0.57831
2973,24.5953,1.9661,1.72438
2974,24.6642,4.4351,2.12697
2975,24.7331,7.1259,1.56359
2976,24.802,7.7556,1.89416
2977,24.8709,11.2341,2.7371
2978,24.9398,22.8834,3.6498
2979,25.0087,34.0085,3.93563
2980,25.0776,31.8831,3.87562
2981,25.1465,26.5252,3.57188
2982,25.2154,15.9093,3.52248
2983,25.2843,8.308,1.65965
2984,25.3532,4.2502,1.51251
2985,25.4221,1.4516,1.2513
2986,25.491,0.8122,1.09995
2987,25.5599,0.4536,0.75089
2988,25.6288,1.1581,0.62941
2989,25.6976,1.2209,0.81069
2990,25.7665,1.1855,0.77041
2991,25.8354,0.7482,1.02702
2992,25.9043,1.0358,0.7685
2993,25.9732,1.5534,0.78124
2994,26.0421,1.1162,0.51125
2995,26.111,0.9033,0.27109
2996,26.1799,0.499,0.67639
2997,26.2488,1.5586,0.83729
2998,26.3177,0.8658,0.9834
2999,26.3866,1.6766,0.7101
3000,26.4555,1.2892,0.64002
3001,26.5244,1.5448,0.68464
3002,26.5933,2.7075,0.53717
3003,26.6622,3.0105,0.81034
3004,26.7311,4.4816,0.49349
3005,26.8,5.2199,0.7332
3006,26.8689,5.5494,1.02663
3007,26.9377,5.087,1.57666
3008,27.0066,3.7806,1.18036
3009,27.0755,3.1014,1.66419
3010,27.1444,7.411,1.15104
3011,27.2133,10.5544,0.89028
3012,27.2822,13.615,0.99726
3013,27.3511,13.1631,1.23966
3014,27.42,8.2139,1.72907
3015,27.4889,7.5729,1.35521
3016,27.5578,7.7176,1.60938
3017,27.6267,12.629,2.05318
3018,27.6956,14.166,1.76043
3019,27.7645,13.1015,2.28413
3020,27.8334,10.545,2.59869
3021,27.9023,11.3619,3.60308
3022,27.9712,5.6019,2.73876
3023,28.0401,3.9909,3.00717
3024,28.109,3.5062,2.55573
3025,28.1778,2.8349,2.05931
3026,28.2467,2.1121,1.47717
3027,28.3156,1.6786,1.62341
3028,28.3845,1.4647,1.62154
3029,28.4534,1.6144,1.20977
3030,28.5223,2.2925,1.77845
3031,28.5912,2.7393,2.09306
3032,28.6601,4.6275,2.01253
3033,28.729,4.6663,1.9558
3034,28.7979,7.278,3.0742
3035,28.8668,8.2929,3.11498
3036,28.9357,8.2698,4.03716
3037,29.0046,4.6225,3.4796
3038,29.0735,2.6767,2.66708
3039,29.1424,2.8686,1.91789
3040,29.2113,2.9369,1.37017
3041,29.2802,3.3469,1.78168
3042,29.3491,3.166,2.17511
3043,29.4179,5.6906,2.06734
3044,29.4868,9.4955,2.21371
3045,29.5557,9.0199,3.20125
3046,29.6246,9.8432,3.56359
3047,29.6935,11.8229,3.65617
3048,29.7624,14.244,3.70463
3049,29.8313,18.0827,3.9347
3050,29.9002,22.5292,4.59455
3051,29.9691,19.0375,5.40724
3052,30.038,16.4754,4.65107
3053,30.1069,12.2034,4.94952
3054,30.1758,8.5255,4.6993
3055,30.2447,7.5322,4.35463
3056,30.3136,6.4961,4.25488
3057,30.3825,4.7099,4.70654
3058,30.4514,2.6959,4.72343
3059,30.5203,3.7803,4.32579
3060,30.5892,2.9008,4.17941
3061,30.6581,3.4132,3.51504
3062,30.7269,3.8623,2.73791
3063,30.7958,5.1021,2.02158
3064,30.8647,6.3146,1.63478
3065,30.9336,6.6981,1.80448
3066,31.0025,6.2718,1.85757
3067,31.0714,5.8204,2.02143
3068,31.1403,8.1604,2.22878
3069,31.2092,7.1563,2.57619
3070,31.2781,7.8351,2.52426
3071,31.347,8.3135,2.40618
3072,31.4159,9.2272,1.89205
3073,31.4848,9.7998,2.07886
3074,31.5537,9.702,2.56628
3075,31.6226,8.0984,3.31494
3076,31.6915,8.0304,3.20198
3077,31.7604,5.8228,2.59976
3078,31.8293,4.6366,2.9509
3079,31.8982,5.599,2.32359
3080,31.967,5.6138,2.43395
3081,32.0359,4.2896,2.52774
3082,32.1048,3.7993,3.12885
3083,32.1737,4.2684,3.09503
3084,32.2426,4.5393,2.65069
3085,32.3115,4.3821,3.52721
3086,32.3804,5.4822,2.10096
3087,32.4493,5.9419,1.61647
3088,32.5182,3.8841,1.35561
3089,32.5871,3.228,2.01159
3090,32.656,1.6865,1.73977
3091,32.7249,1.6442,2.27232
3092,32.7938,1.0624,1.41536
3093,32.8627,1.5213,1.87334
3094,32.9316,1.4031,1.60035
3095,33.0005,1.2257,1.6244
3096,33.0694,1.2148,1.52824
3097,33.1383,2.2919,2.05945
3098,33.2071,2.3518,1.53519
3099,33.276,3.5983,1.8815
3100,33.3449,5.1311,2.28889
3101,33.4138,4.3257,2.12248
3102,33.4827,4.3589,1.98749
3103,33.5516,4.7402,2.33897
3104,33.6205,5.7048,2.10983
3105,33.6894,9.1802,3.37792
3106,33.7583,7.0502,1.8627
3107,33.8272,7.5501,1.36952
3108,33.8961,7.3401,1.68189
3109,33.965,5.1173,1.57707
3110,34.0339,5.5008,1.32353
3111,34.1028,6.9875,2.14426
3112,34.1717,5.861,1.69555
3113,34.2406,5.6352,1.82563
3114,34.3095,6.2766,1.47857
3115,34.3784,6.6077,1.01006
3116,34.4472,3.7029,1.35648
3117,34.5161,2.4825,1.35352
3118,34.585,1.7548,1.39314
3119,34.6539,1.4149,0.86613
3120,34.7228,2.2938,1.29366
3121,34.7917,2.6066,1.72971
3122,34.8606,3.3937,2.03109
3123,34.9295,3.6844,2.40111
3124,34.9984,4.2832,2.70208
3125,35.0673,6.7953,2.32213
3126,35.1362,7.5593,2.06997
3127,35.2051,7.0868,1.82882
3128,35.274,5.1148,2.04812
3129,35.3429,2.8422,2.1839
3130,35.4118,2.1603,3.28914
3131,35.4807,2.6377,3.1857
3132,35.5496,2.5543,2.57206
3133,35.6185,2.677,2.22805
3134,35.6873,2.8951,1.84883
3135,35.7562,3.9935,1.01729
3136,35.8251,4.0891,1.40767
3137,35.894,3.7618,1.65748
3138,35.9629,2.6429,2.11412
3139,36.0318,2.7371,1.73079
3140,36.1007,2.8728,2.92627
3141,36.1696,2.3054,3.33953
3142,36.2385,2.7483,3.38953
3143,36.3074,3.1536,4.58348
3144,36.3763,4.1811,5.27219
3145,36.4452,4.3745,5.94505
3146,36.5141,6.7976,5.28261
3147,36.583,5.758,5.03661
3148,36.6519,3.6888,4.16907
3149,36.7208,2.7164,2.48919
3150,36.7897,2.3567,2.27269
3151,36.8586,1.2833,2.50778
3152,36.9274,2.0732,2.44273
3153,36.9963,1.832,1.94041
3154,37.0652,2.3965,1.87102
3155,37.1341,1.8873,1.68924
3156,37.203,2.2086,2.17567
3157,37.2719,1.5462,1.50475
3158,37.3408,2.2569,1.70542
3159,37.4097,2.3696,2.00942
3160,37.4786,2.8683,1.68071
3161,37.5475,3.9386,1.71175
3162,37.6164,6.2932,2.77367
3163,37.6853,7.7804,3.64102
3164,37.7542,10.6014,4.48524
3165,37.8231,9.7836,3.32546
3166,37.892,11.3353,2.69176
3167,37.9609,7.8728,2.64573
3168,38.0298,6.1538,1.77894
3169,38.0987,6.4741,1.1799
3170,38.1675,6.2441,0.90574
3171,38.2364,8.0952,2.48385
3172,38.3053,6.1724,2.69571
3173,38.3742,4.2333,2.66022
3174,38.4431,3.1079,2.26301
3175,38.512,3.3187,1.59604
3176,38.5809,2.9948,1.90529
3177,38.6498,3.1352,2.37588
3178,38.7187,2.3545,1.94374
3179,38.7876,1.2584,2.138
3180,38.8565,1.3251,1.61058
3181,38.9254,2.4463,1.92282
3182,38.9943,3.0908,2.47098
3183,39.0632,3.1518,2.51105
3184,39.1321,2.5404,2.50931
3185,39.201,2.3293,3.06319
3186,39.2699,2.6215,2.36046
3187,39.3388,2.7221,1.69753
3188,39.4076,1.9488,1.23774
3189,39.4765,0.7227,1.53297
3190,39.5454,0.6291,1.425
3191,39.6143,0.9869,0.82535
3192,39.6832,0.893,0.80759
3193,39.7521,1.7591,0.81368
3194,39.821,1.1546,1.01869
3195,39.8899,2.2508,0.62194
3196,39.9588,3.3692,1.16507
3197,40.0277,3.8657,0.98094
3198,40.0966,7.4167,0.77342
3199,40.1655,8.1722,1.46722
3200,40.2344,6.2603,1.01518
3201,40.3033,8.2072,1.68884
3202,40.3722,9.0848,2.15332
3488,0.0,23.4478,3.3074
3489,0.0689,13.9181,2.7075
3490,0.1378,9.0469,2.2282
3491,0.2067,7.6344,2.6261
3492,0.2756,10.1712,2.404
3493,0.3445,12.485,3.0347
3494,0.4134,14.6537,2.9092
3495,0.4823,11.8486,3.4495
3496,0.5512,11.1728,3.1074
3497,0.6201,11.9618,3.0317
3498,0.6889,13.0811,2.7573
3499,0.7578,11.889,3.0287
3500,0.8267,10.1049,3.2481
3501,0.8956,12.1511,2.7539
3502,0.9645,12.336,3.0558
3503,1.0334,15.4902,2.6428
3504,1.1023,16.7393,2.3021
3505,1.1712,19.073,2.3068
3506,1.2401,13.377,2.5213
3507,1.309,11.9043,1.9636
3508,1.3779,11.6913,1.7715
3509,1.4468,13.1107,2.0416
3510,1.5157,14.5763,3.4563
3511,1.5846,13.7337,2.7192
3512,1.6535,9.8526,3.3528
3513,1.7224,5.6398,2.8141
3514,1.7913,4.537,2.2328
3515,1.8602,6.7052,2.0075
3516,1.929,8.8501,1.8264
3517,1.9979,7.3265,2.7132
3518,2.0668,6.2771,2.3726
3519,2.1357,7.9624,1.9907
3520,2.2046,9.2598,2.2351
3521,2.2735,14.2847,2.4474
3522,2.3424,22.1078,2.5235
3523,2.4113,26.0545,2.8514
3524,2.4802,21.9372,2.9771
3525,2.5491,18.3026,3.1658
3526,2.618,16.3008,3.4603
3527,2.6869,17.6317,4.1304
3528,2.7558,14.9331,4.2723
3529,2.8247,16.6871,5.1658
3530,2.8936,16.428,5.546
3531,2.9625,14.8955,4.3242
3532,3.0314,11.6334,3.1134
3533,3.1003,11.3364,2.3235
3534,3.1691,16.3472,2.7845
3535,3.238,27.4019,3.0433
3536,3.3069,37.8945,3.652
3537,3.3758,36.1974,3.6113
3538,3.4447,35.7472,3.429
3539,3.5136,26.833,3.7358
3540,3.5825,28.906,3.717
3541,3.6514,30.3146,3.8468
3542,3.7203,33.0508,3.8886
3543,3.7892,43.8483,5.414
3544,3.8581,46.1591,6.1843
3545,3.927,40.8614,5.7428
3546,3.9959,31.7003,4.359
3547,4.0648,24.8125,4.0871
3548,4.1337,20.4652,3.7127
3549,4.2026,21.1179,4.0911
3550,4.2715,20.3257,4.9621
3551,4.3404,13.8167,4.2478
3552,4.4092,9.9594,2.8769
3553,4.4781,8.3454,1.778
3554,4.547,7.7055,1.6975
3555,4.6159,13.013,1.9558
3556,4.6848,22.4514,2.6741
3557,4.7537,30.7268,3.7924
3558,4.8226,31.3512,4.323
3559,4.8915,25.9923,3.6273
3560,4.9604,16.332,2.3023
3561,5.0293,9.025,2.3751
3562,5.0982,7.1355,1.7093
3563,5.1671,6.5632,1.3486
3564,5.236,5.9769,1.5019
3565,5.3049,4.7908,0.9439
3566,5.3738,5.3153,1.3664
3567,5.4427,8.4337,1.228
3568,5.5116,11.9028,1.2655
3569,5.5805,14.0437,1.8703
3570,5.6493,13.651,2.1352
3571,5.7182,13.9035,1.9714
3572,5.7871,14.2711,2.4212
3573,5.856,21.5101,2.8339
3574,5.9249,29.9632,4.9207
3575,5.9938,32.3395,4.578
3576,6.0627,32.0689,3.8241
3577,6.1316,18.7862,2.4112
3578,6.2005,8.0755,1.8053
3579,6.2694,6.2863,1.4907
3580,6.3383,6.9728,1.4395
3581,6.4072,9.137,2.1718
3582,6.4761,12.15,2.7656
3583,6.545,11.127,3.7274
3584,6.6139,10.6524,3.1112
3585,6.6828,10.1485,2.6624
3586,6.7517,9.7792,2.4291
3587,6.8206,10.2333,2.5515
3588,6.8894,6.0107,2.8041
3589,6.9583,5.8849,3.0038
3590,7.0272,5.5303,3.2205
3591,7.0961,7.1255,3.3744
3592,7.165,6.8179,3.5247
3593,7.2339,6.7433,3.7935
3594,7.3028,5.0166,3.2495
3595,7.3717,4.5455,3.17
3596,7.4406,5.2055,3.4117
3597,7.5095,5.9184,2.7069
3598,7.5784,6.4726,2.8777
3599,7.6473,3.9184,2.862
3600,7.7162,1.8301,2.9001
3601,7.7851,1.384,2.5926
3602,7.854,1.4367,2.2264
3603,7.9229,1.344,1.8075
3604,7.9918,0.8367,1.5696
3605,8.0607,2.2229,1.3532
3606,8.1296,3.5324,1.7954
3607,8.1984,6.2311,2.0226
3608,8.2673,5.504,1.7046
3609,8.3362,3.2012,1.6544
3610,8.4051,2.2332,1.5309
3611,8.474,2.394,1.34
3612,8.5429,2.9438,1.6117
3613,8.6118,3.2288,1.2748
3614,8.6807,5.5832,2.2329
3615,8.7496,7.3863,3.1859
3616,8.8185,8.9984,3.3561
3617,8.8874,7.2321,3.178
3618,8.9563,5.5215,2.5632
3619,9.0252,4.8752,2.6015
3620,9.0941,4.0542,2.0247
3621,9.163,2.6807,1.7196
3622,9.2319,3.7073,1.7655
3623,9.3008,3.0195,1.2326
3624,9.3697,2.9441,1.5744
3625,9.4385,4.5712,1.7651
3626,9.5074,5.3128,1.8932
3627,9.5763,5.1025,1.8731
3628,9.6452,4.9824,2.7696
3629,9.7141,6.3016,1.9134
3630,9.783,5.0455,1.6027
3631,9.8519,3.1043,1.3003
3632,9.9208,2.6754,1.4774
3633,9.9897,1.4378,0.9081
3634,10.0586,2.1515,0.9588
3635,10.1275,3.2373,1.5287
3636,10.1964,3.3804,1.6879
3637,10.2653,6.4936,1.7185
3638,10.3342,9.444,2.1579
3639,10.4031,11.6111,2.1499
3640,10.472,9.8192,2.2669
3641,10.5409,10.9513,3.843
3642,10.6098,11.8561,3.6136
3643,10.6786,13.1393,4.8021
3644,10.7475,8.8274,5.3146
3645,10.8164,7.0657,4.3657
3646,10.8853,7.5178,4.6268
3647,10.9542,6.9275,3.8039
3648,11.0231,6.9478,3.0293
3649,11.092,9.3853,2.5906
3650,11.1609,15.7776,3.1989
3651,11.2298,17.272,3.9298
3652,11.2987,17.7728,3.1042
3653,11.3676,14.5412,2.8884
3654,11.4365,12.0445,1.9928
3655,11.5054,11.1409,1.5675
3656,11.5743,10.1566,1.9285
3657,11.6432,11.3595,1.6683
3658,11.7121,11.5761,2.2752
3659,11.781,12.2159,2.6132
3660,11.8499,13.7887,2.4826
3661,11.9187,17.2134,4.5719
3662,11.9876,28.7638,5.962
3663,12.0565,38.8214,6.5961
3664,12.1254,39.729,6.6704
3665,12.1943,30.1624,4.6993
3666,12.2632,15.0636,2.4804
3667,12.3321,10.0855,1.6016
3668,12.401,6.1476,1.0127
3669,12.4699,4.7176,0.9046
3670,12.5388,6.2086,0.9221
3671,12.6077,6.5776,1.4693
3672,12.6766,6.4465,1.7262
3673,12.7455,7.7574,1.8825
3674,12.8144,7.2389,1.7555
3675,12.8833,7.0126,2.2149
3676,12.9522,6.8878,1.9327
3677,13.0211,4.9158,2.2746
3678,13.09,2.176,2.5537
3679,13.1588,1.4572,1.7573
3680,13.2277,1.4125,2.1213
3681,13.2966,1.1106,3.0282
3682,13.3655,0.5032,2.8224
3683,13.4344,1.1001,3.8905
3684,13.5033,1.4848,3.1767
3685,13.5722,1.2206,3.7591
3686,13.6411,1.0189,3.4108
3687,13.71,0.7711,2.774
3688,13.7789,0.9651,1.9764
3689,13.8478,1.4373,2.0618
3690,13.9167,1.5435,2.2452
3691,13.9856,1.0911,1.7111
3692,14.0545,1.6421,1.2317
3693,14.1234,2.6135,1.2396
3694,14.1923,5.1911,1.5602
3695,14.2612,4.8856,1.8129
3696,14.3301,5.2713,1.7191
3697,14.3989,4.3955,2.302
3698,14.4678,3.3143,2.7061
3699,14.5367,3.2074,1.86
3700,14.6056,2.0558,2.1295
3701,14.6745,2.2628,3.2183
3702,14.7434,1.8483,2.8782
3703,14.8123,1.6064,2.1734
3704,14.8812,2.0299,3.1922
3705,14.9501,1.9851,2.8384
3706,15.019,2.2009,2.9777
3707,15.0879,2.5363,3.4257
3708,15.1568,3.143,3.7998
3709,15.2257,3.4012,3.2136
3710,15.2946,4.6109,3.7046
3711,15.3635,5.9318,3.8568
3712,15.4324,4.4298,3.179
3713,15.5013,3.2952,2.5899
3714,15.5702,1.8322,3.279
3715,15.6391,2.4358,2.6341
3716,15.7079,2.4593,3.3841
3717,15.7768,3.2198,2.1827
3718,15.8457,1.9648,1.7875
3719,15.9146,0.6667,2.004
3720,15.9835,0.9867,1.2895
3721,16.0524,1.4415,1.8282
3722,16.1213,1.3325,2.538
3723,16.1902,1.3823,2.2734
3724,16.2591,0.8366,2.2819
3725,16.328,0.9263,2.4838
3726,16.3969,2.7888,1.4132
3727,16.4658,4.4582,2.565
3728,16.5347,5.2456,2.1012
3729,16.6036,3.7445,2.208
3730,16.6725,3.3689,2.1131
3731,16.7414,4.604,2.5955
3732,16.8103,5.0925,2.2744
3733,16.8792,6.098,1.8597
3734,16.948,4.3089,1.6551
3735,17.0169,3.465,1.2854
3736,17.0858,2.9378,1.4317
3737,17.1547,2.1457,1.4776
3738,17.2236,3.1332,1.0525
3739,17.2925,5.709,1.1403
3740,17.3614,7.3744,2.0444
3741,17.4303,7.8423,2.7726
3742,17.4992,6.7762,2.6688
3743,17.5681,6.8561,2.8238
3744,17.637,4.7073,2.9186
3745,17.7059,5.0124,3.1513
3746,17.7748,7.9338,2.0531
3747,17.8437,5.021,2.2051
3748,17.9126,4.0529,1.8586
3749,17.9815,5.5292,1.9521
3750,18.0504,6.9021,2.1145
3751,18.1193,9.1777,2.3704
3752,18.1881,12.3778,2.1581
3753,18.257,15.6063,2.8302
3754,18.3259,21.9503,4.146
3755,18.3948,26.5015,5.4334
3756,18.4637,27.0747,5.7144
3757,18.5326,25.4292,5.0752
3758,18.6015,20.3613,6.6379
3759,18.6704,15.2642,2.7374
3760,18.7393,9.9499,2.6081
3761,18.8082,6.5386,2.3168
3762,18.8771,8.2425,2.2462
3763,18.946,7.9107,2.234
3764,19.0149,8.6787,2.1509
3765,19.0838,6.1275,2.4281
3766,19.1527,6.4394,2.4738
3767,19.2216,10.1627,2.3762
3768,19.2905,11.0737,4.2878
3769,19.3594,10.4865,3.4253
3770,19.4282,8.9496,2.7892
3771,19.4971,4.8173,2.0634
3772,19.566,2.9507,2.2847
3773,19.6349,2.6598,1.6977
3774,19.7038,2.1142,2.4292
3775,19.7727,2.5582,2.3422
3776,19.8416,2.9832,2.2161
3777,19.9105,4.0698,2.0352
3778,19.9794,6.8965,1.9522
3779,20.0483,8.1281,1.6891
3780,20.1172,7.552,1.6531
3781,20.1861,7.4736,1.9352
3782,20.255,7.1451,2.0131
3783,20.3239,7.4084,1.7268
3784,20.3928,6.3425,1.1205
3785,20.4617,5.5289,1.1356
3786,20.5306,7.6935,0.8367
3787,20.5995,9.9964,0.8341
3788,20.6683,9.1104,1.3633
3789,20.7372,9.2039,1.9975
3790,20.8061,10.9787,2.5432
3791,20.875,11.3252,2.5799
3792,20.9439,12.0076,2.4704
3793,21.0128,16.2705,2.6357
3794,21.0817,19.9935,3.0788
3795,21.1506,19.5491,2.8838
3796,21.2195,20.204,2.9958
3797,21.2884,19.4315,2.9924
3798,21.3573,17.1285,3.1302
3799,21.4262,17.4098,3.0075
3800,21.4951,20.1066,3.3033
3801,21.564,27.9144,4.2516
3802,21.6329,34.5784,4.5882
3803,21.7018,33.9039,4.9199
3804,21.7707,32.258,5.0224
3805,21.8396,26.1605,4.0304
3806,21.9084,18.6662,4.0029
3807,21.9773,11.339,3.5105
3808,22.0462,8.4529,3.5507
3809,22.1151,6.2539,2.8553
3810,22.184,9.9112,2.4637
3811,22.2529,13.7358,2.3743
3812,22.3218,10.467,1.7035
3813,22.3907,6.7088,0.8042
3814,22.4596,4.6072,0.7296
3815,22.5285,8.0929,1.1337
3816,22.5974,12.1951,1.1237
3817,22.6663,12.9462,1.2048
3818,22.7352,11.6958,0.9217
3819,22.8041,7.7233,0.7554
3820,22.873,6.119,1.2282
3821,22.9419,6.8217,1.7448
3822,23.0108,8.8789,1.4535
3823,23.0797,10.7748,2.1595
3824,23.1486,8.9,2.2784
3825,23.2174,6.4991,1.7989
3826,23.2863,5.1789,1.7637
3827,23.3552,3.8546,2.3144
3828,23.4241,4.4024,1.7353
3829,23.493,4.8528,1.8771
3830,23.5619,7.2452,1.8794
3831,23.6308,8.4849,2.3158
3832,23.6997,10.9744,3.1565
3833,23.7686,9.5614,2.7977
3834,23.8375,6.7388,2.9175
3835,23.9064,4.8717,2.152
3836,23.9753,3.5376,1.8512
3837,24.0442,2.0582,1.3251
3838,24.1131,1.2546,1.3369
3839,24.182,1.6822,2.1286
3840,24.2509,3.1557,1.8743
3841,24.3198,2.3102,1.3087
3842,24.3887,1.5149,1.2304
3843,24.4575,1.9649,1.6374
3844,24.5264,1.919,1.7646
3845,24.5953,2.5871,1.7372
3846,24.6642,4.5948,2.3458
3847,24.7331,5.6419,2.0746
3848,24.802,4.6577,2.6857
3849,24.8709,4.9948,2.3585
3850,24.9398,5.5057,1.9688
3851,25.0087,5.7091,2.2486
3852,25.0776,7.1954,2.4234
3853,25.1465,8.198,2.0801
3854,25.2154,7.8796,2.8299
3855,25.2843,7.0676,2.1871
3856,25.3532,4.8223,2.1664
3857,25.4221,3.3378,1.8754
3858,25.491,4.0598,1.6982
3859,25.5599,3.3616,1.2628
3860,25.6288,1.4747,1.2739
3861,25.6976,1.4572,2.5529
3862,25.7665,1.5221,2.2534
3863,25.8354,1.1364,1.2252
3864,25.9043,2.4646,1.6911
3865,25.9732,2.5213,1.5529
3866,26.0421,2.6823,1.9595
3867,26.111,2.587,2.3665
3868,26.1799,1.8503,1.9809
3869,26.2488,1.0845,2.0915
3870,26.3177,1.4668,2.2251
3871,26.3866,1.6364,3.0586
3872,26.4555,1.4473,2.536
3873,26.5244,2.807,2.1227
3874,26.5933,2.9812,2.2364
3875,26.6622,3.6912,2.1637
3876,26.7311,4.3333,2.4448
3877,26.8,7.6675,3.3875
3878,26.8689,17.3011,4.4907
3879,26.9377,31.0655,6.8569
3880,27.0066,41.7413,8.2005
3881,27.0755,34.8661,7.9901
3882,27.1444,25.5187,6.1332
3883,27.2133,14.6208,2.917
3884,27.2822,9.8362,1.7745
3885,27.3511,6.7998,1.4802
3886,27.42,3.7523,0.8099
3887,27.4889,3.013,0.5847
3888,27.5578,2.3784,0.7618
3889,27.6267,1.7084,0.448
3890,27.6956,1.5978,0.7136
3891,27.7645,1.2408,0.6645
3892,27.8334,2.0701,0.5504
3893,27.9023,1.8395,1.0007
3894,27.9712,1.2914,0.6901
3895,28.0401,1.1301,0.5755
3896,28.109,1.368,0.7167
3897,28.1778,1.8201,0.548
3898,28.2467,2.6813,1.1684
3899,28.3156,2.5832,2.0966
3900,28.3845,2.5847,3.0403
3901,28.4534,2.0384,2.6961
3902,28.5223,2.3206,2.1447
3903,28.5912,1.4699,0.8049
3904,28.6601,0.9042,0.5632
3905,28.729,1.0836,0.8211
3906,28.7979,1.0034,0.3882
3907,28.8668,1.5997,0.3544
3908,28.9357,1.3719,0.4429
3909,29.0046,1.145,0.251
3910,29.0735,1.2878,0.5199
3911,29.1424,1.4782,0.9752
3912,29.2113,1.6447,0.2729
3913,29.2802,1.9914,0.7714
3914,29.3491,1.9555,0.5577
3915,29.4179,2.9509,0.9468
3916,29.4868,4.8366,1.2679
3917,29.5557,6.1049,1.4314
3918,29.6246,9.4186,1.7127
3919,29.6935,9.9945,1.901
3920,29.7624,12.443,2.2565
3921,29.8313,13.1811,2.7636
3922,29.9002,11.6899,3.151
3923,29.9691,12.5193,3.3651
3924,30.038,11.1381,3.713
3925,30.1069,10.9249,4.1816
3926,30.1758,16.5761,5.0361
3927,30.2447,23.0769,5.5704
3928,30.3136,20.9598,5.2086
3929,30.3825,10.7262,4.2875
3930,30.4514,5.7117,2.7271
3931,30.5203,5.2872,1.7156
3932,30.5892,3.2931,1.2763
3933,30.6581,2.8306,1.1425
3934,30.7269,3.4727,1.309
3935,30.7958,2.3472,1.6727
3936,30.8647,2.2489,1.8846
3937,30.9336,2.4192,1.3709
3938,31.0025,1.6066,0.8025
3939,31.0714,1.9287,1.1239
3940,31.1403,1.28,1.2742
3941,31.2092,1.3824,1.0919
3942,31.2781,1.7278,1.8209
3943,31.347,1.9293,1.5922
3944,31.4159,0.966,1.21
3945,31.4848,1.365,1.5887
3946,31.5537,1.3434,1.3073
3947,31.6226,1.715,1.2286
3948,31.6915,2.7315,1.0333
3949,31.7604,2.2016,1.3885
3950,31.8293,1.7194,1.2998
3951,31.8982,1.9864,1.6413
3952,31.967,2.4936,2.3696
3953,32.0359,3.4869,2.2007
3954,32.1048,4.2397,1.4045
3955,32.1737,8.6225,1.7237
3956,32.2426,11.1024,2.9828
3957,32.3115,12.5263,2.8868
3958,32.3804,12.384,2.9615
3959,32.4493,8.81,2.9385
3960,32.5182,5.6098,2.4214
3961,32.5871,4.1727,2.5522
3962,32.656,1.3123,1.9314
3963,32.7249,1.3451,1.7728
3964,32.7938,1.8089,1.5219
3965,32.8627,1.8397,1.3958
3966,32.9316,0.982,0.913
3967,33.0005,0.7532,0.7334
3968,33.0694,0.5585,0.7035
3969,33.1383,0.9145,0.7871
3970,33.2071,0.8215,0.5936
3971,33.276,0.5939,0.7417
3972,33.3449,0.7968,0.8807
3973,33.4138,0.7654,0.5264
3974,33.4827,0.5479,0.7686
3975,33.5516,0.5271,0.3904
3976,33.6205,0.7577,0.245
3977,33.6894,0.9317,0.1589
3978,33.7583,1.3019,0.7032
3979,33.8272,0.7705,0.6104
3980,33.8961,0.9648,0.5623
3981,33.965,1.0475,1.3717
3982,34.0339,2.1861,0.9998
3983,34.1028,1.43,1.0735
3984,34.1717,1.5282,1.3856
3985,34.2406,2.1535,1.6952
3986,34.3095,3.2421,1.1624
3987,34.3784,3.3713,0.5705
3988,34.4472,4.5932,1.0479
3989,34.5161,6.0429,1.2588
3990,34.585,7.0605,2.3069
3991,34.6539,5.8423,1.9577
3992,34.7228,5.5199,1.8955
3993,34.7917,5.6103,1.3959
3994,34.8606,6.291,1.5092
3995,34.9295,6.5898,1.566
3996,34.9984,5.27,2.2287
3997,35.0673,5.075,1.6223
3998,35.1362,6.225,2.0458
3999,35.2051,5.6253,2.5345
4000,35.274,4.934,2.8008
4001,35.3429,4.6347,2.2921
4002,35.4118,4.545,2.0785
4003,35.4807,3.1618,1.8229
4004,35.5496,3.6119,1.5949
4005,35.6185,5.1948,1.7933
4006,35.6873,5.691,2.1142
4007,35.7562,4.1809,2.6413
4008,35.8251,3.0353,1.7961
4009,35.894,5.0229,1.8087
4010,35.9629,4.572,2.5274
4011,36.0318,4.6547,3.4095
4012,36.1007,5.4498,3.4698
4013,36.1696,5.974,3.8263
4014,36.2385,6.7066,3.4092
4015,36.3074,4.6995,2.7088
4016,36.3763,4.4546,2.4956
4017,36.4452,6.8728,2.8465
4018,36.5141,11.3087,2.8482
4019,36.583,12.6039,3.8626
4020,36.6519,20.5086,3.407
4021,36.7208,21.7653,3.6335
4022,36.7897,18.4413,4.2946
4023,36.8586,14.4092,3.6031
4024,36.9274,13.6883,3.357
4025,36.9963,17.9388,3.4065
4026,37.0652,20.1139,3.4326
4027,37.1341,14.4655,2.9859
4028,37.203,13.365,3.1681
4029,37.2719,13.2121,3.2499
4030,37.3408,16.0353,3.006
4031,37.4097,20.4376,2.6278
4032,37.4786,29.3276,3.0739
4033,37.5475,38.1573,3.8493
4034,37.6164,36.1131,4.1148
4035,37.6853,32.1914,4.2263
4036,37.7542,26.2969,5.2779
4037,37.8231,15.1255,6.0181
4038,37.892,8.699,6.0478
4039,37.9609,6.6302,4.8513
4040,38.0298,6.2874,3.9864
4041,38.0987,8.2918,3.8914
4042,38.1675,5.5043,3.4866
4043,38.2364,5.1785,3.1305
4044,38.3053,7.9884,4.3604
4045,38.3742,10.1764,4.8382
4046,38.4431,13.684,4.1311
4047,38.512,17.6267,3.7958
4048,38.5809,16.9076,2.7556
4049,38.6498,12.137,3.0341
4050,38.7187,10.1309,2.331
4051,38.7876,8.9689,1.1886
4052,38.8565,6.0998,1.2911
4053,38.9254,6.1303,1.5256
4054,38.9943,6.0662,1.3538
4055,39.0632,4.903,1.2921
4056,39.1321,4.3996,1.9891
4057,39.201,4.0153,2.2126
4058,39.2699,5.3092,2.2637
4059,39.3388,8.0757,2.5244
4060,39.4076,9.6432,2.8288
4061,39.4765,14.7296,3.5811
4062,39.5454,24.1287,3.7374
4063,39.6143,28.3637,4.3483
4064,39.6832,29.3534,3.2579
4065,39.7521,27.4373,4.3534
4066,39.821,28.4914,4.6379
4067,39.8899,22.7958,4.3875
4068,39.9588,17.8473,4.6079
4069,40.0277,13.7871,3.9149
4070,40.0966,10.3596,3.4178
4071,40.1655,11.1443,4.1564
4072,40.2344,11.2662,4.1175
4073,40.3033,13.8454,3.9442
4074,40.3722,13.7772,3.6264
4075,40.4411,15.2997,4.3302
4076,40.51,20.3052,3.8312
4077,40.5789,23.2596,3.239
4078,40.6478,18.4858,3.8589
4079,40.7166,11.8649,3.1748
4080,40.7855,6.1644,2.6977
4081,40.8544,4.3944,1.8175
4082,40.9233,3.0067,1.4189
4083,40.9922,2.1067,2.1045
4084,41.0611,1.2086,2.2227
4085,41.13,1.6236,2.453
4086,41.1989,1.7735,2.0266
4087,41.2678,2.3021,1.8299
4088,41.3367,4.2655,1.9337
4089,41.4056,4.9809,1.295
4090,41.4745,6.9326,1.6148
4091,41.5434,8.1109,1.6655
4092,41.6123,6.0035,1.3627
4093,41.6812,6.9049,1.8156
4094,41.7501,6.1014,2.3191
4095,41.819,2.1799,2.0685
4096,41.8879,2.5074,1.979
4097,41.9567,2.2479,1.8212
4098,42.0256,2.2962,1.6963
4099,42.0945,2.2773,2.0945
4100,42.1634,3.3591,2.2339
4101,42.2323,3.7917,2.5443
4102,42.3012,5.622,3.0416
4103,42.3701,6.244,2.0276
4104,42.439,5.13,1.3922
4105,42.5079,3.9447,1.9495
4106,42.5768,2.843,1.8903
4107,42.6457,5.2266,2.3828
4108,42.7146,7.7302,3.7652
4109,42.7835,11.2931,3.2412
4110,42.8524,18.3361,3.335
4111,42.9213,21.1986,2.75
4112,42.9902,14.9537,3.3827
4113,43.0591,11.0225,2.9628
4114,43.128,9.2468,3.2387
4115,43.1968,8.9929,2.1192
4116,43.2657,12.4512,1.1503
4117,43.3346,15.4281,1.2175
4118,43.4035,14.1496,1.7261
4119,43.4724,13.5965,1.7424
4120,43.5413,10.8456,2.1858
4121,43.6102,9.6073,2.2563
4122,43.6791,7.6624,2.6891
4123,43.748,4.7199,2.5504
4124,43.8169,3.4583,2.6483
4125,43.8858,2.9717,2.2694
4126,43.9547,3.9957,1.3615
4127,44.0236,3.1461,1.4865
4128,44.0925,3.0535,1.0331
4129,44.1614,3.1537,0.8308
4130,44.2303,4.7024,0.8139
4131,44.2992,4.6436,0.9393
4132,44.3681,4.5179,1.4665
4133,44.437,5.2912,0.905
4134,44.5058,5.6458,1.0669
4135,44.5747,7.1526,1.3853
4136,44.6436,9.7959,1.6155
4137,44.7125,14.0488,2.2264
4138,44.7814,19.1488,3.4341
4139,44.8503,30.5761,3.1028
4140,44.9192,47.5983,5.0441
4141,44.9881,65.7739,5.2695
4142,45.057,90.1025,7.0288
4143,45.1259,96.2611,12.1675
4144,45.1948,87.365,11.1026
4145,45.2637,56.1925,9.4782
4360,0.0,18.5281,4.63043
4361,0.0689,14.0882,4.61556
4362,0.1378,10.9887,4.88051
4363,0.2067,14.2601,5.58174
4364,0.2756,19.6193,7.80519
4365,0.3445,20.5999,5.51209
4366,0.4134,17.5306,5.43743
4367,0.4823,11.723,4.67767
4368,0.5512,6.6998,3.1486
4369,0.6201,6.3421,2.51288
4370,0.6889,6.6551,2.06341
4371,0.7578,4.4797,2.12966
4372,0.8267,3.375,2.10598
4373,0.8956,3.0887,1.86753
4374,0.9645,3.0625,2.16523
4375,1.0334,2.7964,2.29545
4376,1.1023,4.0771,2.15834
4377,1.1712,4.7316,1.70244
4378,1.2401,3.8821,1.7576
4379,1.309,3.6863,1.96169
4380,1.3779,6.9666,2.37274
4381,1.4468,7.2904,3.07931
4382,1.5157,11.7742,4.24039
4383,1.5846,17.0602,5.09814
4384,1.6535,15.4129,4.13636
4385,1.7224,15.8097,4.22605
4386,1.7913,11.8528,3.25261
4387,1.8602,9.1624,3.04423
4388,1.929,6.7291,2.50274
4389,1.9979,4.543,1.62787
4390,2.0668,5.8429,1.05429
4391,2.1357,9.9733,1.2841
4392,2.2046,9.7667,1.65585
4393,2.2735,10.862,1.57669
4394,2.3424,8.0885,1.4211
4395,2.4113,4.9362,0.73215
4396,2.4802,2.6748,0.73074
4397,2.5491,2.5692,0.83715
4398,2.618,3.1794,1.41757
4399,2.6869,1.3788,1.52515
4400,2.7558,2.5749,1.7911
4401,2.8247,2.7266,1.54117
4402,2.8936,2.4269,1.5738
4403,2.9625,3.6404,1.52823
4404,3.0314,3.4125,1.44383
4405,3.1003,4.5756,1.53848
4406,3.1691,7.005,1.7011
4407,3.238,7.2333,2.04947
4408,3.3069,8.3738,1.97846
4409,3.3758,13.2242,1.81771
4410,3.4447,18.36,1.69845
4411,3.5136,18.0041,1.92274
4412,3.5825,15.1467,1.71945
4413,3.6514,9.9957,2.33547
4414,3.7203,7.1414,2.67567
4415,3.7892,6.1635,1.86459
4416,3.8581,4.1137,1.61949
4417,3.927,2.5255,1.39565
4418,3.9959,3.3985,1.13118
4419,4.0648,4.5376,0.7445
4420,4.1337,6.8386,1.30517
4421,4.2026,4.6644,1.79243
4422,4.2715,3.9304,2.04584
4423,4.3404,4.0477,1.83564
4424,4.4092,3.9453,2.18047
4425,4.4781,4.0967,2.23159
4426,4.547,3.8668,1.95079
4427,4.6159,4.5556,2.39714
4428,4.6848,3.3963,1.78678
4429,4.7537,2.0003,2.3433
4430,4.8226,2.5239,1.5795
4431,4.8915,2.7233,1.45999
4432,4.9604,2.8204,1.0323
4433,5.0293,4.4692,1.04847
4434,5.0982,6.3576,1.14571
4435,5.1671,6.1236,1.6692
4436,5.236,7.7003,1.9455
4437,5.3049,8.3406,2.34962
4438,5.3738,8.5161,4.24834
4439,5.4427,8.967,4.21773
4440,5.5116,12.6764,4.80171
4441,5.5805,15.1633,4.8733
4442,5.6493,14.854,4.74942
4443,5.7182,14.9477,4.24394
4444,5.7871,19.6519,3.64587
4445,5.856,35.1952,3.23474
4446,5.9249,40.3969,4.41732
4447,5.9938,32.5741,4.74171
4448,6.0627,22.1816,4.31809
4449,6.1316,13.3351,4.70558
4450,6.2005,10.7608,4.98344
4451,6.2694,9.2801,5.01649
4452,6.3383,11.6116,4.37438
4453,6.4072,10.9123,3.47908
4454,6.4761,8.7033,3.20609
4455,6.545,6.0762,2.93345
4456,6.6139,4.7776,2.50018
4457,6.6828,5.1423,1.88165
4458,6.7517,3.0238,1.88734
4459,6.8206,3.6086,1.64313
4460,6.8894,3.3383,1.98218
4461,6.9583,6.1569,1.72875
4462,7.0272,6.6448,2.05869
4463,7.0961,7.5507,2.32239
4464,7.165,7.4556,2.43806
4465,7.2339,8.2462,2.81188
4466,7.3028,6.0369,2.37622
4467,7.3717,3.2849,2.0921
4468,7.4406,3.0784,2.15454
4469,7.5095,3.3053,1.38544
4470,7.5784,4.2759,0.92229
4471,7.6473,6.474,0.95116
4472,7.7162,8.738,1.14123
4473,7.7851,10.326,0.92789
4474,7.854,11.6251,1.52836
4475,7.9229,15.8882,1.82586
4476,7.9918,22.8124,1.61827
4477,8.0607,36.306,2.95175
4478,8.1296,54.6419,4.64875
4479,8.1984,71.322,6.26174
4480,8.2673,73.6476,8.2191
4481,8.3362,64.5781,9.71658
4482,8.4051,37.9919,7.43331
4483,8.474,21.1249,6.08147
4484,8.5429,10.9705,4.493
4485,8.6118,6.6554,3.13254
4486,8.6807,5.8386,2.44705
4487,8.7496,6.3595,1.93238
4488,8.8185,2.3528,2.20505
4489,8.8874,2.0945,3.093
4490,8.9563,2.3777,2.31714
4491,9.0252,3.9343,2.33416
4492,9.0941,3.3114,2.78373
4493,9.163,3.1439,2.47363
4494,9.2319,2.8136,2.46344
4495,9.3008,2.8245,2.7982
4496,9.3697,3.6021,2.84988
4497,9.4385,5.1623,2.55515
4498,9.5074,3.8503,2.64259
4499,9.5763,5.6245,2.41293
4500,9.6452,6.0559,2.25463
4501,9.7141,4.3452,2.52854
4502,9.783,2.429,2.31683
4503,9.8519,2.2212,2.0127
4504,9.9208,2.8988,1.69158
4505,9.9897,3.0096,1.66519
4506,10.0586,3.8325,1.47836
4507,10.1275,5.3418,1.63215
4508,10.1964,5.8439,2.37211
4509,10.2653,6.0379,2.04775
4510,10.3342,5.1357,2.52105
4511,10.4031,4.2073,2.63881
4512,10.472,4.0893,2.83481
4513,10.5409,5.8599,3.09235
4514,10.6098,4.492,3.01145
4515,10.6786,5.4784,3.50856
4516,10.7475,3.1886,2.6069
4517,10.8164,3.0658,2.15922
4518,10.8853,3.602,2.10638
4519,10.9542,3.5204,2.53683
4520,11.0231,4.5445,2.49644
4521,11.092,5.187,2.00678
4522,11.1609,7.2638,1.91366
4523,11.2298,10.0522,2.05596
4524,11.2987,10.3317,2.69249
4525,11.3676,7.9018,2.93868
4526,11.4365,8.722,2.41392
4527,11.5054,8.5069,2.46627
4528,11.5743,4.2537,2.4615
4529,11.6432,5.1613,1.89184
4530,11.7121,6.6153,2.3624
4531,11.781,8.1966,2.03716
4532,11.8499,9.671,1.67881
4533,11.9187,6.0127,2.06689
4534,11.9876,5.7561,2.19574
4535,12.0565,4.6883,1.08856
4536,12.1254,2.6659,1.16928
4537,12.1943,2.1662,1.00175
4538,12.2632,2.0077,0.70882
4539,12.3321,2.4023,0.97714
4540,12.401,3.2763,0.9831
4541,12.4699,1.8933,0.84423
4542,12.5388,1.6921,1.49475
4543,12.6077,1.7496,1.33831
4544,12.6766,0.9913,1.72983
4545,12.7455,0.9092,2.02139
4546,12.8144,1.343,1.28157
4547,12.8833,1.2991,2.1384
4548,12.9522,1.8391,2.41933
4549,13.0211,3.7864,2.49754
4550,13.09,4.0278,2.63297
4551,13.1588,6.3883,2.95214
4552,13.2277,9.7142,2.77925
4553,13.2966,10.5029,2.64955
4554,13.3655,14.3513,3.06919
4555,13.4344,13.8863,2.05849
4556,13.5033,9.0362,2.00216
4557,13.5722,8.3256,2.57643
4558,13.6411,9.5747,2.24814
4559,13.71,12.2272,3.07708
4560,13.7789,11.9937,3.0708
4561,13.8478,12.2409,2.64389
4562,13.9167,8.7166,1.8132
4563,13.9856,3.3331,1.39603
4564,14.0545,3.4332,0.72848
4565,14.1234,3.0865,1.07379
4566,14.1923,4.4082,1.77081
4567,14.2612,6.2633,1.34722
4568,14.3301,4.336,1.30588
4569,14.3989,3.9858,1.18127
4570,14.4678,6.1803,0.96052
4571,14.5367,7.3173,1.57206
4572,14.6056,7.9191,2.71679
4573,14.6745,7.8855,4.04441
4574,14.7434,11.0709,4.78525
4575,14.8123,21.1086,5.291
4576,14.8812,24.6004,5.23846
4577,14.9501,24.2998,5.24342
4578,15.019,17.7374,4.84708
4579,15.0879,13.9513,4.33449
4580,15.1568,11.2126,4.61491
4581,15.2257,11.9004,3.35396
4582,15.2946,9.4504,2.36622
4583,15.3635,10.3687,1.84216
4584,15.4324,10.8847,2.26895
4585,15.5013,10.6511,2.01944
4586,15.5702,11.0578,1.5844
4587,15.6391,11.0436,1.18859
4588,15.7079,9.0692,1.61996
4589,15.7768,7.7746,1.60721
4590,15.8457,5.1925,1.13447
4591,15.9146,5.081,0.95848
4592,15.9835,4.0508,1.35629
4593,16.0524,4.9517,1.47105
4594,16.1213,6.4373,1.63057
4595,16.1902,5.5893,1.68188
4596,16.2591,10.6287,1.4184
4597,16.328,15.4849,1.74569
4598,16.3969,11.5006,2.16984
4599,16.4658,11.4474,2.67231
4600,16.5347,11.3619,3.14098
4601,16.6036,7.7783,3.57055
4602,16.6725,9.3655,3.62406
4603,16.7414,10.0696,4.70754
4604,16.8103,16.2179,6.74044
4605,16.8792,17.8184,8.86271
4606,16.948,20.6209,7.89749
4607,17.0169,21.7585,6.20406
4608,17.0858,22.0691,5.52737
4609,17.1547,16.341,3.62042
4610,17.2236,9.3643,2.11193
4611,17.2925,4.7572,1.38029
4612,17.3614,3.9062,1.24029
4613,17.4303,5.24,1.17571
4614,17.4992,6.2897,1.72779
4615,17.5681,9.1044,2.51251
4616,17.637,15.7177,3.20026
4617,17.7059,22.2625,3.30484
4618,17.7748,29.7777,2.35519
4619,17.8437,35.6015,3.87618
4620,17.9126,35.807,4.27368
4621,17.9815,40.8612,4.96323
4622,18.0504,36.3471,3.96174
4623,18.1193,30.6405,3.86133
4624,18.1881,24.3629,3.41145
4625,18.257,18.153,2.71458
4626,18.3259,14.5607,2.7605
4627,18.3948,9.8116,2.27924
4628,18.4637,7.0916,2.03981
4629,18.5326,6.1152,2.13091
4630,18.6015,6.4114,2.46475
4631,18.6704,5.7204,2.09051
4632,18.7393,6.4151,2.10587
4633,18.8082,6.6878,3.32897
4634,18.8771,11.3866,3.63988
4635,18.946,14.998,3.60235
4636,19.0149,18.3481,3.59433
4637,19.0838,15.0037,3.20905
4638,19.1527,13.686,3.10914
4639,19.2216,12.6063,2.11829
4640,19.2905,12.7638,2.36279
4641,19.3594,18.6518,2.78988
4642,19.4282,25.5405,2.84685
4643,19.4971,32.769,3.97878
4644,19.566,46.4375,3.68951
4645,19.6349,54.6154,3.95985
4646,19.7038,46.6417,4.90229
4647,19.7727,40.8026,4.03525
4648,19.8416,39.3431,3.52507
4649,19.9105,34.6081,3.55778
4650,19.9794,28.8674,4.08157
4651,20.0483,24.4462,4.05807
4652,20.1172,25.0419,4.56077
4653,20.1861,31.5221,4.51175
4654,20.255,34.1925,4.88296
4655,20.3239,30.0715,4.16741
4656,20.3928,27.1987,2.16419
4657,20.4617,15.352,1.67471
4658,20.5306,7.5362,1.66361
4659,20.5995,3.6885,1.14153
4660,20.6683,2.1302,1.26893
4661,20.7372,3.1058,1.28631
4662,20.8061,2.9697,0.93287
4663,20.875,2.7055,1.04441
4664,20.9439,2.2722,0.74487
4665,21.0128,2.4111,0.43
4666,21.0817,2.74,0.75561
4667,21.1506,5.0981,0.57614
4668,21.2195,8.1564,0.93417
4669,21.2884,13.1329,1.29118
4670,21.3573,13.6672,1.6847
4671,21.4262,11.184,2.36131
4672,21.4951,8.8948,2.34932
4673,21.564,6.4774,2.01234
4674,21.6329,5.7314,1.97124
4675,21.7018,3.7081,1.21335
4676,21.7707,2.883,0.87837
4677,21.8396,2.5374,0.61932
4678,21.9084,2.8834,0.66253
4679,21.9773,2.5877,1.10696
4680,22.0462,4.079,1.4896
4681,22.1151,6.9331,2.29881
4682,22.184,5.7067,2.05898
4683,22.2529,6.297,2.34029
4684,22.3218,6.3958,1.91287
4685,22.3907,7.7126,2.64528
4686,22.4596,9.7047,2.90475
4687,22.5285,9.6308,3.54554
4688,22.5974,7.7427,3.41662
4689,22.6663,9.8616,2.71104
4690,22.7352,12.3025,3.22246
4691,22.8041,12.43,3.67478
4692,22.873,13.3637,2.19729
4693,22.9419,14.1601,2.74496
4694,23.0108,14.1674,2.23729
4695,23.0797,11.2054,1.95068
4696,23.1486,8.944,2.1425
4697,23.2174,8.02,1.68467
4698,23.2863,8.5821,1.84349
4699,23.3552,9.036,2.07599
4700,23.4241,8.8516,1.76092
4701,23.493,10.0016,2.73068
4702,23.5619,9.2115,2.71582
4703,23.6308,13.5288,2.37467
4704,23.6997,13.7555,2.06258
4705,23.7686,15.3856,2.78075
4706,23.8375,15.1927,3.42512
4707,23.9064,15.4505,4.01621
4708,23.9753,15.4998,3.85982
4709,24.0442,10.0737,2.9845
4710,24.1131,8.4162,2.04081
4711,24.182,5.6378,1.74346
4712,24.2509,3.3006,1.51617
4713,24.3198,2.7815,1.26771
4714,24.3887,3.3899,0.78459
4715,24.4575,3.5653,0.58914
4716,24.5264,4.1638,0.93437
4717,24.5953,3.3133,1.0323
4718,24.6642,3.1875,1.03251
4719,24.7331,3.3795,0.691
4720,24.802,3.0841,0.75103
4721,24.8709,2.5196,1.33074
4722,24.9398,2.3332,1.00202
4723,25.0087,2.7071,1.01368
4724,25.0776,3.819,1.18066
4725,25.1465,4.036,1.65167
4726,25.2154,4.9851,2.22132
4727,25.2843,6.4354,2.5511
4728,25.3532,7.2022,2.24761
4729,25.4221,7.3012,2.35413
4730,25.491,8.8645,3.04202
4731,25.5599,10.7308,2.94807
4732,25.6288,15.7307,3.67332
4733,25.6976,20.6267,4.79415
4734,25.7665,33.2287,6.11168
