Distance_(microns),Value,X1,Y1,X2,Y2,X3,Y3
0.0000,36.391,0.0000,12.299,0.0000,37.058,0.0000,51.464
0.0689,46.484,0.0689,11.596,0.0689,27.260,0.0689,40.912
0.1378,49.629,0.1378,10.670,0.1378,39.005,0.1378,39.621
0.2067,52.637,0.2067,10.980,0.2067,38.926,0.2067,37.344
0.2756,48.990,0.2756,9.643,0.2756,34.180,0.2756,38.221
0.3445,34.181,0.3445,16.658,0.3445,27.854,0.3445,43.651
0.4134,22.079,0.4134,20.023,0.4134,20.972,0.4134,48.817
0.4823,17.468,0.4823,24.637,0.4823,17.029,0.4823,45.185
0.5512,15.321,0.5512,24.833,0.5512,16.199,0.5512,30.106
0.6201,12.009,0.6201,26.285,0.6201,14.776,0.6201,22.256
0.6889,12.250,0.6889,30.225,0.6889,12.166,0.6889,20.886
0.7578,13.315,0.7578,31.924,0.7578,13.260,0.7578,17.032
0.8267,14.545,0.8267,23.371,0.8267,12.926,0.8267,14.889
0.8956,17.378,0.8956,20.177,0.8956,15.524,0.8956,21.502
0.9645,21.869,0.9645,19.548,0.9645,13.413,0.9645,24.236
1.0334,21.337,1.0334,14.489,1.0334,9.965,1.0334,25.117
1.1023,20.263,1.1023,13.725,1.1023,7.709,1.1023,31.349
1.1712,17.611,1.1712,14.018,1.1712,5.828,1.1712,35.974
1.2401,15.719,1.2401,16.404,1.2401,5.569,1.2401,40.354
1.3090,17.394,1.3090,21.523,1.3090,11.896,1.3090,50.788
1.3779,14.320,1.3779,20.676,1.3779,15.464,1.3779,58.662
1.4468,15.991,1.4468,19.412,1.4468,20.621,1.4468,69.336
1.5157,16.425,1.5157,18.793,1.5157,26.088,1.5157,86.722
1.5846,16.457,1.5846,13.777,1.5846,27.456,1.5846,97.554
1.6535,19.230,1.6535,11.056,1.6535,26.738,1.6535,86.496
1.7224,18.213,1.7224,14.137,1.7224,22.908,1.7224,65.100
1.7913,14.745,1.7913,19.000,1.7913,15.483,1.7913,43.984
1.8602,13.396,1.8602,25.648,1.8602,13.958,1.8602,30.526
1.9290,13.170,1.9290,26.027,1.9290,12.566,1.9290,29.699
1.9979,16.332,1.9979,28.273,1.9979,9.267,1.9979,27.015
2.0668,12.877,2.0668,26.562,2.0668,8.394,2.0668,26.476
2.1357,10.307,2.1357,28.621,2.1357,9.127,2.1357,25.309
2.2046,9.579,2.2046,31.580,2.2046,8.820,2.2046,27.321
2.2735,7.709,2.2735,34.051,2.2735,9.122,2.2735,26.376
2.3424,8.682,2.3424,34.972,2.3424,8.894,2.3424,22.254
2.4113,7.296,2.4113,41.955,2.4113,10.283,2.4113,15.099
2.4802,10.010,2.4802,52.197,2.4802,10.844,2.4802,9.527
2.5491,8.809,2.5491,55.381,2.5491,11.114,2.5491,8.289
2.6180,8.621,2.6180,51.496,2.6180,13.959,2.6180,8.856
2.6869,11.137,2.6869,57.426,2.6869,10.271,2.6869,9.534
2.7558,13.265,2.7558,57.823,2.7558,9.695,2.7558,12.358
2.8247,16.426,2.8247,54.824,2.8247,10.325,2.8247,13.542
2.8936,17.460,2.8936,41.122,2.8936,9.736,2.8936,13.259
2.9625,10.856,2.9625,31.408,2.9625,8.509,2.9625,14.663
3.0314,10.347,3.0314,25.171,3.0314,8.917,3.0314,14.406
3.1003,11.728,3.1003,24.033,3.1003,9.680,3.1003,15.534
3.1691,11.103,3.1691,21.057,3.1691,10.979,3.1691,17.930
3.2380,7.240,3.2380,17.363,3.2380,12.305,3.2380,22.054
3.3069,5.513,3.3069,18.375,3.3069,17.657,3.3069,23.324
3.3758,5.126,3.3758,21.078,3.3758,22.417,3.3758,23.190
3.4447,4.888,3.4447,29.197,3.4447,29.977,3.4447,22.531
3.5136,4.184,3.5136,33.472,3.5136,38.001,3.5136,20.740
3.5825,4.346,3.5825,41.415,3.5825,36.571,3.5825,24.192
3.6514,4.600,3.6514,49.569,3.6514,34.621,3.6514,30.756
3.7203,5.186,3.7203,53.263,3.7203,34.472,3.7203,36.325
3.7892,6.395,3.7892,55.450,3.7892,28.336,3.7892,40.228
3.8581,6.651,3.8581,49.077,3.8581,30.252,3.8581,36.622
3.9270,4.669,3.9270,45.267,3.9270,31.626,3.9270,33.005
3.9959,3.210,3.9959,47.374,3.9959,40.531,3.9959,27.384
4.0648,4.415,4.0648,58.758,4.0648,56.884,4.0648,20.743
4.1337,4.846,4.1337,65.581,4.1337,69.586,4.1337,17.963
4.2026,5.456,4.2026,80.094,4.2026,81.781,4.2026,17.394
4.2715,4.990,4.2715,91.355,4.2715,93.230,4.2715,17.249
4.3404,5.546,4.3404,91.299,4.3404,90.651,4.3404,21.621
4.4092,7.805,4.4092,90.186,4.4092,77.046,4.4092,22.392
4.4781,9.664,4.4781,81.995,4.4781,62.899,4.4781,24.359
4.5470,14.313,4.5470,69.843,4.5470,51.370,4.5470,22.664
4.6159,21.134,4.6159,72.459,4.6159,41.783,4.6159,21.654
4.6848,30.968,4.6848,71.086,4.6848,28.340,4.6848,21.171
4.7537,45.195,4.7537,61.895,4.7537,24.225,4.7537,21.513
4.8226,62.877,4.8226,42.555,4.8226,20.753,4.8226,24.024
4.8915,76.680,4.8915,34.739,4.8915,16.125,4.8915,29.066
4.9604,85.724,4.9604,29.031,4.9604,18.141,4.9604,35.519
5.0293,73.575,5.0293,20.937,5.0293,20.042,5.0293,37.825
5.0982,57.619,5.0982,15.485,5.0982,21.332,5.0982,38.192
5.1671,44.647,5.1671,13.219,5.1671,28.012,5.1671,36.182
5.2360,33.318,5.2360,10.875,5.2360,26.802,5.2360,31.479
5.3049,25.235,5.3049,9.974,5.3049,29.516,5.3049,26.378
5.3738,16.625,5.3738,8.429,5.3738,30.398,5.3738,20.266
5.4427,17.827,5.4427,7.463,5.4427,25.503,5.4427,15.192
5.5116,22.672,5.5116,8.960,5.5116,24.429,5.5116,12.579
5.5805,25.589,5.5805,9.125,5.5805,25.493,5.5805,11.779
5.6493,28.995,5.6493,15.074,5.6493,25.465,5.6493,16.844
5.7182,28.770,5.7182,19.140,5.7182,27.386,5.7182,21.962
5.7871,33.710,5.7871,24.508,5.7871,22.342,5.7871,27.147
5.8560,29.526,5.8560,22.946,5.8560,22.527,5.8560,34.296
5.9249,27.065,5.9249,20.007,5.9249,29.217,5.9249,49.000
5.9938,21.432,5.9938,20.853,5.9938,31.242,5.9938,71.406
6.0627,17.623,6.0627,25.057,6.0627,29.708,6.0627,96.249
6.1316,17.443,6.1316,24.644,6.1316,25.783,6.1316,109.309
6.2005,15.933,6.2005,21.603,6.2005,18.213,6.2005,114.210
6.2694,14.450,6.2694,16.621,6.2694,14.539,6.2694,103.042
6.3383,14.363,6.3383,12.124,6.3383,13.143,6.3383,83.934
6.4072,16.850,6.4072,8.408,6.4072,15.493,6.4072,60.349
6.4761,22.350,6.4761,6.901,6.4761,22.339,6.4761,44.520
6.5450,28.985,6.5450,6.396,6.5450,31.998,6.5450,31.736
6.6139,39.970,6.6139,5.489,6.6139,36.527,6.6139,21.848
6.6828,45.415,6.6828,7.422,6.6828,43.173,6.6828,18.335
6.7517,55.473,6.7517,11.629,6.7517,38.692,6.7517,12.385
6.8206,72.211,6.8206,13.101,6.8206,31.813,6.8206,13.082
6.8894,80.163,6.8894,10.486,6.8894,29.134,6.8894,15.984
6.9583,74.366,6.9583,10.055,6.9583,33.442,6.9583,11.533
7.0272,58.932,7.0272,10.186,7.0272,38.447,7.0272,9.565
7.0961,47.169,7.0961,12.318,7.0961,38.604,7.0961,10.068
7.1650,34.309,7.1650,19.013,7.1650,34.550,7.1650,10.870
7.2339,25.717,7.2339,26.693,7.2339,31.987,7.2339,11.904
7.3028,22.038,7.3028,28.489,7.3028,29.940,7.3028,12.064
7.3717,21.279,7.3717,33.232,7.3717,24.750,7.3717,12.975
7.4406,18.227,7.4406,30.491,7.4406,21.732,7.4406,17.213
7.5095,25.079,7.5095,31.810,7.5095,21.088,7.5095,14.580
7.5784,28.277,7.5784,28.586,7.5784,20.961,7.5784,12.744
7.6473,29.419,7.6473,22.570,7.6473,22.010,7.6473,12.721
7.7162,23.016,7.7162,15.164,7.7162,18.332,7.7162,14.367
7.7851,16.507,7.7851,12.461,7.7851,15.546,7.7851,14.689
7.8540,10.871,7.8540,13.689,7.8540,11.661,7.8540,14.886
7.9229,7.036,7.9229,10.038,7.9229,9.059,7.9229,10.739
7.9918,6.731,7.9918,9.643,7.9918,6.668,7.9918,9.566
8.0607,5.686,8.0607,7.920,8.0607,7.801,8.0607,8.559
8.1296,7.953,8.1296,5.396,8.1296,9.002,8.1296,9.296
8.1984,8.614,8.1984,4.699,8.1984,8.925,8.1984,8.366
8.2673,14.580,8.2673,5.859,8.2673,8.520,8.2673,8.207
8.3362,19.654,8.3362,12.658,8.3362,9.943,8.3362,6.149
8.4051,24.743,8.4051,31.107,8.4051,11.721,8.4051,4.525
8.4740,25.382,8.4740,47.194,8.4740,12.157,8.4740,4.060
8.5429,29.399,8.5429,60.175,8.5429,12.958,8.5429,5.593
8.6118,21.428,8.6118,49.964,8.6118,9.679,8.6118,4.737
8.6807,17.911,8.6807,35.523,8.6807,9.681,8.6807,4.206
8.7496,10.629,8.7496,25.096,8.7496,11.924,8.7496,3.528
8.8185,6.656,8.8185,22.887,8.8185,17.230,8.8185,3.282
8.8874,7.051,8.8874,20.104,8.8874,21.126,8.8874,2.812
8.9563,6.441,8.9563,17.793,8.9563,22.989,8.9563,2.849
9.0252,4.989,9.0252,16.983,9.0252,22.928,9.0252,3.641
9.0941,5.917,9.0941,15.012,9.0941,18.276,9.0941,4.226
9.1630,7.347,9.1630,15.443,9.1630,15.353,9.1630,4.216
9.2319,10.178,9.2319,15.593,9.2319,14.787,9.2319,3.530
9.3008,8.116,9.3008,16.869,9.3008,12.825,9.3008,3.926
9.3697,7.644,9.3697,19.965,9.3697,10.632,9.3697,4.240
9.4385,6.742,9.4385,21.487,9.4385,8.849,9.4385,3.666
9.5074,6.063,9.5074,24.017,9.5074,12.394,9.5074,2.784
9.5763,5.533,9.5763,27.904,9.5763,18.556,9.5763,3.620
9.6452,5.189,9.6452,30.832,9.6452,21.620,9.6452,5.846
9.7141,6.183,9.7141,32.846,9.7141,23.188,9.7141,5.922
9.7830,7.527,9.7830,35.240,9.7830,17.543,9.7830,5.029
9.8519,11.572,9.8519,42.856,9.8519,15.851,9.8519,4.642
9.9208,16.718,9.9208,54.809,9.9208,13.929,9.9208,4.128
9.9897,20.156,9.9897,67.965,9.9897,17.810,9.9897,5.047
10.0586,25.455,10.0586,73.271,10.0586,20.399,10.0586,5.814
10.1275,23.780,10.1275,72.031,10.1275,27.009,10.1275,5.068
10.1964,22.940,10.1964,61.469,10.1964,35.653,10.1964,3.830
10.2653,26.343,10.2653,53.172,10.2653,44.638,10.2653,5.361
10.3342,25.351,10.3342,42.713,10.3342,59.407,10.3342,5.404
10.4031,26.001,10.4031,31.763,10.4031,65.535,10.4031,4.858
10.4720,21.425,10.4720,22.582,10.4720,63.600,10.4720,7.543
10.5409,26.517,10.5409,19.252,10.5409,54.338,10.5409,5.817
10.6098,26.223,10.6098,22.952,10.6098,40.785,10.6098,6.943
10.6786,25.507,10.6786,29.774,10.6786,27.936,10.6786,6.541
10.7475,23.349,10.7475,29.812,10.7475,20.148,10.7475,6.290
10.8164,17.064,10.8164,29.904,10.8164,14.141,10.8164,7.851
10.8853,9.105,10.8853,26.559,10.8853,10.742,10.8853,6.276
10.9542,8.441,10.9542,18.321,10.9542,8.531,10.9542,6.774
11.0231,10.193,11.0231,12.298,11.0231,8.436,11.0231,6.670
11.0920,13.141,11.0920,14.410,11.0920,7.186,11.0920,7.459
11.1609,17.506,11.1609,14.540,11.1609,6.275,11.1609,8.804
11.2298,15.385,11.2298,14.721,11.2298,7.578,11.2298,8.097
11.2987,12.272,11.2987,14.453,11.2987,6.297,11.2987,9.887
11.3676,9.716,11.3676,12.053,11.3676,5.173,11.3676,11.616
11.4365,7.011,11.4365,9.052,11.4365,4.041,11.4365,12.118
11.5054,6.303,11.5054,10.360,11.5054,3.505,11.5054,12.806
11.5743,4.263,11.5743,12.811,11.5743,4.583,11.5743,14.310
11.6432,3.109,11.6432,16.389,11.6432,4.842,11.6432,22.038
11.7121,4.276,11.7121,18.610,11.7121,4.227,11.7121,31.618
11.7810,2.609,11.7810,24.625,11.7810,5.186,11.7810,37.359
11.8499,2.316,11.8499,31.441,11.8499,5.767,11.8499,37.721
11.9187,3.818,11.9187,36.735,11.9187,9.324,11.9187,32.809
11.9876,4.801,11.9876,41.365,11.9876,10.570,11.9876,31.413
12.0565,5.232,12.0565,39.975,12.0565,11.307,12.0565,31.503
12.1254,5.873,12.1254,32.694,12.1254,13.607,12.1254,29.427
12.1943,8.596,12.1943,28.294,12.1943,10.706,12.1943,27.805
12.2632,12.846,12.2632,22.307,12.2632,10.017,12.2632,28.531
12.3321,17.361,12.3321,16.808,12.3321,12.020,12.3321,23.060
12.4010,21.279,12.4010,15.225,12.4010,15.467,12.4010,17.489
12.4699,23.802,12.4699,14.778,12.4699,13.316,12.4699,17.588
12.5388,30.218,12.5388,13.100,12.5388,12.885,12.5388,15.484
12.6077,40.938,12.6077,12.771,12.6077,9.393,12.6077,14.265
12.6766,46.212,12.6766,15.259,12.6766,5.849,12.6766,18.506
12.7455,46.668,12.7455,18.829,12.7455,4.328,12.7455,21.100
12.8144,49.781,12.8144,23.126,12.8144,4.591,12.8144,30.097
12.8833,55.343,12.8833,29.544,12.8833,6.980,12.8833,34.753
12.9522,57.304,12.9522,39.602,12.9522,9.378,12.9522,32.478
13.0211,49.458,13.0211,51.398,13.0211,12.466,13.0211,30.008
13.0900,32.399,13.0900,65.483,13.0900,14.356,13.0900,31.280
13.1588,21.760,13.1588,72.535,13.1588,14.104,13.1588,31.832
13.2277,16.183,13.2277,66.792,13.2277,13.793,13.2277,32.595
13.2966,16.777,13.2966,51.047,13.2966,14.071,13.2966,33.484
13.3655,18.799,13.3655,34.394,13.3655,18.612,13.3655,28.708
13.4344,17.073,13.4344,21.870,13.4344,23.187,13.4344,26.081
13.5033,13.958,13.5033,17.265,13.5033,22.673,13.5033,23.651
13.5722,16.558,13.5722,12.499,13.5722,23.649,13.5722,23.882
13.6411,21.251,13.6411,11.797,13.6411,22.102,13.6411,23.744
13.7100,25.753,13.7100,9.964,13.7100,18.933,13.7100,22.067
13.7789,32.323,13.7789,8.202,13.7789,15.190,13.7789,20.683
13.8478,35.778,13.8478,8.624,13.8478,10.563,13.8478,20.756
13.9167,36.772,13.9167,7.940,13.9167,9.582,13.9167,20.624
13.9856,31.525,13.9856,7.059,13.9856,11.259,13.9856,19.651
14.0545,21.743,14.0545,7.138,14.0545,15.940,14.0545,15.379
14.1234,13.242,14.1234,7.133,14.1234,24.712,14.1234,13.195
14.1923,9.916,14.1923,5.981,14.1923,38.737,14.1923,10.185
14.2612,10.507,14.2612,5.842,14.2612,62.579,14.2612,10.229
14.3301,11.569,14.3301,5.669,14.3301,85.387,14.3301,14.361
14.3989,12.780,14.3989,7.509,14.3989,88.021,14.3989,18.138
14.4678,16.006,14.4678,8.138,14.4678,67.111,14.4678,20.307
14.5367,21.570,14.5367,8.334,14.5367,41.941,14.5367,22.327
14.6056,21.894,14.6056,10.086,14.6056,25.814,14.6056,17.934
14.6745,22.418,14.6745,9.965,14.6745,21.441,14.6745,16.413
14.7434,21.483,14.7434,11.048,14.7434,18.019,14.7434,14.541
14.8123,20.422,14.8123,15.762,14.8123,16.727,14.8123,16.770
14.8812,16.790,14.8812,13.815,14.8812,16.144,14.8812,20.603
14.9501,11.349,14.9501,14.489,14.9501,15.842,14.9501,22.272
15.0190,7.738,15.0190,15.862,15.0190,14.635,15.0190,18.553
15.0879,5.087,15.0879,17.754,15.0879,12.988,15.0879,14.651
15.1568,5.221,15.1568,18.860,15.1568,13.674,15.1568,10.357
15.2257,4.805,15.2257,21.956,15.2257,12.614,15.2257,10.930
15.2946,4.746,15.2946,23.704,15.2946,12.690,15.2946,13.511
15.3635,5.831,15.3635,24.164,15.3635,16.495,15.3635,14.571
15.4324,6.609,15.4324,21.571,15.4324,21.127,15.4324,16.193
15.5013,9.633,15.5013,17.843,15.5013,21.041,15.5013,19.399
15.5702,12.420,15.5702,17.910,15.5702,17.973,15.5702,22.986
15.6391,14.758,15.6391,16.047,15.6391,15.448,15.6391,25.628
15.7079,15.634,15.7079,16.171,15.7079,15.951,15.7079,18.207
15.7768,14.674,15.7768,14.310,15.7768,16.635,15.7768,18.947
15.8457,15.330,15.8457,14.434,15.8457,15.299,15.8457,21.273
15.9146,25.263,15.9146,22.247,15.9146,14.400,15.9146,25.249
15.9835,31.503,15.9835,32.080,15.9835,14.181,15.9835,29.234
16.0524,34.437,16.0524,48.177,16.0524,16.958,16.0524,34.137
16.1213,31.203,16.1213,58.463,16.1213,19.854,16.1213,31.131
16.1902,27.030,16.1902,63.027,16.1902,23.939,16.1902,29.937
16.2591,18.597,16.2591,58.892,16.2591,16.892,16.2591,38.078
16.3280,11.962,16.3280,45.230,16.3280,13.408,16.3280,40.467
16.3969,9.488,16.3969,31.503,16.3969,13.179,16.3969,51.789
16.4658,5.307,16.4658,20.138,16.4658,16.107,16.4658,61.728
16.5347,5.511,16.5347,12.336,16.5347,13.447,16.5347,66.346
16.6036,6.642,16.6036,11.142,16.6036,14.324,16.6036,60.225
16.6725,5.921,16.6725,10.098,16.6725,11.835,16.6725,55.918
16.7414,4.300,16.7414,10.157,16.7414,11.578,16.7414,55.151
16.8103,5.414,16.8103,8.699,16.8103,12.918,16.8103,53.458
16.8792,5.627,16.8792,7.697,16.8792,14.689,16.8792,49.915
16.9480,4.480,16.9480,5.057,16.9480,15.240,16.9480,40.560
17.0169,3.901,17.0169,6.338,17.0169,14.564,17.0169,26.510
17.0858,3.553,17.0858,7.873,17.0858,12.626,17.0858,16.945
17.1547,3.993,17.1547,6.492,17.1547,10.781,17.1547,13.835
17.2236,4.070,17.2236,5.588,17.2236,10.090,17.2236,9.664
17.2925,5.107,17.2925,4.765,17.2925,8.649,17.2925,8.858
17.3614,4.310,17.3614,4.813,17.3614,9.023,17.3614,9.130
17.4303,4.056,17.4303,4.543,17.4303,9.951,17.4303,11.224
17.4992,5.488,17.4992,4.051,17.4992,13.807,17.4992,13.565
17.5681,5.476,17.5681,4.393,17.5681,17.146,17.5681,15.449
17.6370,7.424,17.6370,5.764,17.6370,18.694,17.6370,14.242
17.7059,6.778,17.7059,6.079,17.7059,20.098,17.7059,15.172
17.7748,6.739,17.7748,5.081,17.7748,21.331,17.7748,16.283
17.8437,3.408,17.8437,3.725,17.8437,15.884,17.8437,23.170
17.9126,4.000,17.9126,3.549,17.9126,13.977,17.9126,32.440
17.9815,3.337,17.9815,4.939,17.9815,10.463,17.9815,38.084
18.0504,4.764,18.0504,4.785,18.0504,12.857,18.0504,37.341
18.1193,4.723,18.1193,4.724,18.1193,15.601,18.1193,36.493
18.1881,5.330,18.1881,5.183,18.1881,17.520,18.1881,35.650
18.2570,5.614,18.2570,5.147,18.2570,19.842,18.2570,25.320
18.3259,7.907,18.3259,6.778,18.3259,24.540,18.3259,21.055
18.3948,10.158,18.3948,6.526,18.3948,32.010,18.3948,20.519
18.4637,8.878,18.4637,6.541,18.4637,37.281,18.4637,17.656
18.5326,8.722,18.5326,6.229,18.5326,42.945,18.5326,12.587
18.6015,9.991,18.6015,4.701,18.6015,44.121,18.6015,14.296
18.6704,13.870,18.6704,4.646,18.6704,35.964,18.6704,15.901
18.7393,20.484,18.7393,5.415,18.7393,26.534,18.7393,22.807
18.8082,26.603,18.8082,5.529,18.8082,20.906,18.8082,30.974
18.8771,30.800,18.8771,5.055,18.8771,18.241,18.8771,33.546
18.9460,39.281,18.9460,4.717,18.9460,15.257,18.9460,36.103
19.0149,47.818,19.0149,4.067,19.0149,15.736,19.0149,34.798
19.0838,55.790,19.0838,6.157,19.0838,17.391,19.0838,38.901
19.1527,50.196,19.1527,5.209,19.1527,17.224,19.1527,44.886
19.2216,49.060,19.2216,4.723,19.2216,19.812,19.2216,45.623
19.2905,53.756,19.2905,5.976,19.2905,18.909,19.2905,48.338
19.3594,60.579,19.3594,4.899,19.3594,18.392,19.3594,43.096
19.4282,64.935,19.4282,4.738,19.4282,18.578,19.4282,37.429
19.4971,61.921,19.4971,6.247,19.4971,17.435,19.4971,34.627
19.5660,59.675,19.5660,8.291,19.5660,12.975,19.5660,29.112
19.6349,54.195,19.6349,13.286,19.6349,10.395,19.6349,27.461
19.7038,44.878,19.7038,15.727,19.7038,8.523,19.7038,28.103
19.7727,28.302,19.7727,15.582,19.7727,7.351,19.7727,26.555
19.8416,24.130,19.8416,13.023,19.8416,8.742,19.8416,25.808
19.9105,24.408,19.9105,13.049,19.9105,11.259,19.9105,18.338
19.9794,31.635,19.9794,11.457,19.9794,11.126,19.9794,17.141
20.0483,42.627,20.0483,10.389,20.0483,12.616,20.0483,11.894
20.1172,43.873,20.1172,9.923,20.1172,13.369,20.1172,13.074
20.1861,46.906,20.1861,12.546,20.1861,13.152,20.1861,19.194
20.2550,45.130,20.2550,17.082,20.2550,14.614,20.2550,18.676
20.3239,36.030,20.3239,23.581,20.3239,14.603,20.3239,20.194
20.3928,27.802,20.3928,29.569,20.3928,12.107,20.3928,20.171
20.4617,24.051,20.4617,28.661,20.4617,11.873,20.4617,19.100
20.5306,30.965,20.5306,24.171,20.5306,10.658,20.5306,16.714
20.5995,35.091,20.5995,15.331,20.5995,7.112,20.5995,13.495
20.6683,36.985,20.6683,14.496,20.6683,9.724,20.6683,12.674
20.7372,28.544,20.7372,10.400,20.7372,8.984,20.7372,14.117
20.8061,18.351,20.8061,9.814,20.8061,7.504,20.8061,11.236
20.8750,11.252,20.8750,9.082,20.8750,6.629,20.8750,10.277
20.9439,10.224,20.9439,10.317,20.9439,5.796,20.9439,12.092
21.0128,9.667,21.0128,10.910,21.0128,5.286,21.0128,12.948
21.0817,6.066,21.0817,12.698,21.0817,7.842,21.0817,14.542
21.1506,3.327,21.1506,15.722,21.1506,8.574,21.1506,12.029
21.2195,3.443,21.2195,19.464,21.2195,8.004,21.2195,11.317
21.2884,3.825,21.2884,26.378,21.2884,7.465,21.2884,9.000
21.3573,5.734,21.3573,34.588,21.3573,7.623,21.3573,8.837
21.4262,6.317,21.4262,44.474,21.4262,8.507,21.4262,11.040
21.4951,4.708,21.4951,57.115,21.4951,10.703,21.4951,13.290
21.5640,5.180,21.5640,67.487,21.5640,15.383,21.5640,13.149
21.6329,5.810,21.6329,77.056,21.6329,19.103,21.6329,12.648
21.7018,4.476,21.7018,92.520,21.7018,22.365,21.7018,9.904
21.7707,5.301,21.7707,104.708,21.7707,21.780,21.7707,8.679
21.8396,2.894,21.8396,123.573,21.8396,21.383,21.8396,6.172
21.9084,3.985,21.9084,123.685,21.9084,25.952,21.9084,7.227
21.9773,5.253,21.9773,103.717,21.9773,27.071,21.9773,8.093
22.0462,4.825,22.0462,85.959,22.0462,33.583,22.0462,12.671
22.1151,5.768,22.1151,68.966,22.1151,44.226,22.1151,18.449
22.1840,6.016,22.1840,56.890,22.1840,48.507,22.1840,24.075
22.2529,6.616,22.2529,47.141,22.2529,46.176,22.2529,27.246
22.3218,10.011,22.3218,42.624,22.3218,38.302,22.3218,20.448
22.3907,13.620,22.3907,44.764,22.3907,30.530,22.3907,15.921
22.4596,21.383,22.4596,36.687,22.4596,29.282,22.4596,14.567
22.5285,24.622,22.5285,36.402,22.5285,23.062,22.5285,13.722
22.5974,22.655,22.5974,33.837,22.5974,18.760,22.5974,16.787
22.6663,15.748,22.6663,36.394,22.6663,13.876,22.6663,19.763
22.7352,10.911,22.7352,35.244,22.7352,11.604,22.7352,21.091
22.8041,9.257,22.8041,40.179,22.8041,10.680,22.8041,23.810
22.8730,8.034,22.8730,45.268,22.8730,10.330,22.8730,26.762
22.9419,10.805,22.9419,46.672,22.9419,11.914,22.9419,24.823
23.0108,11.779,23.0108,52.854,23.0108,20.312,23.0108,23.101
23.0797,11.702,23.0797,51.543,23.0797,28.814,23.0797,26.175
23.1486,10.876,23.1486,42.590,23.1486,32.955,23.1486,27.455
23.2174,11.833,23.2174,35.596,23.2174,36.639,23.2174,29.465
23.2863,9.734,23.2863,31.739,23.2863,32.154,23.2863,24.132
23.3552,12.141,23.3552,31.853,23.3552,29.797,23.3552,17.848
23.4241,16.514,23.4241,28.637,23.4241,29.966,23.4241,12.588
23.4930,18.511,23.4930,31.746,23.4930,26.815,23.4930,12.077
23.5619,18.701,23.5619,34.413,23.5619,26.454,23.5619,14.198
23.6308,16.778,23.6308,30.482,23.6308,29.173,23.6308,20.757
23.6997,15.111,23.6997,18.590,23.6997,27.340,23.6997,23.721
23.7686,15.518,23.7686,12.862,23.7686,22.543,23.7686,25.570
23.8375,12.787,23.8375,10.604,23.8375,18.425,23.8375,29.202
23.9064,13.314,23.9064,8.553,23.9064,15.384,23.9064,30.242
23.9753,15.230,23.9753,5.644,23.9753,9.516,23.9753,32.275
24.0442,14.867,24.0442,6.748,24.0442,7.499,24.0442,35.316
24.1131,10.896,24.1131,7.699,24.1131,7.358,24.1131,38.814
24.1820,10.647,24.1820,7.165,24.1820,9.056,24.1820,32.882
24.2509,7.614,24.2509,5.432,24.2509,10.712,24.2509,24.654
24.3198,6.109,24.3198,8.078,24.3198,10.281,24.3198,23.974
24.3887,7.014,24.3887,7.148,24.3887,9.297,24.3887,30.062
24.4575,6.867,24.4575,6.380,24.4575,10.531,24.4575,36.508
24.5264,7.769,24.5264,5.735,24.5264,11.631,24.5264,36.046
24.5953,6.715,24.5953,7.561,24.5953,12.628,24.5953,31.938
24.6642,11.736,24.6642,10.353,24.6642,13.227,24.6642,24.515
24.7331,12.509,24.7331,17.505,24.7331,13.103,24.7331,20.272
24.8020,15.113,24.8020,20.814,24.8020,13.247,24.8020,21.568
24.8709,18.179,24.8709,21.902,24.8709,15.267,24.8709,21.591
24.9398,23.627,24.9398,22.246,24.9398,12.376,24.9398,24.749
25.0087,26.385,25.0087,22.914,25.0087,10.879,25.0087,34.389
25.0776,23.930,25.0776,22.704,25.0776,8.499,25.0776,39.835
25.1465,19.831,25.1465,26.443,25.1465,5.408,25.1465,35.888
25.2154,18.267,25.2154,29.035,25.2154,8.454,25.2154,27.296
25.2843,20.577,25.2843,28.530,25.2843,11.148,25.2843,24.626
25.3532,21.669,25.3532,22.865,25.3532,15.205,25.3532,23.386
25.4221,24.840,25.4221,17.187,25.4221,18.999,25.4221,24.422
25.4910,24.986,25.4910,14.448,25.4910,16.399,25.4910,25.281
25.5599,30.635,25.5599,9.352,25.5599,13.372,25.5599,23.547
25.6288,34.073,25.6288,9.697,25.6288,13.101,25.6288,19.599
25.6976,41.600,25.6976,5.628,25.6976,14.446,25.6976,17.915
25.7665,56.270,25.7665,8.470,25.7665,14.506,25.7665,14.971
25.8354,68.374,25.8354,10.407,25.8354,12.110,25.8354,12.328
25.9043,85.342,25.9043,13.841,25.9043,12.929,25.9043,14.543
25.9732,94.765,25.9732,17.386,25.9732,11.424,25.9732,16.515
26.0421,103.154,26.0421,17.323,26.0421,10.969,26.0421,20.638
26.1110,90.198,26.1110,22.670,26.1110,12.054,26.1110,24.262
26.1799,69.968,26.1799,20.401,26.1799,9.812,26.1799,26.751
26.2488,40.012,26.2488,21.375,26.2488,13.142,26.2488,21.715
26.3177,30.739,26.3177,17.864,26.3177,14.626,26.3177,17.571
26.3866,25.683,26.3866,17.784,26.3866,16.067,26.3866,13.369
26.4555,21.130,26.4555,17.792,26.4555,17.685,26.4555,10.995
26.5244,21.117,26.5244,21.050,26.5244,18.074,26.5244,10.217
26.5933,20.405,26.5933,26.513,26.5933,20.239,26.5933,8.272
26.6622,20.857,26.6622,30.262,26.6622,16.729,26.6622,10.582
26.7311,24.615,26.7311,24.972,26.7311,14.686,26.7311,9.015
26.8000,25.794,26.8000,21.327,26.8000,15.127,26.8000,9.968
26.8689,27.964,26.8689,15.448,26.8689,19.341,26.8689,8.829
26.9377,28.455,26.9377,9.269,26.9377,18.986,26.9377,7.604
27.0066,27.003,27.0066,7.093,27.0066,20.894,27.0066,6.729
27.0755,27.964,27.0755,5.678,27.0755,23.206,27.0755,6.415
27.1444,26.239,27.1444,5.272,27.1444,25.836,27.1444,6.413
27.2133,27.496,27.2133,5.398,27.2133,28.570,27.2133,7.732
27.2822,27.481,27.2822,6.287,27.2822,29.909,27.2822,8.786
27.3511,30.046,27.3511,7.010,27.3511,24.307,27.3511,9.070
27.4200,25.705,27.4200,7.615,27.4200,25.187,27.4200,8.257
27.4889,21.296,27.4889,8.184,27.4889,27.373,27.4889,9.779
27.5578,20.600,27.5578,11.544,27.5578,29.819,27.5578,7.200
27.6267,21.078,27.6267,13.296,27.6267,42.451,27.6267,7.147
27.6956,26.239,27.6956,13.362,27.6956,54.314,27.6956,8.125
27.7645,27.173,27.7645,13.295,27.7645,58.041,27.7645,11.943
27.8334,24.241,27.8334,13.055,27.8334,52.353,27.8334,12.427
27.9023,22.131,27.9023,11.405,27.9023,46.810,27.9023,15.503
27.9712,19.084,27.9712,11.218,27.9712,44.621,27.9712,19.665
28.0401,17.414,28.0401,10.664,28.0401,39.590,28.0401,24.169
28.1090,12.546,28.1090,11.805,28.1090,34.127,28.1090,31.030
28.1778,6.864,28.1778,13.532,28.1778,25.351,28.1778,33.969
28.2467,9.036,28.2467,16.824,28.2467,22.787,28.2467,34.591
28.3156,9.748,28.3156,13.881,28.3156,17.419,28.3156,35.275
28.3845,9.664,28.3845,12.915,28.3845,14.194,28.3845,38.763
28.4534,9.389,28.4534,14.757,28.4534,11.178,28.4534,47.918
28.5223,7.935,28.5223,13.973,28.5223,12.357,28.5223,62.738
28.5912,6.960,28.5912,16.067,28.5912,16.051,28.5912,76.692
28.6601,4.765,28.6601,15.611,28.6601,18.523,28.6601,69.991
28.7290,5.715,28.7290,11.770,28.7290,23.655,28.7290,49.339
28.7979,9.324,28.7979,12.418,28.7979,25.077,28.7979,37.043
28.8668,7.991,28.8668,14.507,28.8668,28.742,28.8668,24.955
28.9357,9.403,28.9357,16.544,28.9357,27.868,28.9357,19.503
29.0046,11.081,29.0046,16.126,29.0046,26.858,29.0046,19.102
29.0735,12.086,29.0735,18.512,29.0735,24.514,29.0735,16.732
29.1424,12.668,29.1424,19.889,29.1424,20.008,29.1424,17.255
29.2113,8.132,29.2113,23.646,29.2113,15.827,29.2113,19.109
29.2802,8.029,29.2802,29.069,29.2802,13.017,29.2802,15.902
29.3491,8.014,29.3491,34.558,29.3491,11.333,29.3491,12.596
29.4179,6.970,29.4179,45.151,29.4179,10.937,29.4179,12.104
29.4868,7.801,29.4868,59.377,29.4868,10.642,29.4868,8.363
29.5557,10.484,29.5557,74.889,29.5557,8.037,29.5557,6.789
29.6246,17.280,29.6246,88.943,29.6246,12.322,29.6246,8.770
29.6935,25.536,29.6935,95.562,29.6935,15.977,29.6935,6.189
29.7624,29.282,29.7624,87.200,29.7624,18.108,29.7624,8.876
29.8313,25.436,29.8313,67.650,29.8313,15.617,29.8313,7.893
29.9002,17.568,29.9002,49.070,29.9002,11.604,29.9002,6.513
29.9691,11.520,29.9691,39.278,29.9691,8.396,29.9691,7.256
30.0380,9.128,30.0380,34.709,30.0380,8.001,30.0380,10.563
30.1069,7.546,30.1069,28.547,30.1069,7.755,30.1069,18.058
30.1758,8.753,30.1758,21.412,30.1758,7.177,30.1758,20.353
30.2447,7.432,30.2447,16.399,30.2447,6.843,30.2447,22.661
30.3136,7.819,30.3136,11.115,30.3136,8.113,30.3136,24.303
30.3825,10.534,30.3825,9.451,30.3825,10.350,30.3825,23.768
30.4514,10.980,30.4514,7.642,30.4514,13.008,30.4514,23.777
30.5203,13.750,30.5203,8.560,30.5203,15.489,30.5203,19.532
30.5892,14.826,30.5892,12.126,30.5892,18.113,30.5892,20.112
30.6581,15.894,30.6581,12.224,30.6581,14.480,30.6581,20.720
30.7269,18.661,30.7269,9.994,30.7269,10.361,30.7269,18.226
30.7958,23.410,30.7958,8.815,30.7958,9.746,30.7958,18.060
30.8647,28.295,30.8647,14.115,30.8647,12.224,30.8647,16.535
30.9336,37.587,30.9336,14.737,30.9336,17.453,30.9336,18.773
31.0025,42.309,31.0025,15.774,31.0025,24.976,31.0025,20.062
31.0714,48.327,31.0714,18.840,31.0714,27.282,31.0714,18.982
31.1403,53.757,31.1403,18.862,31.1403,27.045,31.1403,20.139
31.2092,63.186,31.2092,17.339,31.2092,26.000,31.2092,25.545
31.2781,64.172,31.2781,24.824,31.2781,24.671,31.2781,28.451
31.3470,58.813,31.3470,34.664,31.3470,25.978,31.3470,28.915
31.4159,44.252,31.4159,40.430,31.4159,31.717,31.4159,27.039
31.4848,33.734,31.4848,51.836,31.4848,28.876,31.4848,17.109
31.5537,31.151,31.5537,48.951,31.5537,29.228,31.5537,14.546
31.6226,31.347,31.6226,49.987,31.6226,27.707,31.6226,11.413
31.6915,31.201,31.6915,45.211,31.6915,24.940,31.6915,13.300
31.7604,25.575,31.7604,39.635,31.7604,27.381,31.7604,12.421
31.8293,28.076,31.8293,27.689,31.8293,29.787,31.8293,14.144
31.8982,27.040,31.8982,14.178,31.8982,34.629,31.8982,18.954
31.9670,21.257,31.9670,16.993,31.9670,36.616,31.9670,23.713
32.0359,13.724,32.0359,15.990,32.0359,36.454,32.0359,27.449
32.1048,10.480,32.1048,14.210,32.1048,32.054,32.1048,31.016
32.1737,6.907,32.1737,18.082,32.1737,31.924,32.1737,29.973
32.2426,8.859,32.2426,22.211,32.2426,25.924,32.2426,29.497
32.3115,7.588,32.3115,29.207,32.3115,25.551,32.3115,24.126
32.3804,7.790,32.3804,30.992,32.3804,21.680,32.3804,25.016
32.4493,8.458,32.4493,29.842,32.4493,16.171,32.4493,27.673
32.5182,7.627,32.5182,24.153,32.5182,13.981,32.5182,25.557
32.5871,6.560,32.5871,21.256,32.5871,12.629,32.5871,29.190
32.6560,9.256,32.6560,21.274,32.6560,13.687,32.6560,27.629
32.7249,12.245,32.7249,28.072,32.7249,13.952,32.7249,30.361
32.7938,9.678,32.7938,33.556,32.7938,19.053,32.7938,25.728
32.8627,8.829,32.8627,38.115,32.8627,19.742,32.8627,29.891
32.9316,7.591,32.9316,36.152,32.9316,26.968,32.9316,35.562
33.0005,6.509,33.0005,23.898,33.0005,27.447,33.0005,39.539
33.0694,5.254,33.0694,17.633,33.0694,21.697,33.0694,45.215
33.1383,3.637,33.1383,15.265,33.1383,20.825,33.1383,51.575
33.2071,4.539,33.2071,15.945,33.2071,17.007,33.2071,55.767
33.2760,5.631,33.2760,16.375,33.2760,14.598,33.2760,69.532
33.3449,4.401,33.3449,19.989,33.3449,14.403,33.3449,74.034
33.4138,5.122,33.4138,21.910,33.4138,13.068,33.4138,70.449
33.4827,4.811,33.4827,22.593,33.4827,14.814,33.4827,59.151
33.5516,7.746,33.5516,20.647,33.5516,17.405,33.5516,40.642
33.6205,7.245,33.6205,16.074,33.6205,20.896,33.6205,26.290
33.6894,5.885,33.6894,18.187,33.6894,33.756,33.6894,18.167
33.7583,5.803,33.7583,25.095,33.7583,47.605,33.7583,13.695
33.8272,7.083,33.8272,35.260,33.8272,68.837,33.8272,9.128
33.8961,6.191,33.8961,45.229,33.8961,105.732,33.8961,7.878
33.9650,7.098,33.9650,46.344,33.9650,123.769,33.9650,7.563
34.0339,6.922,34.0339,43.952,34.0339,121.465,34.0339,8.076
34.1028,5.259,34.1028,38.040,34.1028,98.380,34.1028,8.366
34.1717,4.428,34.1717,35.624,34.1717,65.510,34.1717,5.578
34.2406,4.029,34.2406,30.625,34.2406,41.755,34.2406,4.122
34.3095,3.018,34.3095,27.675,34.3095,25.526,34.3095,3.713
34.3784,3.809,34.3784,27.204,34.3784,17.745,34.3784,3.385
34.4472,4.829,34.4472,28.684,34.4472,15.777,34.4472,3.104
34.5161,5.323,34.5161,27.830,34.5161,13.898,34.5161,2.996
34.5850,4.609,34.5850,34.320,34.5850,13.229,34.5850,4.655
34.6539,5.834,34.6539,35.843,34.6539,10.638,34.6539,6.909
34.7228,9.275,34.7228,36.698,34.7228,11.925,34.7228,7.938
34.7917,12.299,34.7917,31.350,34.7917,10.465,34.7917,11.134
34.8606,16.167,34.8606,31.865,34.8606,8.415,34.8606,13.983
34.9295,16.630,34.9295,26.194,34.9295,5.888,34.9295,12.800
34.9984,17.978,34.9984,23.877,34.9984,5.515,34.9984,13.047
35.0673,12.093,35.0673,27.539,35.0673,7.836,35.0673,13.145
35.1362,6.969,35.1362,35.289,35.1362,7.592,35.1362,11.894
35.2051,7.948,35.2051,35.162,35.2051,8.961,35.2051,16.542
35.2740,10.925,35.2740,32.209,35.2740,9.384,35.2740,21.810
35.3429,9.162,35.3429,31.928,35.3429,8.753,35.3429,24.714
35.4118,10.967,35.4118,28.258,35.4118,7.993,35.4118,29.394
35.4807,17.355,35.4807,18.546,35.4807,6.401,35.4807,26.468
35.5496,22.424,35.5496,13.614,35.5496,7.821,35.5496,20.401
35.6185,30.027,35.6185,12.738,35.6185,9.534,35.6185,20.296
35.6873,30.376,35.6873,16.045,35.6873,13.380,35.6873,13.947
35.7562,26.124,35.7562,21.951,35.7562,13.516,35.7562,12.033
35.8251,17.045,35.8251,26.034,35.8251,14.891,35.8251,9.723
35.8940,12.127,35.8940,24.457,35.8940,17.489,35.8940,14.399
35.9629,7.895,35.9629,20.625,35.9629,21.627,35.9629,17.091
36.0318,8.750,36.0318,23.488,36.0318,22.964,36.0318,17.161
36.1007,9.322,36.1007,22.416,36.1007,27.068,36.1007,18.758
36.1696,11.617,36.1696,24.267,36.1696,29.140,36.1696,24.582
36.2385,14.752,36.2385,26.795,36.2385,26.541,36.2385,31.278
36.3074,17.778,36.3074,25.935,36.3074,23.791,36.3074,39.419
36.3763,19.975,36.3763,22.614,36.3763,22.549,36.3763,37.493
36.4452,29.367,36.4452,20.113,36.4452,19.195,36.4452,31.229
36.5141,43.178,36.5141,23.804,36.5141,19.987,36.5141,26.341
36.5830,46.491,36.5830,26.164,36.5830,18.272,36.5830,22.827
36.6519,42.262,36.6519,21.943,36.6519,23.489,36.6519,22.001
36.7208,34.165,36.7208,16.127,36.7208,38.389,36.7208,24.234
36.7897,28.964,36.7897,14.696,36.7897,65.033,36.7897,22.066
36.8586,24.244,36.8586,15.121,36.8586,75.625,36.8586,24.882
36.9274,23.192,36.9274,15.327,36.9274,76.498,36.9274,21.530
36.9963,21.046,36.9963,20.187,36.9963,53.077,36.9963,25.343
37.0652,19.725,37.0652,23.875,37.0652,36.654,37.0652,33.364
37.1341,15.389,37.1341,33.272,37.1341,25.594,37.1341,39.482
37.2030,15.474,37.2030,42.512,37.2030,16.829,37.2030,37.875
37.2719,13.987,37.2719,45.315,37.2719,10.747,37.2719,38.882
37.3408,14.917,37.3408,43.406,37.3408,10.653,37.3408,36.709
37.4097,14.491,37.4097,37.549,37.4097,10.021,37.4097,37.410
37.4786,12.776,37.4786,28.167,37.4786,10.364,37.4786,29.339
37.5475,10.115,37.5475,21.212,37.5475,12.075,37.5475,23.349
37.6164,8.885,37.6164,18.896,37.6164,16.006,37.6164,20.221
37.6853,7.569,37.6853,14.035,37.6853,18.622,37.6853,21.968
37.7542,8.315,37.7542,9.590,37.7542,20.277,37.7542,24.402
37.8231,5.886,37.8231,8.847,37.8231,20.236,37.8231,29.409
37.8920,6.307,37.8920,8.617,37.8920,25.642,37.8920,30.182
37.9609,8.273,37.9609,8.476,37.9609,25.966,37.9609,26.734
38.0298,7.420,38.0298,13.074,38.0298,28.656,38.0298,23.424
38.0987,10.373,38.0987,17.670,38.0987,27.534,38.0987,21.203
38.1675,9.795,38.1675,16.983,38.1675,27.259,38.1675,23.220
38.2364,9.538,38.2364,19.741,38.2364,24.728,38.2364,28.568
38.3053,10.479,38.3053,20.236,38.3053,27.860,38.3053,28.590
38.3742,13.403,38.3742,20.663,38.3742,32.015,38.3742,34.995
38.4431,17.801,38.4431,16.503,38.4431,31.595,38.4431,40.057
38.5120,20.853,38.5120,14.322,38.5120,31.992,38.5120,47.302
38.5809,27.224,38.5809,14.025,38.5809,30.374,38.5809,48.286
38.6498,33.022,38.6498,15.756,38.6498,24.508,38.6498,48.693
38.7187,39.069,38.7187,15.145,38.7187,17.757,38.7187,44.403
38.7876,45.960,38.7876,20.622,38.7876,15.021,38.7876,34.826
38.8565,56.587,38.8565,28.433,38.8565,12.107,38.8565,30.882
38.9254,62.226,38.9254,28.104,38.9254,12.680,38.9254,28.606
38.9943,62.443,38.9943,23.455,38.9943,12.008,38.9943,21.356
39.0632,57.150,39.0632,23.791,39.0632,11.091,39.0632,18.570
39.1321,48.154,39.1321,22.637,39.1321,10.452,39.1321,18.503
39.2010,37.205,39.2010,24.934,39.2010,8.930,39.2010,23.016
39.2699,29.519,39.2699,30.715,39.2699,6.758,39.2699,23.775
39.3388,27.017,39.3388,41.428,39.3388,5.550,39.3388,22.382
39.4076,27.076,39.4076,43.956,39.4076,6.688,39.4076,18.934
39.4765,25.571,39.4765,49.851,39.4765,6.597,39.4765,17.118
39.5454,22.194,39.5454,51.683,39.5454,6.214,39.5454,14.884
39.6143,22.771,39.6143,67.629,39.6143,6.203,39.6143,10.100
39.6832,18.212,39.6832,102.657,39.6832,7.192,39.6832,10.910
39.7521,19.464,39.7521,130.135,39.7521,9.938,39.7521,10.767
39.8210,16.289,39.8210,151.587,39.8210,10.223,39.8210,8.979
39.8899,12.341,39.8899,149.290,39.8899,10.014,39.8899,9.746
39.9588,12.588,39.9588,141.539,39.9588,9.023,39.9588,10.702
40.0277,13.435,40.0277,131.856,40.0277,9.284,40.0277,10.812
40.0966,10.029,40.0966,121.960,40.0966,9.670,40.0966,9.520
40.1655,8.883,40.1655,113.693,40.1655,10.549,40.1655,9.413
40.2344,7.771,40.2344,94.859,40.2344,10.224,40.2344,13.326
40.3033,7.498,40.3033,64.439,40.3033,9.001,40.3033,15.635
40.3722,9.838,40.3722,44.473,40.3722,8.370,40.3722,16.110
40.4411,12.509,40.4411,34.319,40.4411,8.571,40.4411,23.435
40.5100,15.051,40.5100,28.339,40.5100,5.945,40.5100,31.410
40.5789,16.531,40.5789,22.738,40.5789,7.325,40.5789,34.260
40.6478,12.191,40.6478,17.618,40.6478,12.154,40.6478,38.019
40.7166,12.565,40.7166,14.723,40.7166,9.599,40.7166,36.045
40.7855,17.160,40.7855,13.935,40.7855,10.988,40.7855,28.704
40.8544,21.919,40.8544,14.978,40.8544,10.031,40.8544,27.422
40.9233,28.051,40.9233,15.340,40.9233,10.174,40.9233,25.847
40.9922,37.125,40.9922,19.076,40.9922,12.228,40.9922,23.685
41.0611,38.808,41.0611,25.354,41.0611,15.420,41.0611,17.225
41.1300,36.040,41.1300,28.787,41.1300,17.525,41.1300,15.253
41.1989,27.879,41.1989,25.742,41.1989,22.171,41.1989,13.567
41.2678,20.434,41.2678,17.158,41.2678,27.996,41.2678,13.887
41.3367,15.180,41.3367,15.847,41.3367,27.567,41.3367,11.982
41.4056,15.050,41.4056,15.987,41.4056,25.325,41.4056,13.135
41.4745,18.740,41.4745,19.079,41.4745,20.036,41.4745,14.679
41.5434,21.112,41.5434,19.256,41.5434,18.664,41.5434,14.001
41.6123,21.302,41.6123,23.971,41.6123,14.071,41.6123,14.908
41.6812,18.301,41.6812,23.665,41.6812,14.727,41.6812,18.720
41.7501,16.060,41.7501,17.557,41.7501,12.562,41.7501,18.153
41.8190,15.611,41.8190,16.947,41.8190,11.215,41.8190,16.881
41.8879,17.841,41.8879,14.540,41.8879,10.127,41.8879,17.619
41.9567,19.537,41.9567,19.312,41.9567,8.722,41.9567,17.197
42.0256,23.743,42.0256,18.729,42.0256,8.427,42.0256,14.617
42.0945,17.955,42.0945,13.443,42.0945,10.438,42.0945,15.414
42.1634,17.274,42.1634,14.678,42.1634,11.937,42.1634,15.504
42.2323,17.159,42.2323,23.823,42.2323,17.344,42.2323,15.190
42.3012,19.907,42.3012,42.028,42.3012,19.618,42.3012,16.510
42.3701,23.062,42.3701,61.023,42.3701,16.619,42.3701,15.261
42.4390,25.009,42.4390,68.554,42.4390,14.385,42.4390,13.828
42.5079,22.678,42.5079,60.775,42.5079,12.742,42.5079,15.489
42.5768,22.019,42.5768,42.339,42.5768,10.151,42.5768,15.958
42.6457,23.431,42.6457,26.278,42.6457,8.653,42.6457,18.391
42.7146,28.308,42.7146,17.717,42.7146,10.239,42.7146,22.151
42.7835,33.304,42.7835,13.202,42.7835,7.616,42.7835,19.968
42.8524,43.424,42.8524,12.865,42.8524,8.338,42.8524,18.669
42.9213,48.703,42.9213,9.670,42.9213,8.286,42.9213,17.847
42.9902,45.453,42.9902,8.817,42.9902,11.046,42.9902,17.375
43.0591,35.819,43.0591,8.709,43.0591,15.149,43.0591,21.580
43.1280,31.874,43.1280,7.989,43.1280,19.353,43.1280,27.831
43.1968,30.369,43.1968,7.540,43.1968,19.093,43.1968,34.510
43.2657,26.205,43.2657,7.846,43.2657,12.856,43.2657,40.562
43.3346,22.787,43.3346,9.448,43.3346,10.205,43.3346,51.571
43.4035,17.543,43.4035,11.231,43.4035,6.115,43.4035,63.215
43.4724,19.668,43.4724,13.260,43.4724,4.710,43.4724,71.932
43.5413,25.516,43.5413,13.825,43.5413,4.703,43.5413,77.037
43.6102,26.961,43.6102,13.954,43.6102,7.533,43.6102,68.990
43.6791,35.441,43.6791,16.218,43.6791,9.934,43.6791,47.197
43.7480,39.255,43.7480,23.045,43.7480,10.262,43.7480,26.542
43.8169,44.762,43.8169,32.039,43.8169,13.722,43.8169,19.888
43.8858,45.279,43.8858,38.650,43.8858,13.722,43.8858,18.508
43.9547,33.338,43.9547,50.883,43.9547,16.338,43.9547,15.212
44.0236,24.390,44.0236,53.760,44.0236,17.602,44.0236,12.785
44.0925,16.999,44.0925,48.872,44.0925,15.962,44.0925,12.562
44.1614,13.984,44.1614,37.935,44.1614,12.299,44.1614,8.791
44.2303,10.665,44.2303,30.810,44.2303,10.676,44.2303,8.081
44.2992,12.867,44.2992,31.300,44.2992,9.169,44.2992,3.645
44.3681,14.428,44.3681,35.552,44.3681,10.073,44.3681,4.403
44.4370,15.923,44.4370,41.334,44.4370,13.270,44.4370,6.614
44.5058,18.400,44.5058,44.890,44.5058,14.222,44.5058,6.964
44.5747,19.480,44.5747,41.800,44.5747,15.821,44.5747,8.541
44.6436,17.909,44.6436,35.184,44.6436,16.946,44.6436,10.776
44.7125,18.595,44.7125,30.751,44.7125,15.143,44.7125,11.388
44.7814,22.131,44.7814,21.151,44.7814,13.345,44.7814,14.184
44.8503,22.154,44.8503,15.701,44.8503,11.986,44.8503,18.256
44.9192,22.139,44.9192,12.528,44.9192,13.765,44.9192,17.863
44.9881,24.794,44.9881,9.562,44.9881,16.407,44.9881,15.258
45.0570,28.205,45.0570,8.609,45.0570,20.620,45.0570,14.575
45.1259,28.553,45.1259,11.647,45.1259,22.757,45.1259,10.966
45.1948,32.044,45.1948,17.738,45.1948,26.122,45.1948,9.910
45.2637,32.320,45.2637,28.322,45.2637,32.446,45.2637,10.940
45.3326,34.577,45.3326,39.719,45.3326,36.062,45.3326,15.466
45.4015,30.924,45.4015,39.727,45.4015,37.168,45.4015,18.714
45.4704,34.240,45.4704,38.640,45.4704,31.497,45.4704,22.036
45.5393,35.755,45.5393,32.003,45.5393,33.073,45.5393,21.336
45.6082,34.415,45.6082,31.251,45.6082,39.730,45.6082,22.936
45.6771,29.595,45.6771,36.671,45.6771,51.800,45.6771,19.605
45.7459,33.606,45.7459,41.034,45.7459,52.587,45.7459,15.570
45.8148,27.274,45.8148,39.057,45.8148,59.663,45.8148,15.148
45.8837,18.492,45.8837,35.017,45.8837,58.070,45.8837,17.057
45.9526,11.389,45.9526,36.578,45.9526,52.265,45.9526,18.659
46.0215,10.902,46.0215,32.167,46.0215,41.429,46.0215,19.340
46.0904,9.193,46.0904,27.094,46.0904,43.285,46.0904,21.863
46.1593,9.114,46.1593,19.613,46.1593,36.953,46.1593,21.033
46.2282,8.311,46.2282,15.056,46.2282,34.393,46.2282,26.357
46.2971,8.279,46.2971,13.877,46.2971,34.443,46.2971,35.946
46.3660,10.161,46.3660,9.941,46.3660,29.689,46.3660,43.029
46.4349,11.871,46.4349,7.791,46.4349,21.802,46.4349,44.456
46.5038,14.181,46.5038,6.150,46.5038,19.591,46.5038,40.965
46.5727,24.819,46.5727,6.172,46.5727,16.238,46.5727,38.725
46.6416,31.121,46.6416,5.724,46.6416,14.847,46.6416,28.870
46.7105,36.652,46.7105,4.556,46.7105,15.993,46.7105,19.790
46.7794,39.388,46.7794,6.041,46.7794,16.816,46.7794,11.810
46.8483,44.187,46.8483,6.635,46.8483,18.600,46.8483,7.855
46.9172,38.671,46.9172,11.395,46.9172,18.723,46.9172,4.961
46.9860,28.399,46.9860,16.529,46.9860,18.319,46.9860,4.922
47.0549,19.394,47.0549,19.684,47.0549,13.354,47.0549,4.013
47.1238,14.013,47.1238,23.748,47.1238,9.212,47.1238,3.872
47.1927,12.263,47.1927,23.952,47.1927,7.867,47.1927,5.778
47.2616,12.367,47.2616,22.582,47.2616,11.093,47.2616,10.316
47.3305,14.272,47.3305,20.532,47.3305,17.295,47.3305,13.442
47.3994,19.718,47.3994,14.810,47.3994,27.647,47.3994,17.439
47.4683,29.261,47.4683,11.055,47.4683,42.880,47.4683,21.739
47.5372,31.520,47.5372,8.548,47.5372,63.459,47.5372,24.952
47.6061,43.798,47.6061,8.261,47.6061,69.875,47.6061,26.633
47.6750,51.372,47.6750,7.315,47.6750,68.189,47.6750,26.410
47.7439,39.263,47.7439,7.752,47.7439,56.003,47.7439,26.629
47.8128,33.578,47.8128,10.763,47.8128,32.372,47.8128,21.498
47.8817,31.967,47.8817,9.215,47.8817,25.578,47.8817,17.205
47.9506,35.028,47.9506,11.460,47.9506,20.722,47.9506,15.243
48.0195,36.002,48.0195,13.110,48.0195,14.907,48.0195,11.566
48.0884,33.614,48.0884,17.333,48.0884,11.789,48.0884,10.629
48.1573,28.395,48.1573,27.403,48.1573,12.231,48.1573,10.064
48.2261,23.813,48.2261,33.293,48.2261,10.257,48.2261,9.768
48.2950,15.355,48.2950,41.116,48.2950,8.323,48.2950,7.383
48.3639,9.897,48.3639,45.213,48.3639,9.312,48.3639,6.697
48.4328,8.022,48.4328,51.009,48.4328,8.738,48.4328,5.786
48.5017,7.334,48.5017,60.765,48.5017,8.568,48.5017,4.348
48.5706,8.112,48.5706,63.236,48.5706,8.365,48.5706,6.001
48.6395,5.947,48.6395,56.912,48.6395,8.907,48.6395,6.135
48.7084,6.825,48.7084,61.602,48.7084,10.961,48.7084,5.819
48.7773,7.411,48.7773,69.421,48.7773,17.216,48.7773,4.819
48.8462,5.789,48.8462,89.412,48.8462,22.964,48.8462,4.404
48.9151,6.973,48.9151,103.905,48.9151,24.149,48.9151,6.079
48.9840,6.944,48.9840,114.517,48.9840,23.351,48.9840,7.195
49.0529,6.277,49.0529,103.194,49.0529,17.951,49.0529,6.599
49.1218,5.283,49.1218,77.511,49.1218,13.508,49.1218,6.674
49.1907,5.600,49.1907,48.802,49.1907,11.453,49.1907,8.805
49.2596,4.747,49.2596,34.912,49.2596,11.443,49.2596,9.714
49.3285,4.992,49.3285,26.260,49.3285,11.547,49.3285,9.686
49.3974,4.888,49.3974,18.072,49.3974,11.153,49.3974,10.097
49.4662,3.827,49.4662,16.861,49.4662,15.509,49.4662,9.072
49.5351,4.909,49.5351,14.716,49.5351,17.038,49.5351,8.726
49.6040,5.667,49.6040,18.204,49.6040,17.462,49.6040,9.019
49.6729,5.463,49.6729,19.395,49.6729,15.360,49.6729,9.049
49.7418,4.561,49.7418,18.722,49.7418,14.615,49.7418,9.074
49.8107,3.968,49.8107,14.465,49.8107,14.465,49.8107,9.623
49.8796,4.157,49.8796,11.068,49.8796,12.954,49.8796,11.923
49.9485,4.783,49.9485,9.975,49.9485,11.535,49.9485,15.144
50.0174,5.974,50.0174,12.218,50.0174,8.889,50.0174,18.297
50.0863,5.952,50.0863,19.050,50.0863,9.326,50.0863,19.448
50.1552,9.824,50.1552,27.312,50.1552,6.791,50.1552,16.581
50.2241,13.299,50.2241,25.813,50.2241,6.092,50.2241,15.807
50.2930,18.584,50.2930,23.719,50.2930,7.992,50.2930,13.962
50.3619,18.089,50.3619,20.788,50.3619,8.108,50.3619,12.914
50.4308,14.825,50.4308,14.496,50.4308,6.804,50.4308,14.082
50.4997,14.016,50.4997,11.255,50.4997,8.612,50.4997,17.382
50.5686,15.427,50.5686,10.421,50.5686,11.155,50.5686,21.066
50.6375,22.835,50.6375,12.858,50.6375,12.640,50.6375,32.789
50.7063,27.348,50.7063,18.663,50.7063,15.154,50.7063,47.478
50.7752,27.860,50.7752,25.127,50.7752,14.412,50.7752,69.961
50.8441,32.710,50.8441,35.411,50.8441,15.642,50.8441,93.204
50.9130,29.831,50.9130,37.610,50.9130,16.075,50.9130,100.479
50.9819,24.339,50.9819,38.564,50.9819,11.718,50.9819,81.177
51.0508,18.130,51.0508,34.562,51.0508,13.091,51.0508,60.919
51.1197,14.893,51.1197,27.463,51.1197,14.393,51.1197,44.162
51.1886,17.731,51.1886,25.305,51.1886,17.819,51.1886,40.488
51.2575,18.245,51.2575,17.319,51.2575,20.178,51.2575,33.539
51.3264,12.549,51.3264,11.784,51.3264,20.153,51.3264,27.575
51.3953,10.160,51.3953,7.953,51.3953,19.883,51.3953,21.761
51.4642,9.313,51.4642,5.036,51.4642,16.355,51.4642,15.864
51.5331,12.286,51.5331,5.721,51.5331,12.705,51.5331,12.638
51.6020,16.532,51.6020,5.217,51.6020,10.936,51.6020,9.590
51.6709,21.078,51.6709,6.430,51.6709,8.437,51.6709,6.717
51.7398,17.459,51.7398,9.988,51.7398,5.007,51.7398,4.834
51.8087,15.696,51.8087,13.089,51.8087,4.909,51.8087,5.087
51.8776,14.520,51.8776,17.515,51.8776,5.855,51.8776,4.652
51.9464,15.115,51.9464,23.810,51.9464,5.866,51.9464,4.618
52.0153,19.579,52.0153,31.826,52.0153,4.799,52.0153,5.637
52.0842,24.912,52.0842,29.820,52.0842,5.303,52.0842,5.439
52.1531,26.978,52.1531,25.407,52.1531,5.364,52.1531,5.788
52.2220,23.441,52.2220,26.379,52.2220,4.484,52.2220,8.049
52.2909,22.340,52.2909,25.421,52.2909,4.815,52.2909,9.208
52.3598,19.962,52.3598,23.588,52.3598,5.978,52.3598,10.008
52.4287,18.999,52.4287,21.488,52.4287,8.507,52.4287,13.200
52.4976,21.059,52.4976,24.904,52.4976,12.267,52.4976,20.823
52.5665,21.878,52.5665,24.986,52.5665,19.390,52.5665,35.339
52.6354,23.146,52.6354,27.982,52.6354,23.962,52.6354,62.629
52.7043,25.389,52.7043,27.488,52.7043,28.099,52.7043,105.280
52.7732,30.164,52.7732,30.686,52.7732,26.758,52.7732,138.627
52.8421,26.585,52.8421,37.119,52.8421,22.435,52.8421,143.637
52.9110,22.452,52.9110,52.776,52.9110,16.016,52.9110,121.619
52.9799,19.494,52.9799,69.476,52.9799,12.669,52.9799,83.077
53.0488,19.494,53.0488,90.159,53.0488,12.420,53.0488,65.805
53.1177,19.559,53.1177,102.080,53.1177,9.725,53.1177,49.357
53.1866,22.070,53.1866,90.835,53.1866,12.323,53.1866,31.635
53.2554,21.906,53.2554,73.608,53.2554,11.279,53.2554,26.976
53.3243,17.035,53.3243,62.368,53.3243,9.916,53.3243,25.465
53.3932,15.100,53.3932,52.222,53.3932,9.809,53.3932,22.236
53.4621,13.253,53.4621,44.499,53.4621,11.559,53.4621,19.943
53.5310,10.076,53.5310,42.720,53.5310,12.561,53.5310,20.007
53.5999,10.504,53.5999,41.191,53.5999,11.223,53.5999,16.296
53.6688,7.938,53.6688,42.380,53.6688,13.913,53.6688,14.999
53.7377,7.838,53.7377,37.268,53.7377,14.400,53.7377,14.180
53.8066,10.018,53.8066,30.631,53.8066,13.208,53.8066,14.374
53.8755,11.893,53.8755,25.186,53.8755,12.784,53.8755,14.638
53.9444,15.326,53.9444,17.856,53.9444,15.658,53.9444,13.024
54.0133,14.870,54.0133,13.032,54.0133,16.277,54.0133,11.907
54.0822,13.434,54.0822,10.906,54.0822,16.821,54.0822,10.600
54.1511,12.426,54.1511,9.720,54.1511,17.617,54.1511,11.899
54.2200,16.934,54.2200,14.922,54.2200,17.632,54.2200,11.038
54.2889,24.548,54.2889,20.455,54.2889,17.063,54.2889,13.286
54.3578,30.123,54.3578,21.901,54.3578,16.457,54.3578,14.188
54.4267,42.577,54.4267,20.305,54.4267,17.456,54.4267,12.977
54.4955,52.529,54.4955,20.903,54.4955,21.024,54.4955,15.176
54.5644,65.203,54.5644,33.544,54.5644,25.940,54.5644,14.470
54.6333,80.029,54.6333,43.613,54.6333,32.070,54.6333,13.547
54.7022,81.162,54.7022,46.278,54.7022,32.275,54.7022,11.743
54.7711,76.087,54.7711,37.415,54.7711,34.866,54.7711,10.247
54.8400,63.780,54.8400,32.960,54.8400,30.848,54.8400,11.280
54.9089,55.814,54.9089,27.588,54.9089,33.340,54.9089,13.388
54.9778,45.119,54.9778,22.840,54.9778,41.842,54.9778,19.401
55.0467,33.328,55.0467,19.294,55.0467,48.763,55.0467,23.229
55.1156,27.497,55.1156,16.488,55.1156,45.516,55.1156,24.659
55.1845,20.228,55.1845,18.980,55.1845,35.328,55.1845,31.246
55.2534,15.852,55.2534,28.728,55.2534,27.048,55.2534,32.377
55.3223,12.531,55.3223,37.564,55.3223,18.280,55.3223,36.405
55.3912,11.548,55.3912,37.906,55.3912,15.068,55.3912,34.941
55.4601,10.220,55.4601,29.326,55.4601,11.817,55.4601,35.558
55.5290,9.991,55.5290,18.943,55.5290,9.112,55.5290,35.123
55.5979,8.283,55.5979,16.154,55.5979,8.512,55.5979,34.382
55.6668,8.654,55.6668,16.631,55.6668,9.862,55.6668,29.242
55.7356,8.724,55.7356,16.013,55.7356,15.870,55.7356,28.700
55.8045,9.382,55.8045,16.721,55.8045,29.405,55.8045,26.128
55.8734,10.239,55.8734,16.917,55.8734,36.761,55.8734,24.060
55.9423,9.330,55.9423,17.412,55.9423,30.774,55.9423,24.571
56.0112,8.039,56.0112,15.553,56.0112,23.733,56.0112,23.162
56.0801,7.205,56.0801,19.470,56.0801,16.033,56.0801,23.210
56.1490,8.872,56.1490,18.966,56.1490,18.615,56.1490,25.261
56.2179,8.509,56.2179,17.612,56.2179,19.279,56.2179,23.305
56.2868,10.944,56.2868,13.920,56.2868,22.364,56.2868,20.334
56.3557,10.073,56.3557,9.657,56.3557,24.533,56.3557,18.263
56.4246,7.821,56.4246,10.219,56.4246,19.568,56.4246,13.079
56.4935,7.401,56.4935,11.101,56.4935,14.213,56.4935,7.574
56.5624,6.203,56.5624,11.112,56.5624,11.607,56.5624,8.443
56.6313,5.125,56.6313,12.169,56.6313,8.227,56.6313,7.842
56.7002,4.088,56.7002,14.698,56.7002,11.655,56.7002,6.260
56.7691,4.444,56.7691,13.974,56.7691,9.971,56.7691,7.977
56.8380,4.927,56.8380,13.901,56.8380,9.560,56.8380,11.776
56.9069,4.433,56.9069,9.235,56.9069,10.189,56.9069,14.854
56.9757,5.275,56.9757,8.706,56.9757,11.133,56.9757,14.988
57.0446,4.991,57.0446,9.032,57.0446,9.235,57.0446,15.116
57.1135,3.858,57.1135,13.505,57.1135,6.957,57.1135,12.649
57.1824,4.865,57.1824,17.452,57.1824,9.070,57.1824,13.683
57.2513,6.805,57.2513,18.022,57.2513,7.991,57.2513,17.068
57.3202,7.111,57.3202,17.435,57.3202,7.734,57.3202,18.791
57.3891,6.066,57.3891,15.789,57.3891,12.561,57.3891,22.390
57.4580,6.325,57.4580,11.239,57.4580,18.187,57.4580,29.610
57.5269,5.317,57.5269,10.661,57.5269,17.368,57.5269,30.817
57.5958,4.222,57.5958,10.652,57.5958,20.059,57.5958,30.187
57.6647,3.490,57.6647,12.724,57.6647,22.336,57.6647,30.632
57.7336,3.179,57.7336,11.307,57.7336,23.807,57.7336,33.909
57.8025,4.210,57.8025,11.983,57.8025,26.845,57.8025,46.380
57.8714,4.997,57.8714,12.487,57.8714,24.630,57.8714,58.617
57.9403,6.090,57.9403,11.292,57.9403,24.112,57.9403,61.627
58.0092,5.551,58.0092,13.877,58.0092,25.327,58.0092,61.728
58.0781,6.216,58.0781,16.308,58.0781,29.600,58.0781,48.158
58.1470,8.068,58.1470,22.639,58.1470,28.246,58.1470,37.105
58.2159,9.678,58.2159,28.805,58.2159,22.863,58.2159,26.885
58.2847,8.410,58.2847,28.975,58.2847,25.225,58.2847,22.256
58.3536,10.388,58.3536,33.206,58.3536,31.807,58.3536,18.407
58.4225,9.987,58.4225,53.806,58.4225,41.400,58.4225,18.005
58.4914,8.773,58.4914,84.245,58.4914,48.987,58.4914,16.254
58.5603,9.959,58.5603,112.575,58.5603,51.272,58.5603,12.049
58.6292,8.294,58.6292,129.654,58.6292,42.164,58.6292,13.636
58.6981,9.773,58.6981,119.326,58.6981,32.171,58.6981,15.783
58.7670,10.633,58.7670,93.216,58.7670,26.434,58.7670,12.433
58.8359,9.192,58.8359,68.793,58.8359,21.075,58.8359,11.393
58.9048,9.138,58.9048,51.046,58.9048,20.135,58.9048,9.147
58.9737,9.815,58.9737,39.378,58.9737,17.937,58.9737,8.776
59.0426,10.374,59.0426,30.767,59.0426,15.101,59.0426,10.198
59.1115,10.829,59.1115,23.361,59.1115,12.652,59.1115,12.161
59.1804,10.303,59.1804,20.078,59.1804,11.666,59.1804,13.535
59.2493,11.240,59.2493,18.499,59.2493,9.396,59.2493,16.155
59.3182,8.049,59.3182,19.122,59.3182,9.327,59.3182,17.114
59.3871,6.043,59.3871,14.766,59.3871,8.334,59.3871,16.208
59.4560,6.044,59.4560,11.980,59.4560,7.466,59.4560,15.293
59.5248,5.824,59.5248,11.666,59.5248,9.462,59.5248,8.824
59.5937,7.286,59.5937,12.033,59.5937,13.824,59.5937,5.638
59.6626,8.344,59.6626,11.040,59.6626,17.450,59.6626,3.849
59.7315,10.047,59.7315,10.608,59.7315,18.958,59.7315,4.812
59.8004,10.957,59.8004,7.748,59.8004,20.734,59.8004,6.785
59.8693,12.817,59.8693,8.016,59.8693,20.097,59.8693,8.230
59.9382,10.576,59.9382,9.576,59.9382,19.701,59.9382,11.054
60.0071,9.478,60.0071,9.467,60.0071,18.993,60.0071,11.924
60.0760,9.916,60.0760,9.656,60.0760,22.827,60.0760,17.352
60.1449,11.106,60.1449,7.759,60.1449,23.223,60.1449,21.226
60.2138,12.251,60.2138,8.280,60.2138,21.063,60.2138,20.889
60.2827,16.681,60.2827,8.390,60.2827,18.574,60.2827,18.137
60.3516,22.291,60.3516,10.207,60.3516,14.058,60.3516,15.804
60.4205,27.310,60.4205,13.466,60.4205,14.114,60.4205,11.021
60.4894,29.168,60.4894,15.664,60.4894,12.266,60.4894,9.198
60.5583,24.552,60.5583,19.426,60.5583,10.370,60.5583,9.789
60.6272,18.158,60.6272,20.897,60.6272,8.561,60.6272,11.939
60.6961,16.354,60.6961,18.790,60.6961,8.379,60.6961,12.721
60.7649,18.531,60.7649,20.612,60.7649,8.217,60.7649,17.370
60.8338,21.672,60.8338,22.654,60.8338,10.889,60.8338,20.175
60.9027,21.793,60.9027,27.864,60.9027,14.602,60.9027,21.538
60.9716,19.792,60.9716,36.441,60.9716,14.263,60.9716,19.482
61.0405,12.055,61.0405,44.856,61.0405,13.315,61.0405,17.840
61.1094,11.163,61.1094,46.379,61.1094,15.251,61.1094,20.833
61.1783,13.624,61.1783,48.255,61.1783,15.726,61.1783,23.501
61.2472,15.331,61.2472,62.196,61.2472,15.279,61.2472,26.548
61.3161,17.828,61.3161,63.157,61.3161,14.154,61.3161,26.609
61.3850,19.795,61.3850,53.893,61.3850,13.271,61.3850,21.586
61.4539,21.283,61.4539,39.539,61.4539,14.427,61.4539,16.519
61.5228,24.685,61.5228,31.159,61.5228,14.923,61.5228,18.969
61.5917,23.476,61.5917,21.822,61.5917,14.765,61.5917,24.104
61.6606,22.179,61.6606,13.487,61.6606,16.343,61.6606,30.813
61.7295,17.493,61.7295,8.231,61.7295,22.017,61.7295,28.052
61.7984,13.197,61.7984,7.436,61.7984,28.349,61.7984,20.936
61.8673,9.221,61.8673,7.152,61.8673,38.254,61.8673,15.916
61.9362,11.762,61.9362,8.126,61.9362,47.968,61.9362,9.430
62.0050,13.142,62.0050,13.219,62.0050,56.319,62.0050,7.686
62.0739,11.730,62.0739,20.493,62.0739,53.121,62.0739,6.784
62.1428,10.218,62.1428,25.757,62.1428,47.641,62.1428,4.088
62.2117,8.515,62.2117,30.124,62.2117,39.459,62.2117,2.918
62.2806,7.110,62.2806,23.480,62.2806,29.098,62.2806,3.405
62.3495,11.235,62.3495,29.492,62.3495,23.905,62.3495,3.908
62.4184,12.739,62.4184,33.784,62.4184,20.105,62.4184,4.994
62.4873,16.987,62.4873,41.547,62.4873,16.438,62.4873,4.136
62.5562,22.122,62.5562,48.014,62.5562,11.186,62.5562,3.393
62.6251,25.254,62.6251,41.762,62.6251,8.782,62.6251,3.579
62.6940,32.846,62.6940,37.903,62.6940,6.783,62.6940,3.075
62.7629,47.698,62.7629,36.452,62.7629,7.056,62.7629,3.414
62.8318,58.787,62.8318,38.623,62.8318,10.006,62.8318,3.222
62.9007,86.673,62.9007,40.341,62.9007,9.890,62.9007,3.194
62.9696,117.768,62.9696,44.756,62.9696,10.997,62.9696,3.749
63.0385,147.204,63.0385,47.192,63.0385,9.278,63.0385,4.866
63.1074,157.704,63.1074,43.637,63.1074,8.440,63.1074,6.833
63.1763,136.612,63.1763,34.161,63.1763,7.369,63.1763,7.261
63.2451,106.100,63.2451,27.826,63.2451,7.585,63.2451,7.646
63.3140,79.521,63.3140,24.865,63.3140,9.309,63.3140,10.612
63.3829,58.006,63.3829,21.958,63.3829,10.672,63.3829,12.547
63.4518,44.905,63.4518,17.424,63.4518,13.132,63.4518,16.533
63.5207,34.910,63.5207,11.752,63.5207,12.172,63.5207,16.978
63.5896,29.258,63.5896,6.903,63.5896,17.007,63.5896,18.516
63.6585,22.151,63.6585,5.526,63.6585,24.720,63.6585,14.128
63.7274,19.377,63.7274,6.378,63.7274,27.225,63.7274,11.160
63.7963,19.360,63.7963,7.220,63.7963,24.695,63.7963,8.652
63.8652,24.310,63.8652,7.893,63.8652,17.197,63.8652,12.109
63.9341,31.147,63.9341,8.961,63.9341,15.495,63.9341,13.466
64.0030,35.783,64.0030,7.465,64.0030,14.297,64.0030,16.489
64.0719,39.751,64.0719,5.652,64.0719,15.196,64.0719,20.203
64.1408,38.583,64.1408,5.370,64.1408,16.941,64.1408,33.137
64.2097,29.869,64.2097,6.561,64.2097,16.815,64.2097,44.021
64.2786,23.363,64.2786,4.184,64.2786,15.679,64.2786,50.395
64.3475,24.499,64.3475,3.799,64.3475,13.406,64.3475,49.115
64.4164,25.031,64.4164,2.916,64.4164,13.208,64.4164,48.726
64.4852,22.130,64.4852,2.699,64.4852,13.337,64.4852,54.635
64.5541,20.594,64.5541,2.791,64.5541,16.920,64.5541,56.020
64.6230,19.857,64.6230,2.246,64.6230,23.325,64.6230,53.755
64.6919,19.884,64.6919,2.728,64.6919,28.815,64.6919,45.148
64.7608,17.098,64.7608,3.359,64.7608,29.724,64.7608,40.169
64.8297,14.929,64.8297,4.168,64.8297,35.291,64.8297,40.481
64.8986,12.059,64.8986,3.794,64.8986,48.226,64.8986,38.643
64.9675,14.563,64.9675,3.808,64.9675,64.066,64.9675,36.031
65.0364,16.656,65.0364,2.902,65.0364,81.553,65.0364,36.778
65.1053,19.253,65.1053,4.028,65.1053,92.402,65.1053,36.526
65.1742,20.588,65.1742,3.448,65.1742,97.364,65.1742,37.039
65.2431,27.341,65.2431,3.276,65.2431,84.343,65.2431,40.057
65.3120,25.400,65.3120,4.728,65.3120,64.067,65.3120,39.782
65.3809,26.988,65.3809,4.131,65.3809,42.347,65.3809,39.624
65.4498,34.812,65.4498,6.335,65.4498,32.221,65.4498,34.366
65.5187,38.402,65.5187,7.730,65.5187,25.537,65.5187,26.895
65.5876,33.949,65.5876,7.072,65.5876,19.112,65.5876,20.407
65.6565,26.622,65.6565,6.093,65.6565,17.604,65.6565,21.313
65.7253,22.487,65.7253,4.069,65.7253,14.419,65.7253,22.582
65.7942,22.102,65.7942,2.906,65.7942,14.147,65.7942,26.519
65.8631,18.688,65.8631,3.804,65.8631,13.884,65.8631,25.699
65.9320,20.868,65.9320,5.236,65.9320,16.560,65.9320,24.375
66.0009,23.052,66.0009,4.691,66.0009,19.781,66.0009,20.307
66.0698,24.730,66.0698,4.927,66.0698,20.409,66.0698,16.873
66.1387,18.613,66.1387,6.227,66.1387,16.051,66.1387,15.473
66.2076,16.488,66.2076,6.395,66.2076,11.532,66.2076,18.088
66.2765,19.255,66.2765,7.010,66.2765,11.113,66.2765,20.323
66.3454,25.300,66.3454,7.696,66.3454,8.828,66.3454,21.645
66.4143,33.279,66.4143,7.972,66.4143,9.840,66.4143,24.584
66.4832,32.533,66.4832,8.650,66.4832,10.406,66.4832,24.705
66.5521,28.962,66.5521,12.453,66.5521,13.183,66.5521,21.885
66.6210,24.908,66.6210,15.316,66.6210,10.830,66.6210,20.474
66.6899,20.032,66.6899,21.336,66.6899,10.583,66.6899,19.814
66.7588,24.801,66.7588,25.997,66.7588,9.583,66.7588,20.009
66.8277,24.078,66.8277,34.732,66.8277,12.320,66.8277,16.737
66.8966,25.710,66.8966,43.350,66.8966,14.934,66.8966,16.779
66.9655,24.265,66.9655,48.944,66.9655,21.150,66.9655,17.987
67.0343,26.038,67.0343,50.546,67.0343,24.434,67.0343,18.376
,,67.1032,41.158,67.1032,28.477,67.1032,16.249
,,67.1721,33.912,67.1721,28.917,67.1721,17.717
,,67.2410,27.289,67.2410,27.138,67.2410,15.588
,,67.3099,18.777,67.3099,23.739,67.3099,12.319
,,67.3788,16.171,67.3788,22.518,67.3788,14.631
,,67.4477,15.773,67.4477,21.868,67.4477,18.647
,,67.5166,18.308,67.5166,18.895,67.5166,23.458
,,67.5855,21.037,67.5855,14.707,67.5855,24.473
,,67.6544,26.303,67.6544,12.481,67.6544,29.093
,,67.7233,33.628,67.7233,10.902,67.7233,29.934
,,67.7922,34.692,67.7922,9.019,67.7922,24.376
,,67.8611,27.813,67.8611,8.496,67.8611,20.629
,,67.9300,23.906,67.9300,8.017,67.9300,18.220
,,67.9989,23.846,67.9989,11.404,67.9989,13.634
,,68.0678,25.404,68.0678,16.735,68.0678,11.774
,,68.1367,20.627,68.1367,22.640,68.1367,10.338
,,68.2056,14.083,68.2056,26.287,68.2056,9.303
,,68.2744,11.514,68.2744,24.553,68.2744,10.771
,,68.3433,10.366,68.3433,24.571,68.3433,14.829
,,68.4122,8.776,68.4122,17.758,68.4122,16.046
,,68.4811,11.502,68.4811,11.514,68.4811,15.897
,,68.5500,11.953,68.5500,10.839,68.5500,12.075
,,68.6189,10.174,68.6189,7.889,68.6189,10.136
,,68.6878,12.218,68.6878,7.586,68.6878,11.761
,,68.7567,12.993,68.7567,7.217,68.7567,12.361
,,68.8256,9.444,68.8256,8.741,68.8256,17.098
,,68.8945,6.755,68.8945,9.765,68.8945,19.605
,,68.9634,7.000,68.9634,13.749,68.9634,21.970
,,69.0323,8.119,69.0323,16.752,69.0323,22.764
,,69.1012,6.071,69.1012,14.419,69.1012,19.577
,,69.1701,5.625,69.1701,12.583,69.1701,17.667
,,69.2390,5.700,69.2390,11.399,69.2390,19.079
,,69.3079,5.292,69.3079,11.600,69.3079,28.342
,,69.3768,3.945,69.3768,10.304,69.3768,37.349
,,69.4457,3.456,69.4457,12.955,69.4457,42.112
,,69.5145,6.004,69.5145,17.662,69.5145,32.224
,,69.5834,8.429,69.5834,22.033,69.5834,30.078
,,69.6523,4.751,69.6523,27.844,69.6523,24.891
,,69.7212,6.089,69.7212,30.384,69.7212,21.453
,,69.7901,5.855,69.7901,29.779,69.7901,17.971
,,69.8590,3.848,69.8590,26.691,69.8590,19.271
,,69.9279,5.656,69.9279,20.395,69.9279,22.073
,,69.9968,6.162,69.9968,16.176,69.9968,21.780
,,70.0657,6.118,70.0657,12.404,70.0657,27.979
,,70.1346,8.843,70.1346,14.095,70.1346,47.049
,,70.2035,10.944,70.2035,14.258,70.2035,74.685
,,70.2724,14.252,70.2724,12.366,70.2724,85.898
,,70.3413,18.341,70.3413,10.970,70.3413,76.944
,,70.4102,21.890,70.4102,10.441,70.4102,59.476
,,70.4791,28.158,70.4791,7.483,70.4791,50.310
,,70.5480,37.797,70.5480,7.143,70.5480,39.737
,,70.6169,48.030,70.6169,8.537,70.6169,39.357
,,70.6858,58.432,70.6858,7.227,70.6858,35.512
,,70.7546,77.563,70.7546,8.033,70.7546,34.485
,,70.8235,80.864,70.8235,7.586,70.8235,37.810
,,70.8924,81.044,70.8924,9.600,70.8924,40.485
,,70.9613,70.577,70.9613,12.848,70.9613,39.729
,,71.0302,56.483,71.0302,15.597,71.0302,45.732
,,71.0991,47.805,71.0991,19.312,71.0991,55.678
,,71.1680,37.218,71.1680,15.459,71.1680,81.294
,,71.2369,29.438,71.2369,10.339,71.2369,106.013
,,71.3058,22.141,71.3058,8.795,71.3058,111.635
,,71.3747,16.050,71.3747,5.940,71.3747,94.363
,,71.4436,12.834,71.4436,4.333,71.4436,67.189
,,71.5125,10.629,71.5125,3.811,71.5125,48.325
,,71.5814,10.032,71.5814,3.476,71.5814,35.115
,,71.6503,9.256,71.6503,3.159,71.6503,25.972
,,71.7192,6.803,71.7192,4.219,71.7192,18.381
,,71.7881,7.551,71.7881,7.213,71.7881,14.491
,,71.8570,7.827,71.8570,8.576,71.8570,12.682
,,71.9259,7.611,71.9259,13.508,71.9259,10.806
,,71.9948,10.080,71.9948,19.119,71.9948,10.970
,,72.0636,8.303,72.0636,23.138,72.0636,11.983
,,72.1325,8.404,72.1325,19.347,72.1325,13.183
,,72.2014,7.978,72.2014,13.463,72.2014,14.202
,,72.2703,9.494,72.2703,10.842,72.2703,15.049
,,72.3392,7.750,72.3392,10.306,72.3392,14.557
,,72.4081,6.640,72.4081,11.149,72.4081,14.923
,,72.4770,5.822,72.4770,11.587,72.4770,12.339
,,72.5459,6.324,72.5459,10.126,72.5459,14.973
,,72.6148,5.822,72.6148,7.712,72.6148,16.937
,,72.6837,6.054,72.6837,5.438,72.6837,19.704
,,72.7526,7.537,72.7526,4.516,72.7526,23.378
,,72.8215,6.763,72.8215,4.275,72.8215,19.938
,,72.8904,6.008,72.8904,3.002,72.8904,18.967
,,72.9593,7.148,72.9593,2.130,72.9593,18.033
,,73.0282,8.847,73.0282,3.464,73.0282,14.474
,,73.0971,11.517,73.0971,3.297,73.0971,15.609
,,73.1660,21.651,73.1660,3.014,73.1660,20.237
,,73.2348,38.845,73.2348,2.734,73.2348,17.432
,,73.3037,62.457,73.3037,4.437,73.3037,15.088
,,73.3726,92.028,73.3726,5.954,73.3726,12.456
,,73.4415,95.727,73.4415,6.694,73.4415,10.648
,,73.5104,89.901,73.5104,8.049,73.5104,11.865
,,73.5793,70.993,73.5793,10.105,73.5793,13.790
,,73.6482,56.204,73.6482,12.996,73.6482,13.089
,,73.7171,52.972,73.7171,12.652,73.7171,11.976
,,73.7860,54.897,73.7860,12.006,73.7860,8.213
,,,,73.8549,7.286,73.8549,6.740
,,,,73.9238,6.062,73.9238,4.508
,,,,73.9927,5.027,73.9927,3.915
,,,,74.0616,5.581,74.0616,3.485
,,,,74.1305,6.113,74.1305,4.648
,,,,74.1994,8.724,74.1994,5.357
,,,,74.2683,8.059,74.2683,4.231
,,,,74.3372,11.301,74.3372,2.605
,,,,74.4061,14.989,74.4061,2.695
,,,,74.4750,17.290,74.4750,2.499
,,,,74.5438,19.031,74.5438,3.685
,,,,74.6127,16.863,74.6127,3.858
,,,,74.6816,16.574,74.6816,4.109
,,,,74.7505,17.675,74.7505,3.935
,,,,74.8194,20.090,74.8194,3.745
,,,,74.8883,22.877,74.8883,3.008
,,,,74.9572,17.386,74.9572,3.951
,,,,75.0261,16.004,75.0261,3.302
,,,,75.0950,14.715,75.0950,3.162
,,,,75.1639,13.197,75.1639,2.790
,,,,75.2328,10.115,75.2328,2.500
,,,,75.3017,8.914,75.3017,2.940
,,,,75.3706,8.591,75.3706,3.786
,,,,75.4395,6.292,75.4395,4.757
,,,,75.5084,7.659,75.5084,3.770
,,,,75.5773,9.095,75.5773,3.155
,,,,75.6462,9.322,75.6462,4.364
,,,,75.7150,10.510,75.7150,3.690
,,,,75.7839,9.468,75.7839,3.209
,,,,75.8528,7.654,75.8528,4.645
,,,,75.9217,6.580,75.9217,4.178
,,,,75.9906,6.621,75.9906,4.148
,,,,76.0595,6.538,76.0595,4.547
,,,,76.1284,6.175,76.1284,7.268
,,,,76.1973,7.702,76.1973,8.508
,,,,76.2662,7.861,76.2662,14.164
,,,,76.3351,6.682,76.3351,26.397
,,,,76.4040,6.279,76.4040,41.423
,,,,76.4729,5.673,76.4729,53.697
,,,,76.5418,4.875,76.5418,58.232
,,,,76.6107,5.184,76.6107,55.385
,,,,76.6796,4.615,76.6796,49.449
,,,,76.7485,4.998,76.7485,42.156
,,,,76.8174,5.041,76.8174,33.099
,,,,76.8863,7.361,76.8863,29.454
,,,,76.9552,12.116,76.9552,27.746
,,,,77.0240,7.930,77.0240,27.457
,,,,77.0929,7.724,77.0929,22.649
,,,,77.1618,9.140,77.1618,24.079
,,,,77.2307,8.346,77.2307,22.816
,,,,77.2996,8.580,77.2996,19.135
,,,,77.3685,13.152,77.3685,15.307
,,,,77.4374,13.908,77.4374,15.059
,,,,77.5063,12.977,77.5063,14.104
,,,,77.5752,11.609,77.5752,11.749
,,,,77.6441,7.332,77.6441,8.280
,,,,77.7130,8.531,77.7130,6.317
,,,,77.7819,8.167,77.7819,4.423
,,,,77.8508,6.459,77.8508,4.319
,,,,77.9197,5.342,77.9197,4.969
,,,,77.9886,7.885,77.9886,2.711
,,,,78.0575,9.367,78.0575,2.498
,,,,78.1264,11.546,78.1264,3.250
,,,,78.1953,10.976,78.1953,3.570
,,,,78.2641,11.205,78.2641,5.167
,,,,78.3330,13.042,78.3330,4.050
,,,,78.4019,11.234,78.4019,5.024
,,,,78.4708,8.722,78.4708,6.345
,,,,78.5397,10.277,78.5397,7.013
,,,,78.6086,11.368,78.6086,9.033
,,,,78.6775,12.607,78.6775,8.651
,,,,78.7464,13.460,78.7464,6.885
,,,,78.8153,15.250,78.8153,7.863
,,,,78.8842,13.233,78.8842,7.059
,,,,78.9531,17.033,78.9531,4.874
,,,,79.0220,19.756,79.0220,5.490
,,,,79.0909,30.472,79.0909,5.094
,,,,79.1598,41.986,79.1598,4.745
,,,,79.2287,50.284,79.2287,8.709
,,,,79.2976,65.378,79.2976,13.481
,,,,79.3665,70.962,79.3665,18.170
,,,,79.4354,61.031,79.4354,16.623
,,,,79.5042,49.612,79.5042,16.045
,,,,79.5731,33.333,79.5731,15.947
,,,,79.6420,23.506,79.6420,18.959
,,,,,,79.7109,21.805
,,,,,,79.7798,17.260
,,,,,,79.8487,12.385
,,,,,,79.9176,10.727
,,,,,,79.9865,10.003
,,,,,,80.0554,14.294
,,,,,,80.1243,15.228
,,,,,,80.1932,12.693
,,,,,,80.2621,13.952
,,,,,,80.3310,21.461
,,,,,,80.3999,42.560
,,,,,,80.4688,59.998
,,,,,,80.5377,66.520
,,,,,,80.6066,57.026
,,,,,,80.6755,42.977
,,,,,,80.7443,27.742
,,,,,,80.8132,17.508
,,,,,,80.8821,12.193
,,,,,,80.9510,8.622
,,,,,,81.0199,6.104
,,,,,,81.0888,4.641
,,,,,,81.1577,3.572
,,,,,,81.2266,3.090
,,,,,,81.2955,4.500
,,,,,,81.3644,3.781
,,,,,,81.4333,4.054
,,,,,,81.5022,2.929
,,,,,,81.5711,3.208
,,,,,,81.6400,3.467
,,,,,,81.7089,4.866
,,,,,,81.7778,6.722
,,,,,,81.8467,8.143
,,,,,,81.9156,9.672
,,,,,,81.9845,10.362
,,,,,,82.0533,10.916
,,,,,,82.1222,9.972
,,,,,,82.1911,9.177
,,,,,,82.2600,11.995
,,,,,,82.3289,10.912
,,,,,,82.3978,9.999
,,,,,,82.4667,8.894
,,,,,,82.5356,13.107
,,,,,,82.6045,14.893
,,,,,,82.6734,19.217
,,,,,,82.7423,27.412
,,,,,,82.8112,35.026
,,,,,,82.8801,35.381
,,,,,,82.9490,44.374
,,,,,,83.0179,45.423
,,,,,,83.0868,47.556
,,,,,,83.1557,52.953
,,,,,,83.2245,53.903
,,,,,,83.2934,50.650
,,,,,,83.3623,48.104
,,,,,,83.4312,38.348
,,,,,,83.5001,30.857
,,,,,,83.5690,25.577
,,,,,,83.6379,23.036
,,,,,,83.7068,19.683
,,,,,,83.7757,15.145
,,,,,,83.8446,14.960
,,,,,,83.9135,15.034
,,,,,,83.9824,14.345
,,,,,,84.0513,16.803
,,,,,,84.1202,13.629
,,,,,,84.1891,11.384
,,,,,,84.2580,8.569
,,,,,,84.3269,6.868
,,,,,,84.3958,6.822
,,,,,,84.4647,6.528
,,,,,,84.5335,7.680
,,,,,,84.6024,8.120
,,,,,,84.6713,7.251
,,,,,,84.7402,7.048
,,,,,,84.8091,6.862
,,,,,,84.8780,5.986
,,,,,,84.9469,4.707
,,,,,,85.0158,4.854
,,,,,,85.0847,5.773
,,,,,,85.1536,6.347
,,,,,,85.2225,5.954
,,,,,,85.2914,8.142
,,,,,,85.3603,7.564
,,,,,,85.4292,9.499
,,,,,,85.4981,14.734
,,,,,,85.5670,15.506
,,,,,,85.6359,15.178
,,,,,,85.7048,15.277
,,,,,,85.7737,11.351
,,,,,,85.8425,8.778
,,,,,,85.9114,8.170
,,,,,,85.9803,8.915
,,,,,,86.0492,10.656
,,,,,,86.1181,11.958
,,,,,,86.1870,10.140
,,,,,,86.2559,9.986
,,,,,,86.3248,8.786
,,,,,,86.3937,7.103
,,,,,,86.4626,6.631
,,,,,,86.5315,9.192
,,,,,,86.6004,8.120
,,,,,,86.6693,10.492
,,,,,,86.7382,11.376
,,,,,,86.8071,11.330
,,,,,,86.8760,11.416
,,,,,,86.9449,10.887
,,,,,,87.0137,12.588
,,,,,,87.0826,12.451
,,,,,,87.1515,12.887
,,,,,,87.2204,11.011
,,,,,,87.2893,11.494
,,,,,,87.3582,13.222
,,,,,,87.4271,15.288
,,,,,,87.4960,13.802
,,,,,,87.5649,10.981
,,,,,,87.6338,9.604
,,,,,,87.7027,9.915
,,,,,,87.7716,9.326
,,,,,,87.8405,10.649
,,,,,,87.9094,12.658
,,,,,,87.9783,16.199
,,,,,,88.0472,24.083
,,,,,,88.1161,25.968
,,,,,,88.1850,24.084
,,,,,,88.2539,19.661
,,,,,,88.3227,15.170
,,,,,,88.3916,14.865
,,,,,,88.4605,11.244
,,,,,,88.5294,7.636
,,,,,,88.5983,7.735
,,,,,,88.6672,9.274
,,,,,,88.7361,10.699
,,,,,,88.8050,16.253
,,,,,,88.8739,22.899
,,,,,,88.9428,30.212
,,,,,,89.0117,41.477
,,,,,,89.0806,47.890
,,,,,,89.1495,49.309
,,,,,,89.2184,45.633
,,,,,,89.2873,36.603
,,,,,,89.3562,27.456
