,position (um),Ecad intensity,Abi intensity
0,0.0,16.8954,1.7525
1,0.0689,17.1438,2.2787
2,0.1378,18.6598,2.6421
3,0.2067,21.9719,2.8207
4,0.2756,18.7879,3.1597
5,0.3445,20.7187,2.3825
6,0.4134,18.1345,3.1701
7,0.4823,17.6491,3.6957
8,0.5512,15.2623,3.2244
9,0.6201,14.8926,3.9369
10,0.6889,14.0745,4.1053
11,0.7578,16.3851,3.6487
12,0.8267,16.3972,4.7208
13,0.8956,17.7839,6.2222
14,0.9645,17.9643,5.3128
15,1.0334,18.7357,4.3527
16,1.1023,20.423,3.4323
17,1.1712,18.172,3.1346
18,1.2401,17.1354,3.5624
19,1.309,17.1686,3.3241
20,1.3779,15.346,2.993
21,1.4468,13.902,2.7098
22,1.5157,12.5786,3.191
23,1.5846,14.9921,4.4678
24,1.6535,14.5727,4.6649
25,1.7224,12.2507,5.847
26,1.7913,10.2038,5.6545
27,1.8602,10.8783,4.5523
28,1.929,9.5592,3.6673
29,1.9979,8.3524,2.2349
30,2.0668,8.1922,1.9126
31,2.1357,11.233,2.439
32,2.2046,11.7567,1.9498
33,2.2735,15.6656,1.6685
34,2.3424,14.4367,1.6245
35,2.4113,12.6872,1.6624
36,2.4802,12.8246,1.9145
37,2.5491,10.4208,1.4766
38,2.618,7.5194,1.9736
39,2.6869,8.0173,2.3845
40,2.7558,7.1368,2.8561
41,2.8247,7.0766,2.2749
42,2.8936,9.3062,1.9292
43,2.9625,8.9154,1.8322
44,3.0314,8.9366,1.9256
45,3.1003,9.9839,2.6215
46,3.1691,11.6859,2.3533
47,3.238,11.9772,2.1397
48,3.3069,12.4975,2.34
49,3.3758,14.8517,2.1767
50,3.4447,14.5682,2.0171
51,3.5136,13.2224,2.1952
52,3.5825,12.3816,1.7188
53,3.6514,12.4443,1.5458
54,3.7203,16.8043,1.6829
55,3.7892,20.3716,2.0178
56,3.8581,16.5076,2.8672
57,3.927,14.6387,2.4187
58,3.9959,10.169,2.4852
59,4.0648,11.5993,2.3474
60,4.1337,10.8013,2.4474
61,4.2026,10.9925,2.5965
62,4.2715,13.4818,2.9918
63,4.3404,13.9381,3.2316
64,4.4092,16.6914,2.5872
65,4.4781,19.4155,3.8194
66,4.547,19.2056,4.6527
67,4.6159,17.8888,6.5466
68,4.6848,16.4085,7.5527
69,4.7537,16.2058,6.3715
70,4.8226,15.0757,5.3319
71,4.8915,13.874,3.0033
72,4.9604,14.6988,2.4252
73,5.0293,15.5911,2.0087
74,5.0982,12.9094,1.5482
75,5.1671,9.4286,1.5273
76,5.236,8.96,1.0017
77,5.3049,7.8474,0.836
78,5.3738,8.3157,0.9657
79,5.4427,10.1246,1.2687
80,5.5116,9.7082,0.7986
81,5.5805,8.2215,0.9119
82,5.6493,8.8586,1.2094
83,5.7182,8.4086,1.5622
84,5.7871,8.3143,1.6584
85,5.856,7.6847,1.636
86,5.9249,8.9907,1.7981
87,5.9938,9.9349,1.8918
88,6.0627,12.5708,2.4734
89,6.1316,14.5811,2.0773
90,6.2005,15.7201,2.3809
91,6.2694,20.5171,3.6719
92,6.3383,25.7762,4.6391
93,6.4072,26.5072,7.2309
94,6.4761,29.4983,7.4537
95,6.545,25.5067,6.0401
96,6.6139,22.6046,4.9769
97,6.6828,17.8521,2.5777
98,6.7517,16.0234,1.9119
99,6.8206,13.4735,1.629
100,6.8894,11.3444,1.0616
101,6.9583,7.7807,1.3116
102,7.0272,8.4883,1.1849
103,7.0961,12.2066,1.0084
104,7.165,16.8678,1.0038
105,7.2339,20.4024,1.028
106,7.3028,22.0725,1.4175
107,7.3717,18.0278,1.6017
108,7.4406,14.1388,1.3072
109,7.5095,13.1914,1.4253
110,7.5784,13.4445,1.6088
111,7.6473,13.2666,1.9244
112,7.7162,12.2066,1.3621
113,7.7851,10.821,1.7529
114,7.854,12.5402,1.1368
115,7.9229,11.3987,2.0883
116,7.9918,13.3157,1.534
117,8.0607,14.1722,1.5955
118,8.1296,17.7003,1.8472
119,8.1984,21.0515,2.5068
120,8.2673,18.2555,2.9691
121,8.3362,13.2767,2.3841
122,8.4051,10.8536,2.1703
123,8.474,10.4911,2.0164
124,8.5429,10.2442,1.9533
125,8.6118,10.7507,2.1824
126,8.6807,8.1094,1.8058
127,8.7496,7.8905,1.5867
128,8.8185,7.3411,1.4243
129,8.8874,7.3094,1.9577
130,8.9563,9.7738,3.0185
131,9.0252,10.3571,4.6048
132,9.0941,12.4518,3.2765
133,9.163,13.1699,2.6312
134,9.2319,10.5865,2.0997
135,9.3008,8.9437,1.9701
136,9.3697,7.5751,1.6449
137,9.4385,8.3289,1.2852
138,9.5074,7.4538,1.3699
139,9.5763,8.715,1.8258
140,9.6452,9.6941,1.7691
141,9.7141,10.7382,2.2755
142,9.783,12.5792,2.4676
143,9.8519,16.043,2.1145
144,9.9208,17.9678,3.1476
145,9.9897,17.9807,3.1177
146,10.0586,20.2431,3.4966
147,10.1275,22.0921,3.8669
148,10.1964,20.6987,3.0913
149,10.2653,20.2911,3.3237
150,10.3342,23.7961,3.9159
151,10.4031,23.906,4.7152
152,10.472,23.3702,5.1883
153,10.5409,19.7431,5.0812
154,10.6098,19.0237,4.6452
155,10.6786,14.1691,3.5199
156,10.7475,11.6675,1.9941
157,10.8164,13.4746,1.6789
158,10.8853,12.0454,1.5262
159,10.9542,10.5529,1.8374
160,11.0231,8.9304,1.487
161,11.092,8.7342,0.8445
162,11.1609,10.6438,1.1319
163,11.2298,8.8413,1.2728
164,11.2987,7.7378,1.3759
165,11.3676,8.9423,0.8821
166,11.4365,8.3712,1.3737
167,11.5054,8.2109,2.3088
168,11.5743,9.5604,2.399
169,11.6432,10.8276,2.314
170,11.7121,10.4376,2.6684
171,11.781,8.5641,2.2375
172,11.8499,7.9549,1.0005
173,11.9187,6.3804,0.6352
174,11.9876,5.9425,1.3153
175,12.0565,5.8655,1.8626
176,12.1254,5.7157,1.6817
177,12.1943,6.9193,1.9318
178,12.2632,8.4334,2.9519
179,12.3321,7.9696,2.1681
180,12.401,6.2332,1.7654
181,12.4699,7.7052,1.195
182,12.5388,7.5412,1.2345
183,12.6077,8.9684,1.1874
184,12.6766,9.9173,1.1029
185,12.7455,9.8063,1.2192
186,12.8144,11.1191,0.9529
187,12.8833,11.2652,1.0022
188,12.9522,11.4855,0.846
189,13.0211,9.3428,1.0868
190,13.09,11.5508,0.9491
191,13.1588,10.3838,1.2241
192,13.2277,11.9695,0.9993
193,13.2966,11.9093,1.184
194,13.3655,9.7144,1.3428
195,13.4344,10.8598,0.9278
196,13.5033,8.3111,0.7469
197,13.5722,7.9373,1.1286
198,13.6411,7.94,1.0619
199,13.71,6.9864,0.8433
200,13.7789,7.9633,1.1758
201,13.8478,8.7498,1.2063
202,13.9167,8.7813,1.5617
203,13.9856,11.4722,1.6273
204,14.0545,14.1027,1.2559
205,14.1234,13.2127,2.6188
206,14.1923,14.155,2.6987
207,14.2612,14.5476,4.0593
208,14.3301,19.8734,4.9847
209,14.3989,20.0117,6.3718
210,14.4678,24.4372,6.0199
211,14.5367,23.4953,4.9678
212,14.6056,31.063,4.3024
213,14.6745,28.1316,4.0002
214,14.7434,21.3192,3.4416
215,14.8123,15.8744,4.0236
216,14.8812,14.5323,3.9823
217,14.9501,14.7525,3.2563
218,15.019,14.2267,3.0978
219,15.0879,14.2002,3.8265
220,15.1568,11.1547,3.9141
221,15.2257,7.2624,3.532
222,15.2946,5.8952,2.8484
223,15.3635,7.4154,2.3186
224,15.4324,6.4168,2.1824
225,15.5013,7.4043,1.8727
226,15.5702,7.5534,1.6153
227,15.6391,8.6541,1.2691
228,15.7079,10.1031,1.9666
229,15.7768,9.0818,2.0444
230,15.8457,10.274,2.2607
231,15.9146,12.3134,2.0857
232,15.9835,13.0069,3.1934
233,16.0524,13.3549,3.2427
234,16.1213,10.8996,3.1467
235,16.1902,11.2412,3.6516
236,16.2591,12.6593,3.5619
237,16.328,15.7341,3.2721
238,16.3969,16.276,2.4349
239,16.4658,12.954,3.0235
240,16.5347,14.6267,3.1984
241,16.6036,17.1359,3.4132
242,16.6725,13.7436,2.6369
243,16.7414,13.6874,3.1188
244,16.8103,17.0126,4.2472
245,16.8792,17.4642,4.7334
246,16.948,14.1857,4.7759
247,17.0169,12.5341,3.9403
248,17.0858,11.7975,3.4826
249,17.1547,11.994,3.3821
250,17.2236,14.5642,3.2353
251,17.2925,16.092,3.5592
252,17.3614,17.301,3.951
253,17.4303,16.7777,4.9958
254,17.4992,16.6789,7.083
255,17.5681,23.1644,8.2997
256,17.637,26.8463,7.7122
257,17.7059,22.5754,6.7202
258,17.7748,16.5617,6.878
259,17.8437,14.5057,5.7698
260,17.9126,13.9472,5.0603
261,17.9815,17.0962,5.3027
262,18.0504,19.7967,4.4832
263,18.1193,17.9957,3.4621
264,18.1881,20.2533,2.9474
265,18.257,18.0733,3.3073
266,18.3259,19.1388,2.8922
267,18.3948,18.7075,1.8486
268,18.4637,17.4713,1.9632
269,18.5326,17.6857,2.2057
270,18.6015,14.9989,2.1288
271,18.6704,14.9658,2.3012
272,18.7393,14.9938,2.3094
273,18.8082,19.6315,1.8119
274,18.8771,18.0452,1.3378
275,18.946,17.1614,1.4512
276,19.0149,15.319,1.9913
277,19.0838,13.5542,2.8972
278,19.1527,14.5145,3.544
279,19.2216,12.9421,3.181
280,19.2905,11.7016,3.2279
281,19.3594,11.7257,3.1631
282,19.4282,11.4091,3.7629
283,19.4971,10.7908,2.6178
284,19.566,10.0865,2.6072
285,19.6349,11.0256,2.1242
286,19.7038,9.7541,3.0593
287,19.7727,8.9656,3.7899
288,19.8416,9.4353,3.7344
289,19.9105,7.6827,3.8076
290,19.9794,8.0079,3.0349
291,20.0483,10.1351,2.3184
292,20.1172,9.6915,2.7854
293,20.1861,9.6138,2.9752
294,20.255,7.5766,3.373
295,20.3239,8.2832,3.0733
296,20.3928,9.6319,2.5977
297,20.4617,10.1742,3.9801
298,20.5306,8.7529,4.0254
299,20.5995,8.1563,4.6431
300,20.6683,8.6939,3.8249
301,20.7372,8.6929,3.827
302,20.8061,11.8623,3.8516
303,20.875,16.3961,5.0885
304,20.9439,19.4539,6.0316
305,21.0128,19.2397,6.8052
306,21.0817,22.3112,6.4899
307,21.1506,24.3859,5.6079
308,21.2195,25.4472,3.861
309,21.2884,21.4862,3.6337
310,21.3573,19.6029,3.0361
311,21.4262,18.6636,3.0493
312,21.4951,15.7769,2.9701
313,21.564,14.1629,2.2447
314,21.6329,13.7014,2.4764
315,21.7018,12.805,2.7864
316,21.7707,10.5999,2.1555
317,21.8396,13.445,1.947
318,21.9084,13.6446,2.2958
319,21.9773,12.24,2.4406
320,22.0462,10.65,2.1028
321,22.1151,9.119,2.1676
322,22.184,11.8201,2.1114
323,22.2529,10.2686,1.5517
324,22.3218,11.3326,1.3042
325,22.3907,13.1226,1.0421
326,22.4596,14.1413,2.2126
327,22.5285,16.5854,3.4224
328,22.5974,16.164,3.1277
329,22.6663,17.1498,3.0893
330,22.7352,16.6972,3.7133
331,22.8041,14.0512,3.649
332,22.873,15.4165,4.0569
333,22.9419,17.611,3.1483
334,23.0108,20.7301,3.197
335,23.0797,18.9944,2.3214
336,23.1486,13.9838,2.4527
337,23.2174,13.2488,2.0913
338,23.2863,9.6648,2.1748
339,23.3552,11.4314,1.7713
340,23.4241,14.365,2.0722
341,23.493,12.0469,1.6628
342,23.5619,14.7205,2.3938
343,23.6308,12.4106,1.795
344,23.6997,13.4982,2.5974
345,23.7686,12.2216,3.1878
346,23.8375,11.559,2.3676
347,23.9064,11.9016,2.1428
348,23.9753,14.7427,2.0792
349,24.0442,9.1595,1.5279
350,24.1131,7.2927,1.6366
351,24.182,7.5003,1.4935
352,24.2509,6.666,1.4836
353,24.3198,6.9737,1.7339
354,24.3887,8.7669,1.948
355,24.4575,10.1176,1.8896
356,24.5264,9.4432,2.1697
357,24.5953,7.1597,1.6069
358,24.6642,6.0613,1.4001
359,24.7331,4.8987,1.6064
360,24.802,6.7126,1.2545
361,24.8709,6.1768,1.0889
362,24.9398,6.6382,1.2804
363,25.0087,8.1674,1.3967
364,25.0776,6.7056,0.7561
365,25.1465,7.3426,0.9583
366,25.2154,6.8333,1.1893
367,25.2843,4.9703,1.7913
368,25.3532,5.0451,1.9597
369,25.4221,5.2595,1.7228
370,25.491,5.7629,2.3598
371,25.5599,6.8682,2.8006
372,25.6288,7.4969,2.6096
373,25.6976,7.9824,3.2571
374,25.7665,10.3428,3.3406
375,25.8354,11.4031,2.8693
376,25.9043,11.3997,1.8744
377,25.9732,8.0957,2.2291
378,26.0421,8.3726,1.9529
379,26.111,9.0475,2.8343
380,26.1799,6.5172,2.1815
381,26.2488,6.7591,2.1492
382,26.3177,7.1647,2.1703
383,26.3866,4.7822,2.1697
384,26.4555,4.7286,1.8433
385,26.5244,5.6445,2.0411
386,26.5933,7.148,3.1602
387,26.6622,7.6482,2.4541
388,26.7311,5.4495,2.8054
389,26.8,4.3276,3.4175
390,26.8689,6.4348,2.1828
391,26.9377,5.1013,2.3886
392,27.0066,5.7337,3.5793
393,27.0755,6.9145,3.6072
394,27.1444,9.6969,4.4165
395,27.2133,13.0174,4.31
396,27.2822,15.6334,3.9283
397,27.3511,18.209,5.5811
398,27.42,24.7945,8.3287
399,27.4889,25.6519,10.691
400,27.5578,21.7862,10.0563
401,27.6267,16.1368,8.3245
402,27.6956,10.1173,5.8183
403,27.7645,8.9559,3.6869
404,27.8334,5.9454,2.5996
405,27.9023,4.5623,1.6383
406,27.9712,4.1994,1.3646
407,28.0401,3.7655,1.0924
408,28.109,4.3093,1.6463
409,28.1778,4.4562,1.3703
410,28.2467,4.7447,1.2521
411,28.3156,5.4077,1.6291
412,28.3845,6.3781,1.5025
413,28.4534,6.2601,1.1164
414,28.5223,6.3892,1.0773
415,28.5912,5.8059,0.6038
416,28.6601,6.0477,1.2194
417,28.729,6.3932,0.8015
418,28.7979,6.5833,1.1683
419,28.8668,6.34,1.2791
420,28.9357,5.2849,0.8471
421,29.0046,3.7408,0.8328
422,29.0735,5.4154,1.1425
423,29.1424,7.4263,1.8629
424,29.2113,10.0151,1.7018
425,29.2802,11.2398,3.0228
426,29.3491,13.3014,2.8224
427,29.4179,15.6984,3.0445
428,29.4868,17.4546,3.8859
429,29.5557,17.5893,3.4392
430,29.6246,20.9528,3.2276
431,29.6935,21.2026,3.1132
432,29.7624,19.2002,3.2021
433,29.8313,15.3641,2.4459
434,29.9002,11.4642,1.8801
435,29.9691,12.1012,1.8247
436,30.038,10.5643,1.4336
437,30.1069,10.6642,1.276
438,30.1758,11.8238,1.3685
439,30.2447,10.6949,1.7082
440,30.3136,10.9752,1.3773
441,30.3825,11.3437,0.9644
442,30.4514,11.0853,1.4069
443,30.5203,10.1662,1.3909
444,30.5892,9.0963,1.2431
445,30.6581,8.2079,1.2041
446,30.7269,6.6125,0.5784
447,30.7958,5.8473,0.7782
448,30.8647,8.1327,0.5624
449,30.9336,6.8651,1.3009
450,31.0025,6.6919,1.1995
451,31.0714,7.5451,2.3868
452,31.1403,6.8931,2.3886
453,31.2092,6.6159,2.6168
454,31.2781,5.5493,2.5249
455,31.347,4.4724,2.5883
456,31.4159,3.6249,2.4084
457,31.4848,5.2724,2.0533
458,31.5537,3.9365,2.1563
459,31.6226,3.5581,1.5581
460,31.6915,3.7671,2.1789
461,31.7604,4.7102,1.3119
462,31.8293,4.4124,1.6669
463,31.8982,4.5749,2.5826
464,31.967,5.0867,2.6238
465,32.0359,4.3894,2.3268
466,32.1048,3.0586,2.5766
467,32.1737,3.2824,2.393
468,32.2426,3.9686,2.9879
469,32.3115,4.3359,3.6027
470,32.3804,5.3163,3.4587
471,32.4493,6.7768,3.7452
472,32.5182,5.6883,3.8826
473,32.5871,5.6271,3.0684
474,32.656,5.8217,2.7973
475,32.7249,6.9763,2.6763
476,32.7938,7.3832,2.7374
477,32.8627,8.8088,2.8635
478,32.9316,9.18,3.5141
479,33.0005,8.3163,2.4642
480,33.0694,7.1956,2.2482
481,33.1383,7.5198,2.8539
482,33.2071,10.2188,2.4387
483,33.276,11.1242,2.1957
484,33.3449,10.5724,2.6623
485,33.4138,14.2699,1.9906
486,33.4827,16.8107,2.7095
487,33.5516,21.0529,2.8912
488,33.6205,25.4643,2.3701
489,33.6894,18.3033,3.431
490,33.7583,15.1047,3.9201
491,33.8272,13.3076,4.4987
492,33.8961,14.1145,5.9896
493,33.965,15.9734,5.7399
494,34.0339,18.0871,5.9818
495,34.1028,18.7991,6.4679
496,34.1717,17.6216,6.1426
497,34.2406,17.6656,5.2276
498,34.3095,14.3369,5.4858
499,34.3784,16.6026,6.6624
500,34.4472,21.4011,7.7264
501,34.5161,25.2307,8.5763
502,34.585,20.0614,9.7648
503,34.6539,15.4215,9.4271
504,34.7228,14.3892,7.0507
505,34.7917,15.666,5.2664
506,34.8606,14.0175,3.9835
507,34.9295,11.3732,2.3033
508,34.9984,8.6196,2.0879
509,35.0673,8.9408,2.3041
510,35.1362,9.6887,2.1518
511,35.2051,8.7452,2.2498
512,35.274,7.6334,2.2785
513,35.3429,10.1415,2.9175
514,35.4118,12.6924,2.1468
515,35.4807,12.9216,1.4436
516,35.5496,14.2007,1.9009
517,35.6185,11.9023,1.4676
518,35.6873,11.0263,0.9161
519,35.7562,11.3267,0.5907
520,35.8251,11.2921,0.5183
521,35.894,11.6116,0.6305
522,35.9629,12.2466,0.7766
523,36.0318,11.0584,0.6349
524,36.1007,10.5721,0.7806
525,36.1696,10.7003,1.1424
526,36.2385,10.5419,1.0376
527,36.3074,13.3421,1.1111
528,36.3763,12.8509,0.943
529,36.4452,10.1658,0.9233
530,36.5141,11.6429,0.9596
531,36.583,14.349,0.6132
532,36.6519,16.1138,0.6704
533,36.7208,16.4359,0.4977
534,36.7897,14.9497,0.525
535,36.8586,13.4166,0.9194
536,36.9274,15.3295,1.13
537,36.9963,14.721,0.9548
538,37.0652,15.0107,0.9689
539,37.1341,11.713,0.9775
540,37.203,12.9497,0.8659
541,37.2719,12.2779,1.3493
542,37.3408,11.4379,1.2762
543,37.4097,11.2061,1.7806
544,37.4786,9.3512,2.0268
545,37.5475,9.6569,1.7091
546,37.6164,10.1659,1.6269
547,37.6853,11.5951,1.502
548,37.7542,11.6517,1.4252
549,37.8231,11.4534,1.3463
550,37.892,9.5301,1.4174
551,37.9609,11.4702,1.831
552,38.0298,13.0472,1.1714
553,38.0987,12.1231,1.3092
554,38.1675,12.3667,1.9511
555,38.2364,15.7523,2.4516
556,38.3053,16.8298,2.7607
557,38.3742,18.8299,3.28
558,38.4431,19.3625,4.5709
559,38.512,18.4619,5.1039
560,38.5809,18.5806,4.7804
561,38.6498,19.6696,5.5087
562,38.7187,21.917,6.8901
563,38.7876,23.5194,8.2069
564,38.8565,23.1291,8.4725
565,38.9254,19.5925,8.7276
566,38.9943,16.054,6.5423
567,39.0632,13.1018,5.0954
568,39.1321,11.4836,4.2047
569,39.201,9.3468,2.0468
570,39.2699,3.8478,2.0201
571,39.3388,3.4702,1.2618
572,39.4076,2.5079,0.793
573,39.4765,3.3606,0.6349
574,39.5454,2.8352,0.7819
575,39.6143,1.7191,0.5852
576,39.6832,1.7274,1.1528
577,39.7521,1.7785,0.942
578,39.821,2.7651,1.2547
579,39.8899,3.2534,0.668
580,39.9588,4.2844,0.6291
581,40.0277,3.4465,0.5448
582,40.0966,3.3889,0.5959
583,40.1655,3.6563,0.5368
584,40.2344,2.9348,0.3763
585,40.3033,2.5336,0.5769
586,40.3722,3.0202,0.3886
587,40.4411,2.7518,0.5297
588,40.51,2.852,0.6676
589,40.5789,2.9849,1.5555
590,40.6478,4.2703,1.5619
591,40.7166,6.4583,1.2205
592,40.7855,7.3328,1.8915
593,40.8544,9.1341,2.2116
594,40.9233,11.9594,1.5259
595,40.9922,12.5484,2.5016
596,41.0611,11.7306,2.4294
597,41.13,13.8611,3.0265
598,41.1989,13.0845,3.9675
599,41.2678,14.0369,5.0288
600,41.3367,14.1627,5.4326
601,41.4056,11.8473,5.4653
602,41.4745,11.7858,5.9699
603,41.5434,18.8066,6.1559
604,41.6123,19.3275,5.6771
605,41.6812,13.077,4.3562
606,41.7501,10.8967,2.3402
607,41.819,9.4236,2.4633
608,41.8879,8.8283,1.7168
609,41.9567,7.8735,1.4856
610,42.0256,9.0328,1.6563
611,42.0945,9.6626,2.5079
612,42.1634,10.4852,1.953
613,42.2323,8.4819,1.6146
614,42.3012,7.9776,1.9646
615,42.3701,8.2289,1.7329
616,42.439,6.7515,1.5754
617,42.5079,7.0963,1.5095
618,42.5768,6.1589,1.2241
619,42.6457,5.6251,2.0874
620,42.7146,6.0215,1.7539
621,42.7835,4.384,2.5848
622,42.8524,6.1103,2.5282
623,42.9213,5.4775,3.4645
624,42.9902,6.695,2.8592
625,43.0591,7.6528,2.2688
626,43.128,6.9725,2.0551
627,43.1968,6.9282,1.5701
628,43.2657,5.3868,2.03
629,43.3346,5.9637,2.3654
630,43.4035,4.5636,1.9351
631,43.4724,5.6037,1.9839
632,43.5413,4.8446,1.1908
633,43.6102,3.8102,1.8116
634,43.6791,3.1938,2.1853
635,43.748,5.4906,1.9047
636,43.8169,7.2064,1.7811
637,43.8858,9.2538,1.908
638,43.9547,8.6626,2.406
639,44.0236,9.2326,2.2208
640,44.0925,8.4736,1.9616
641,44.1614,7.0931,2.4965
642,44.2303,8.5152,2.7438
643,44.2992,9.6664,2.9788
644,44.3681,10.5583,2.5064
645,44.437,9.6176,3.662
646,44.5058,9.5249,4.3563
647,44.5747,10.2728,6.7999
648,44.6436,11.6804,8.4521
649,44.7125,12.4135,8.5932
650,44.7814,12.9678,9.4512
651,44.8503,12.0539,9.0247
652,44.9192,11.2427,8.0473
653,44.9881,10.1651,7.2659
654,45.057,10.3603,5.5771
655,45.1259,12.1868,4.5807
656,45.1948,10.6257,4.2503
657,45.2637,8.1015,3.2179
658,45.3326,7.1995,2.2401
659,45.4015,6.906,2.781
660,45.4704,6.8933,3.327
661,45.5393,9.1385,2.6422
662,45.6082,8.6576,1.9588
663,45.6771,6.8838,2.6408
664,45.7459,4.7367,2.3858
665,45.8148,5.1877,2.8852
666,45.8837,5.4692,2.298
667,45.9526,5.9861,2.8569
668,46.0215,8.2471,3.4151
669,46.0904,10.1375,3.3995
670,46.1593,11.903,4.205
671,46.2282,11.0523,4.6617
672,46.2971,11.8044,5.8128
673,46.366,15.0496,4.142
674,46.4349,14.1295,3.7005
675,46.5038,14.5063,2.8518
676,46.5727,15.7479,3.6523
677,46.6416,14.4688,2.9114
678,46.7105,16.5915,3.3697
679,46.7794,16.0617,4.3556
680,46.8483,20.3856,4.5368
681,46.9172,23.8941,3.2856
682,46.986,25.0012,3.1989
683,47.0549,25.856,3.8829
684,47.1238,22.0758,3.9195
685,47.1927,19.1636,3.9013
686,47.2616,16.3607,3.8848
687,47.3305,13.4544,3.0771
688,47.3994,9.8679,3.6351
689,47.4683,9.0848,3.6493
690,47.5372,10.6568,3.668
691,47.6061,12.057,4.9617
692,47.675,9.2233,4.3941
693,47.7439,9.9909,3.6253
694,47.8128,8.738,2.9486
695,47.8817,8.2166,2.237
696,47.9506,7.5937,1.6489
697,48.0195,6.6398,1.5612
698,48.0884,7.3654,1.5685
699,48.1573,6.4903,1.6216
700,48.2261,5.3493,2.3108
701,48.295,4.4469,2.3246
702,48.3639,5.3152,2.1281
703,48.4328,4.7773,1.8254
704,48.5017,5.0838,1.918
705,48.5706,6.4643,2.4664
706,48.6395,8.1137,1.9315
707,48.7084,7.894,2.0793
708,48.7773,7.313,1.9437
709,48.8462,6.2967,1.1902
710,48.9151,6.4942,1.158
711,48.984,5.8615,1.243
712,49.0529,5.1635,1.1676
713,49.1218,5.3441,1.306
714,49.1907,5.3494,1.2731
715,49.2596,6.8621,0.9496
716,49.3285,6.4383,1.5401
717,49.3974,6.2137,1.2122
718,49.4662,7.0986,1.4533
719,49.5351,6.2717,1.3391
720,49.604,8.3957,1.9898
721,49.6729,10.8507,2.7512
722,49.7418,10.952,2.8181
723,49.8107,9.4507,3.1395
724,49.8796,8.4895,2.7905
725,49.9485,10.3291,2.5295
726,50.0174,10.3592,2.5197
727,50.0863,8.4446,1.5431
728,50.1552,6.8225,2.4301
729,50.2241,7.3506,2.1989
730,50.293,7.8635,1.9139
731,50.3619,9.0902,1.2938
732,50.4308,11.8733,2.2031
733,50.4997,11.3612,2.4591
734,50.5686,11.996,2.649
735,50.6375,11.2061,2.8497
736,50.7063,11.348,3.1093
737,50.7752,13.8053,3.2142
738,50.8441,14.0523,3.6873
739,50.913,12.5098,3.6747
740,50.9819,13.0764,3.7585
741,51.0508,15.8254,2.5278
742,51.1197,12.8335,3.6613
743,51.1886,12.9773,2.5334
744,51.2575,13.6725,3.1298
745,51.3264,11.4632,3.8094
746,51.3953,10.3336,3.2726
747,51.4642,11.3838,4.149
748,51.5331,11.633,4.1828
749,51.602,12.8014,4.2405
750,51.6709,11.7753,3.7564
751,51.7398,12.8526,3.4101
752,51.8087,12.4723,3.0574
753,51.8776,14.0487,2.8945
754,51.9464,13.7977,3.2754
755,52.0153,13.8391,3.917
756,52.0842,15.3152,5.3983
757,52.1531,13.1029,6.5623
758,52.222,13.5815,8.0131
759,52.2909,13.6019,7.8032
760,52.3598,16.0872,8.3379
761,52.4287,18.1105,8.3993
762,52.4976,19.7932,7.1467
763,52.5665,18.0251,5.0611
764,52.6354,14.7334,6.3826
765,52.7043,14.3708,5.7725
766,52.7732,13.7129,6.3601
767,52.8421,11.2084,4.6521
768,52.911,10.3015,3.4244
769,52.9799,9.679,2.7731
770,53.0488,10.8316,2.3896
771,53.1177,10.5831,2.6975
772,53.1866,8.4902,2.2722
773,53.2554,9.5585,3.1339
774,53.3243,11.9608,3.6008
775,53.3932,14.9248,3.5739
776,53.4621,13.3811,2.9269
777,53.531,8.2535,1.9275
778,53.5999,7.7134,1.3384
779,53.6688,5.9306,1.4738
780,53.7377,7.6082,1.4396
781,53.8066,7.6368,1.4496
782,53.8755,9.8411,1.744
783,53.9444,10.6187,2.3544
784,54.0133,8.7418,1.0163
785,54.0822,7.2519,1.0547
786,54.1511,6.0775,0.9777
787,54.22,4.8598,1.0821
788,54.2889,4.719,1.2361
789,54.3578,4.2738,1.666
790,54.4267,4.8779,1.3186
791,54.4955,6.5949,1.955
792,54.5644,7.0139,1.8952
793,54.6333,6.5614,2.619
794,54.7022,6.7548,1.6737
795,54.7711,7.4156,2.181
796,54.84,8.9802,2.727
797,54.9089,8.4402,3.2004
798,54.9778,9.4079,3.105
799,55.0467,9.1884,2.5474
800,55.1156,10.767,2.9577
801,55.1845,8.2254,2.8958
802,55.2534,8.4142,3.1349
803,55.3223,10.2735,2.8422
804,55.3912,9.5182,2.364
805,55.4601,7.1904,2.2513
806,55.529,7.3592,2.377
807,55.5979,8.2554,1.873
808,55.6668,8.42,2.8948
809,55.7356,9.5466,2.1997
810,55.8045,11.1706,2.3269
811,55.8734,9.3916,2.0942
812,55.9423,7.4174,1.3839
813,56.0112,5.6764,2.4184
814,56.0801,6.6347,2.5323
815,56.149,7.5795,3.1952
816,56.2179,8.9087,2.7559
817,56.2868,9.7631,2.3183
818,56.3557,13.1092,1.8758
819,56.4246,12.3863,1.4243
820,56.4935,10.7869,1.2296
821,56.5624,12.6128,1.1296
822,56.6313,14.8344,2.2729
823,56.7002,14.9798,1.6581
824,56.7691,14.2354,1.7634
825,56.838,12.8468,2.0668
826,56.9069,10.494,2.6598
827,56.9757,12.5706,3.3278
828,57.0446,10.9902,2.2361
829,57.1135,10.1789,1.8843
830,57.1824,11.0696,2.3519
831,57.2513,11.3948,3.1429
832,57.3202,13.7791,3.9593
833,57.3891,11.9806,3.8823
834,57.458,13.8578,4.3699
835,57.5269,13.3735,4.7951
836,57.5958,12.3364,5.9719
837,57.6647,13.1905,6.3197
838,57.7336,16.3474,6.0521
839,57.8025,19.9583,5.9715
840,57.8714,20.5158,5.5476
841,57.9403,22.2659,6.3784
842,58.0092,24.3233,7.4916
843,58.0781,23.058,10.0107
844,58.147,22.4184,8.5754
845,58.2159,19.936,6.6692
846,58.2847,15.4309,4.6864
847,58.3536,11.3535,2.6466
848,58.4225,10.8768,2.3826
849,58.4914,11.5887,2.121
850,58.5603,11.3402,2.163
851,58.6292,9.4107,2.1734
852,58.6981,8.8697,2.0796
853,58.767,13.2268,1.9142
854,58.8359,15.9044,1.6755
855,58.9048,14.8373,1.7551
856,58.9737,14.3196,1.8755
857,59.0426,12.2881,1.4927
858,59.1115,8.5206,1.1789
859,59.1804,6.6128,1.2126
860,59.2493,6.1617,1.3645
861,59.3182,6.9752,1.9727
862,59.3871,7.3265,1.8466
863,59.456,8.7176,1.7331
864,59.5248,7.3731,1.434
865,59.5937,7.0564,1.2283
866,59.6626,5.1315,1.5587
867,59.7315,6.94,2.114
868,59.8004,5.8607,2.3043
869,59.8693,8.3929,2.3076
870,59.9382,9.4362,2.365
871,60.0071,8.7014,1.4556
872,60.076,11.2939,1.7496
873,60.1449,11.3481,1.8216
874,60.2138,10.7088,1.8179
875,60.2827,10.6658,1.5299
876,60.3516,11.4108,1.6519
877,60.4205,13.0352,1.9829
878,60.4894,14.6544,1.4698
879,60.5583,17.7024,1.5613
880,60.6272,14.9902,1.2591
881,60.6961,10.8371,1.4107
882,60.7649,12.5396,1.7814
883,60.8338,16.4011,2.2248
884,60.9027,14.9097,2.5124
885,60.9716,16.5478,2.1595
886,61.0405,15.9827,2.5473
887,61.1094,15.2226,2.9554
888,61.1783,14.8311,2.7958
889,61.2472,15.1867,2.2902
890,61.3161,19.6185,1.8538
891,61.385,17.5114,2.4751
892,61.4539,14.8727,2.3212
893,61.5228,12.2281,2.5939
894,61.5917,15.1281,2.3782
895,61.6606,14.9913,1.812
896,61.7295,11.9986,2.9533
897,61.7984,12.3121,2.8193
898,61.8673,8.8075,3.1175
899,61.9362,9.5903,2.0881
900,62.005,11.7221,1.8124
901,62.0739,11.96,1.6813
902,62.1428,14.5906,1.3048
903,62.2117,17.1215,2.0418
904,62.2806,20.2471,1.9687
905,62.3495,22.1512,1.9259
906,62.4184,21.7813,1.9563
907,62.4873,21.2568,2.7687
908,62.5562,15.9765,3.017
909,62.6251,14.4378,4.0207
910,62.694,14.3061,4.5093
911,62.7629,10.532,4.2623
912,62.8318,8.4017,4.2831
913,62.9007,6.3181,3.9818
914,62.9696,4.8915,2.9734
915,63.0385,3.6899,3.1057
916,63.1074,5.1353,2.7866
917,63.1763,4.2668,1.8676
918,63.2451,4.3679,1.8159
919,63.314,3.5463,2.0017
920,63.3829,4.6293,2.1073
921,63.4518,4.8714,2.3316
922,63.5207,5.4189,1.9413
923,63.5896,5.5525,1.814
924,63.6585,4.2708,2.3029
925,63.7274,3.6372,2.2055
926,63.7963,2.4295,2.5687
927,63.8652,3.841,2.6864
928,63.9341,3.3542,3.0112
929,64.003,4.6814,3.1783
930,64.0719,3.907,2.7619
931,64.1408,4.1771,2.5542
932,64.2097,4.5935,2.1189
933,64.2786,4.7173,2.0549
934,64.3475,3.478,2.235
935,64.4164,5.0768,2.119
936,64.4852,6.2513,2.0666
937,64.5541,4.0393,2.4481
938,64.623,4.6486,2.2086
939,64.6919,5.8634,2.3144
940,64.7608,5.8554,2.1876
941,64.8297,4.6122,1.6158
942,64.8986,5.0783,1.4686
943,64.9675,4.5806,1.8447
944,65.0364,3.5879,1.627
945,65.1053,4.3028,1.503
946,65.1742,3.672,1.4374
947,65.2431,3.1324,1.298
948,65.312,3.3339,1.0624
949,65.3809,3.5318,1.2821
950,65.4498,4.4257,1.2331
951,65.5187,4.4184,1.7553
952,65.5876,6.8865,2.0553
953,65.6565,8.1059,2.8784
954,65.7253,6.5049,2.3154
955,65.7942,6.2286,2.3643
956,65.8631,5.3155,1.7025
957,65.932,5.6812,1.4483
958,66.0009,6.9936,1.4757
959,66.0698,6.8314,2.3554
960,66.1387,4.794,1.8425
961,66.2076,6.7554,1.8078
962,66.2765,4.2762,1.9957
963,66.3454,4.5922,1.1781
964,66.4143,3.6175,1.4509
965,66.4832,3.7805,1.3268
966,66.5521,5.3819,1.5903
967,66.621,5.0956,1.1867
968,66.6899,6.4971,1.7723
969,66.7588,7.4778,2.6896
970,66.8277,8.4438,2.8566
971,66.8966,8.7438,1.8394
972,66.9655,6.5803,1.6718
973,67.0343,5.8457,2.0126
974,67.1032,8.1943,2.2052
975,67.1721,9.067,2.5779
976,67.241,11.1293,2.2636
977,67.3099,12.1682,2.7754
978,67.3788,15.8127,2.027
979,67.4477,18.9437,2.6467
980,67.5166,19.9648,3.4299
981,67.5855,21.6453,3.3599
982,67.6544,24.5814,4.034
983,67.7233,21.7858,4.7907
984,67.7922,22.8823,5.3597
985,67.8611,21.404,6.101
986,67.93,23.4529,6.8402
987,67.9989,20.4381,7.6772
988,68.0678,21.2014,7.3606
989,68.1367,22.306,7.5428
990,68.2056,21.4786,7.349
991,68.2744,15.821,6.931
992,68.3433,13.5612,5.7422
993,68.4122,12.3668,4.4294
994,68.4811,15.0994,4.0557
995,68.55,15.3558,2.9176
996,68.6189,15.5488,3.2787
997,68.6878,14.0978,3.2298
998,68.7567,12.3305,3.6089
999,68.8256,13.8757,3.1279
1000,68.8945,14.6872,3.1111
1001,68.9634,15.4416,2.1345
1002,69.0323,13.4604,2.1201
1003,69.1012,10.7936,1.8154
1004,69.1701,11.4281,2.0728
1005,69.239,12.7635,1.7053
1006,69.3079,12.5229,1.4759
1007,69.3768,11.3653,2.0475
1008,69.4457,11.9701,1.1895
1009,69.5145,11.6365,1.7515
1010,69.5834,12.2938,1.8911
1011,69.6523,9.9911,1.7219
1012,69.7212,11.8145,1.4539
1013,69.7901,12.5719,1.6629
1014,69.859,13.0934,1.6846
1015,69.9279,12.6207,1.9804
1016,69.9968,11.857,2.3358
1017,70.0657,12.7011,2.1183
1018,70.1346,12.6472,1.8462
1019,70.2035,11.8303,1.7395
1020,70.2724,13.4606,1.9132
1021,70.3413,14.9857,1.7577
1022,70.4102,15.0894,2.3359
1023,70.4791,18.1341,2.3776
1024,70.548,18.3004,2.8228
1025,70.6169,22.9456,2.7109
1026,70.6858,24.0988,3.2196
1027,70.7546,28.2307,3.1816
1028,70.8235,31.323,3.6842
1029,70.8924,27.987,3.1303
1030,70.9613,23.5429,4.9317
1031,71.0302,21.0498,4.904
1032,71.0991,23.3188,5.6806
1033,71.168,22.3472,5.4989
1034,71.2369,22.2575,4.5022
1035,71.3058,20.0032,4.0185
1036,71.3747,19.9912,3.2995
1037,71.4436,19.0944,3.1583
1038,71.5125,13.0787,3.0009
1039,71.5814,11.644,3.1341
1040,71.6503,11.1077,3.1278
1041,71.7192,10.307,3.0939
1042,71.7881,11.5951,3.1961
1043,71.857,8.238,2.2495
1044,71.9259,6.8516,1.7339
1045,71.9948,8.087,1.9177
1046,72.0636,8.5796,2.5429
1047,72.1325,9.458,2.9986
1048,72.2014,10.3171,2.3767
1049,72.2703,7.2458,2.6605
1050,72.3392,9.1085,2.2719
1051,72.4081,8.7961,2.3341
1052,72.477,7.43,2.2235
1053,72.5459,7.6175,1.8798
1054,72.6148,7.4677,2.1096
1055,72.6837,7.9359,1.9658
1056,72.7526,5.3279,1.5298
1057,72.8215,4.9541,1.8009
1058,72.8904,4.1358,1.3517
1059,72.9593,3.0064,1.2555
1060,73.0282,2.9264,1.013
1061,73.0971,4.3365,0.7799
1062,73.166,3.7806,1.0075
1063,73.2348,3.0333,0.9342
1064,73.3037,2.9073,0.9048
1065,73.3726,4.0851,0.7529
1066,73.4415,4.4112,0.6881
1067,73.5104,4.7794,0.3553
1068,73.5793,4.2971,0.7125
1069,73.6482,4.094,1.0913
1070,73.7171,6.2996,1.56
1071,73.786,5.1921,0.9742
1072,73.8549,3.3614,1.1071
1073,73.9238,3.323,1.0685
1074,73.9927,4.836,1.2723
1075,74.0616,4.2995,0.9849
1076,74.1305,3.923,0.9213
1077,74.1994,4.4237,0.771
1078,74.2683,3.4391,0.6846
1079,74.3372,3.1779,0.4657
1080,74.4061,2.7942,1.1891
1081,74.475,3.1688,1.5451
1082,74.5438,5.8675,1.1534
1083,74.6127,4.9384,0.8941
1084,74.6816,5.4012,0.6323
1085,74.7505,3.6408,0.7886
1086,74.8194,3.2846,0.8564
1087,74.8883,3.0697,0.7018
1088,74.9572,3.818,0.5188
1089,75.0261,3.3489,0.7487
1090,75.095,2.7183,0.564
1091,75.1639,4.2892,0.4166
1092,75.2328,4.8961,0.9089
1093,75.3017,7.2957,1.6804
1094,75.3706,8.0016,2.1299
1095,75.4395,11.8817,3.2145
1096,75.5084,13.1474,3.1792
1097,75.5773,13.6903,2.4048
1098,75.6462,13.0839,2.2701
1099,75.715,10.4787,1.4966
1100,75.7839,9.6893,1.1781
1101,75.8528,10.7933,1.5869
1102,75.9217,6.7821,1.1738
1103,75.9906,6.7854,0.9803
1104,76.0595,4.3078,1.1296
1105,76.1284,3.6126,0.8712
1106,76.1973,3.0846,0.8066
1107,76.2662,4.7927,0.6083
1108,76.3351,5.2256,0.7694
1109,76.404,5.0611,0.5142
1110,76.4729,6.8485,0.8067
1111,76.5418,6.4401,0.6723
1112,76.6107,5.8934,0.6747
1113,76.6796,5.7306,0.5031
1114,76.7485,6.2607,0.6354
1115,76.8174,6.0098,1.1371
1116,76.8863,8.0355,1.2439
1117,76.9552,8.3354,1.4778
1118,77.024,8.6316,1.641
1119,77.0929,9.2595,1.728
1120,77.1618,9.8346,2.7454
1121,77.2307,10.834,3.5811
1122,77.2996,10.365,4.2278
1123,77.3685,10.3814,3.9209
1124,77.4374,11.175,5.3406
1125,77.5063,16.2704,8.1414
1126,77.5752,17.9434,9.9036
1127,77.6441,22.0187,10.552
1128,77.713,23.256,9.3261
1129,77.7819,22.6637,9.6684
1130,77.8508,20.2107,9.077
1131,77.9197,15.6137,7.5598
1132,77.9886,12.7147,7.4672
1133,78.0575,12.5525,7.3003
1134,78.1264,9.1097,7.38
1135,78.1953,8.1512,7.6318
1136,78.2641,7.3386,8.2479
1137,78.333,9.6239,8.109
1138,78.4019,8.165,6.8218
1139,78.4708,9.895,5.5547
1140,78.5397,11.8255,4.0277
1141,78.6086,15.4764,3.248
1142,78.6775,16.6929,2.2174
1143,78.7464,18.3547,2.204
1144,78.8153,15.2308,2.409
1145,78.8842,10.6836,2.2464
1146,78.9531,11.2245,2.5395
1147,79.022,12.9004,1.8414
1148,79.0909,12.2625,1.8535
1149,79.1598,13.0975,2.2891
1150,79.2287,13.6995,1.9376
1151,79.2976,14.9474,2.0702
1152,79.3665,12.8959,2.3542
1153,79.4354,14.3516,2.0909
1154,79.5042,11.319,2.0399
1155,79.5731,9.4746,1.6683
1156,79.642,9.8693,2.1805
1157,79.7109,10.6071,1.7342
1158,79.7798,9.9059,1.6835
1159,79.8487,10.2983,1.6899
1160,79.9176,8.6941,1.3747
1161,79.9865,7.244,0.7272
1162,80.0554,8.2557,0.9165
1163,80.1243,9.8269,1.3637
1164,80.1932,8.2972,1.5849
1165,80.2621,5.9949,2.0011
1166,80.331,6.2674,2.2017
1167,80.3999,7.0721,2.1383
1168,80.4688,6.2133,2.0087
1169,80.5377,4.0876,2.1273
1170,80.6066,4.1243,1.634
1171,80.6755,3.8391,1.2158
1172,80.7443,5.171,0.9679
1173,80.8132,6.6993,1.4673
1174,80.8821,6.2703,1.3728
1175,80.951,7.1692,2.1809
1176,81.0199,7.059,1.4333
1177,81.0888,8.5849,1.5562
1178,81.1577,8.3861,2.073
1179,81.2266,7.8553,1.9341
1180,81.2955,6.1216,1.8003
1181,81.3644,4.7312,2.282
1182,81.4333,5.084,1.7799
1183,81.5022,4.3468,1.8369
1184,81.5711,4.7099,1.4723
1185,81.64,5.3978,1.4753
1186,81.7089,6.0587,1.2661
1187,81.7778,5.6229,1.5015
1188,81.8467,5.9122,1.9807
1189,81.9156,5.0523,2.3624
1190,81.9845,6.5746,3.0363
1191,0.0,14.1823,5.523
1192,0.0689,17.7645,5.5381
1193,0.1378,19.2246,5.876
1194,0.2067,20.446,4.8992
1195,0.2756,20.3084,4.6366
1196,0.3445,18.1817,3.6069
1197,0.4134,17.1729,3.4412
1198,0.4823,16.7547,2.6661
1199,0.5512,14.997,2.5057
1200,0.6201,12.5788,2.1361
1201,0.6889,14.2979,2.7435
1202,0.7578,15.9324,2.3922
1203,0.8267,16.0666,2.3918
1204,0.8956,18.7735,1.7532
1205,0.9645,19.1554,2.1959
1206,1.0334,16.6905,1.6578
1207,1.1023,11.1618,1.8841
1208,1.1712,12.2593,2.0131
1209,1.2401,11.5186,2.1363
1210,1.309,10.754,1.7378
1211,1.3779,13.2658,1.9865
1212,1.4468,12.7816,1.7389
1213,1.5157,11.1688,2.991
1214,1.5846,11.7221,2.8488
1215,1.6535,13.2299,2.5574
1216,1.7224,14.0587,3.0548
1217,1.7913,12.1372,2.2009
1218,1.8602,13.9546,1.9411
1219,1.929,12.035,1.291
1220,1.9979,11.6132,1.4772
1221,2.0668,10.8075,2.4678
1222,2.1357,9.5817,3.4623
1223,2.2046,11.6932,4.2541
1224,2.2735,14.8398,4.9964
1225,2.3424,13.1107,5.9119
1226,2.4113,12.5568,5.9751
1227,2.4802,12.5238,5.6428
1228,2.5491,12.9178,4.8695
1229,2.618,12.7567,3.3666
1230,2.6869,13.6207,3.6728
1231,2.7558,16.2705,2.3429
1232,2.8247,12.5978,2.4368
1233,2.8936,13.3633,2.6788
1234,2.9625,11.936,3.0278
1235,3.0314,11.7809,2.6734
1236,3.1003,12.1394,3.0474
1237,3.1691,10.6387,3.406
1238,3.238,9.24,2.6136
1239,3.3069,9.1159,1.5007
1240,3.3758,9.827,0.9145
1241,3.4447,14.1876,1.488
1242,3.5136,15.0427,1.6429
1243,3.5825,15.8705,1.5921
1244,3.6514,14.7847,1.6639
1245,3.7203,11.4034,2.1303
1246,3.7892,10.6945,3.3854
1247,3.8581,9.6254,3.3197
1248,3.927,7.3759,3.8956
1249,3.9959,7.0984,4.8643
1250,4.0648,8.3505,5.7274
1251,4.1337,8.0844,4.7775
1252,4.2026,12.7991,4.7719
1253,4.2715,12.6919,5.7656
1254,4.3404,10.1653,4.9253
1255,4.4092,12.0159,5.2131
1256,4.4781,12.5944,4.6072
1257,4.547,11.7983,3.5237
1258,4.6159,14.6175,3.2098
1259,4.6848,12.546,2.1237
1260,4.7537,10.5596,1.9657
1261,4.8226,9.9232,1.7526
1262,4.8915,8.9402,1.7727
1263,4.9604,5.0649,1.257
1264,5.0293,5.5034,0.6075
1265,5.0982,7.4954,0.8846
1266,5.1671,7.0768,0.9583
1267,5.236,5.5081,1.323
1268,5.3049,7.0688,0.9198
1269,5.3738,7.5953,1.0845
1270,5.4427,7.1111,1.1249
1271,5.5116,7.1069,1.0312
1272,5.5805,6.5333,1.0498
1273,5.6493,6.2967,1.0538
1274,5.7182,5.7512,0.9932
1275,5.7871,5.3944,1.2022
1276,5.856,5.1011,1.289
1277,5.9249,4.0938,1.1635
1278,5.9938,5.6403,1.4112
1279,6.0627,5.7637,1.857
1280,6.1316,5.1963,2.0467
1281,6.2005,8.1439,1.304
1282,6.2694,8.4739,1.6402
1283,6.3383,8.6115,2.0153
1284,6.4072,8.2082,2.1959
1285,6.4761,13.961,2.0681
1286,6.545,14.4824,3.2127
1287,6.6139,15.5541,3.1337
1288,6.6828,17.8935,3.3866
1289,6.7517,18.4935,5.5895
1290,6.8206,16.1434,5.9955
1291,6.8894,13.6457,5.68
1292,6.9583,10.4213,3.9476
1293,7.0272,7.0277,3.1182
1294,7.0961,5.9227,2.2049
1295,7.165,5.4008,1.7852
1296,7.2339,6.2104,1.5923
1297,7.3028,6.1661,2.1007
1298,7.3717,7.1342,1.6452
1299,7.4406,7.3704,1.6071
1300,7.5095,7.234,1.4782
1301,7.5784,7.449,2.2712
1302,7.6473,7.3854,1.8396
1303,7.7162,4.7893,1.4833
1304,7.7851,6.1538,2.6835
1305,7.854,6.5597,2.7681
1306,7.9229,6.1085,3.3695
1307,7.9918,6.0663,3.2472
1308,8.0607,6.3515,3.2782
1309,8.1296,6.2949,2.82
1310,8.1984,7.302,3.0207
1311,8.2673,7.281,2.1512
1312,8.3362,7.674,1.7695
1313,8.4051,7.3405,1.1177
1314,8.474,5.9755,1.4007
1315,8.5429,5.5992,1.5536
1316,8.6118,6.8997,1.4701
1317,8.6807,5.8684,1.3117
1318,8.7496,6.2942,1.4528
1319,8.8185,9.4113,1.7862
1320,8.8874,8.7129,2.1194
1321,8.9563,6.0987,1.6583
1322,9.0252,4.7153,1.2908
1323,9.0941,5.4326,1.3407
1324,9.163,6.0701,1.6283
1325,9.2319,8.0923,1.3934
1326,9.3008,8.5996,1.1692
1327,9.3697,9.2352,1.3476
1328,9.4385,10.3903,1.0918
1329,9.5074,9.9504,1.1656
1330,9.5763,9.1133,1.4218
1331,9.6452,8.8556,1.4366
1332,9.7141,10.6975,1.0329
1333,9.783,10.3995,1.4797
1334,9.8519,11.0034,1.5084
1335,9.9208,10.3524,1.9578
1336,9.9897,10.4262,2.371
1337,10.0586,10.1081,2.6397
1338,10.1275,12.4196,2.5243
1339,10.1964,11.5841,2.6811
1340,10.2653,12.6455,2.3351
1341,10.3342,13.5488,2.5813
1342,10.4031,11.7896,2.8059
1343,10.472,11.6794,2.1385
1344,10.5409,10.2258,1.5018
1345,10.6098,9.1176,2.4068
1346,10.6786,9.1468,2.1838
1347,10.7475,9.4637,2.3146
1348,10.8164,9.6686,1.8997
1349,10.8853,10.3096,2.6449
1350,10.9542,11.3302,2.3406
1351,11.0231,14.0574,2.8498
1352,11.092,13.8538,3.4719
1353,11.1609,14.7086,4.3666
1354,11.2298,13.9534,5.1629
1355,11.2987,14.1877,7.091
1356,11.3676,18.6734,8.6578
1357,11.4365,21.4535,9.4185
1358,11.5054,18.2737,8.9563
1359,11.5743,14.5649,8.2847
1360,11.6432,13.1098,5.4135
1361,11.7121,12.7098,4.5003
1362,11.781,9.1312,4.1909
1363,11.8499,11.3697,2.2941
1364,11.9187,11.4149,2.487
1365,11.9876,10.2672,2.7063
1366,12.0565,10.6167,2.3564
1367,12.1254,12.287,2.581
1368,12.1943,10.8209,2.7144
1369,12.2632,8.9576,2.4219
1370,12.3321,12.3858,2.3767
1371,12.401,15.8941,1.728
1372,12.4699,15.8654,2.063
1373,12.5388,15.7289,1.7601
1374,12.6077,16.8062,1.8902
1375,12.6766,13.1264,2.0463
1376,12.7455,11.7619,1.9381
1377,12.8144,15.5132,2.5737
1378,12.8833,18.469,2.6413
1379,12.9522,17.9203,3.0138
1380,13.0211,16.7583,2.8381
1381,13.09,14.1195,3.9399
1382,13.1588,14.7429,4.1996
1383,13.2277,14.4774,4.1555
1384,13.2966,17.1694,3.6939
1385,13.3655,17.4505,4.3676
1386,13.4344,20.641,4.9317
1387,13.5033,24.0762,6.2256
1388,13.5722,23.7481,8.0543
1389,13.6411,21.6347,7.3766
1390,13.71,18.8566,5.9169
1391,13.7789,14.2103,4.2504
1392,13.8478,11.9465,3.2667
1393,13.9167,9.7086,2.727
1394,13.9856,10.9618,2.0348
1395,14.0545,9.6822,1.5873
1396,14.1234,14.2,1.9442
1397,14.1923,15.0213,2.381
1398,14.2612,13.6178,2.2993
1399,14.3301,12.803,2.8117
1400,14.3989,11.2288,3.6581
1401,14.4678,11.1565,4.2631
1402,14.5367,13.01,3.7957
1403,14.6056,14.593,4.9983
1404,14.6745,12.5037,4.3706
1405,14.7434,13.6511,4.5407
1406,14.8123,9.9575,3.7679
1407,14.8812,8.7896,3.5909
1408,14.9501,7.6546,3.5147
1409,15.019,8.4436,3.501
1410,15.0879,7.2767,2.8455
1411,15.1568,8.7749,3.9086
1412,15.2257,9.0738,4.2222
1413,15.2946,8.1858,3.3585
1414,15.3635,8.7764,3.3423
1415,15.4324,11.044,3.5399
1416,15.5013,14.2778,4.2151
1417,15.5702,17.6841,3.5681
1418,15.6391,20.9146,3.9302
1419,15.7079,21.7267,3.6832
1420,15.7768,24.2848,4.402
1421,15.8457,26.8746,4.0894
1422,15.9146,24.3382,4.3981
1423,15.9835,18.4921,4.7887
1424,16.0524,17.8072,4.4436
1425,16.1213,13.2913,5.2738
1426,16.1902,12.4137,6.0825
1427,16.2591,12.4226,6.6458
1428,16.328,13.1591,6.8056
1429,16.3969,13.2014,5.7671
1430,16.4658,10.5325,4.7806
1431,16.5347,9.41,3.51
1432,16.6036,10.0088,3.0679
1433,16.6725,10.3557,2.5026
1434,16.7414,8.6969,3.176
1435,16.8103,9.5297,3.5395
1436,16.8792,12.1646,2.7798
1437,16.948,9.3173,2.3845
1438,17.0169,10.1883,2.0077
1439,17.0858,10.3899,1.6364
1440,17.1547,10.743,1.6395
1441,17.2236,12.3384,1.8651
1442,17.2925,9.9301,1.0442
1443,17.3614,9.3147,1.193
1444,17.4303,7.1324,1.4601
1445,17.4992,10.2777,1.7574
1446,17.5681,8.6637,1.3949
1447,17.637,7.2945,1.1387
1448,17.7059,7.124,1.4188
1449,17.7748,6.244,1.4553
1450,17.8437,7.3341,1.5334
1451,17.9126,6.4942,1.9287
1452,17.9815,5.0255,2.2059
1453,18.0504,7.2387,2.2006
1454,18.1193,10.3057,2.21
1455,18.1881,11.8434,2.5403
1456,18.257,12.7084,3.0568
1457,18.3259,6.8475,3.0143
1458,18.3948,6.3238,3.11
1459,18.4637,6.7335,3.5129
1460,18.5326,6.8666,4.1687
1461,18.6015,10.402,4.1594
1462,18.6704,11.2464,4.1542
1463,18.7393,11.3192,3.7209
1464,18.8082,10.7264,3.6222
1465,18.8771,11.6165,3.597
1466,18.946,10.2361,3.6741
1467,19.0149,9.7255,2.56
1468,19.0838,11.8845,2.0993
1469,19.1527,10.9229,1.4849
1470,19.2216,13.7966,1.4661
1471,19.2905,14.9014,2.1501
1472,19.3594,16.6715,1.9648
1473,19.4282,13.7616,2.8913
1474,19.4971,15.9942,3.0515
1475,19.566,16.8473,3.3152
1476,19.6349,16.3845,4.3907
1477,19.7038,17.4598,5.8052
1478,19.7727,18.0186,8.2344
1479,19.8416,15.4698,8.4726
1480,19.9105,11.3382,4.8811
1481,19.9794,8.2371,3.0345
1482,20.0483,7.7718,2.173
1483,20.1172,5.5971,1.9481
1484,20.1861,5.0702,1.3133
1485,20.255,5.4494,1.5583
1486,20.3239,6.7296,1.4479
1487,20.3928,5.3093,1.2726
1488,20.4617,4.9207,1.4865
1489,20.5306,6.3048,1.7357
1490,20.5995,5.9227,1.5192
1491,20.6683,8.2184,1.5783
1492,20.7372,6.3924,1.1628
1493,20.8061,6.5409,0.9373
1494,20.875,7.5757,0.7829
1495,20.9439,7.1849,0.9869
1496,21.0128,6.5503,1.3557
1497,21.0817,6.2699,1.2498
1498,21.1506,4.7907,1.096
1499,21.2195,5.5195,1.2522
1500,21.2884,5.9872,1.4162
1501,21.3573,5.7584,0.8233
1502,21.4262,5.2816,0.8868
1503,21.4951,3.6645,0.7754
1504,21.564,3.1941,0.9034
1505,21.6329,5.2486,0.8588
1506,21.7018,5.8856,1.6988
1507,21.7707,6.1437,1.4901
1508,21.8396,6.4716,1.7503
1509,21.9084,5.1545,2.1394
1510,21.9773,5.4312,1.9682
1511,22.0462,9.1563,2.1724
1512,22.1151,8.4799,2.5768
1513,22.184,8.5295,2.2041
1514,22.2529,7.2305,3.7969
1515,22.3218,8.9267,3.2577
1516,22.3907,9.9626,2.7481
1517,22.4596,11.1902,2.3563
1518,22.5285,13.5674,3.0816
1519,22.5974,15.3122,2.916
1520,22.6663,17.1328,3.2815
1521,22.7352,15.5369,3.3549
1522,22.8041,15.0807,3.8434
1523,22.873,14.9793,3.5738
1524,22.9419,16.8632,4.2264
1525,23.0108,18.1472,4.9084
1526,23.0797,16.713,4.9681
1527,23.1486,18.7025,6.5044
1528,23.2174,21.8192,6.9679
1529,23.2863,16.9782,9.9699
1530,23.3552,16.7074,10.4861
1531,23.4241,20.2239,9.9724
1532,23.493,14.4688,7.1393
1533,23.5619,12.8322,5.4666
1534,23.6308,11.3192,3.4147
1535,23.6997,11.0477,2.8569
1536,23.7686,12.3575,2.2717
1537,23.8375,10.0049,2.5179
1538,23.9064,10.3356,1.8828
1539,23.9753,12.0715,2.0027
1540,24.0442,13.4724,1.8869
1541,24.1131,13.9684,1.9937
1542,24.182,11.8638,1.6449
1543,24.2509,10.2236,1.6768
1544,24.3198,10.9699,2.0086
1545,24.3887,13.3158,2.5337
1546,24.4575,11.2422,2.1963
1547,24.5264,9.8574,2.2356
1548,24.5953,12.157,1.7044
1549,24.6642,11.6171,2.912
1550,24.7331,10.8416,1.87
1551,24.802,9.5786,1.7925
1552,24.8709,8.2512,1.3589
1553,24.9398,7.2787,1.6952
1554,25.0087,4.9975,1.4362
1555,25.0776,6.1078,1.3524
1556,25.1465,7.0973,2.2
1557,25.2154,9.8869,2.5506
1558,25.2843,9.0716,1.8429
1559,25.3532,9.034,1.9014
1560,25.4221,8.0198,1.8682
1561,25.491,7.8599,2.4111
1562,25.5599,7.0225,2.5302
1563,25.6288,7.1295,1.826
1564,25.6976,5.2264,1.8254
1565,25.7665,4.4032,2.1124
1566,25.8354,4.7536,2.7419
1567,25.9043,6.2083,2.0902
1568,25.9732,4.9639,1.6526
1569,26.0421,6.9506,2.1988
1570,26.111,9.2452,2.2983
1571,26.1799,9.2177,1.9795
1572,26.2488,9.6131,1.4473
1573,26.3177,11.8012,1.4047
1574,26.3866,12.0932,2.3792
1575,26.4555,12.7475,2.4109
1576,26.5244,15.8206,2.5273
1577,26.5933,18.2512,2.7701
1578,26.6622,21.4602,2.6734
1579,26.7311,21.5727,3.9404
1580,26.8,18.1084,3.1931
1581,26.8689,14.4252,2.2284
1582,26.9377,14.4524,1.2271
1583,27.0066,12.5491,1.0002
1584,27.0755,10.4792,0.8761
1585,27.1444,8.89,0.8596
1586,27.2133,10.2174,1.1871
1587,27.2822,12.7054,1.0089
1588,27.3511,10.4898,1.2554
1589,27.42,9.8028,1.4722
1590,27.4889,8.7245,1.2294
1591,27.5578,8.3416,1.3017
1592,27.6267,9.8105,1.9272
1593,27.6956,10.9949,1.7596
1594,27.7645,9.098,1.4607
1595,27.8334,7.8568,1.7342
1596,27.9023,9.2999,1.794
1597,27.9712,10.2512,1.5198
1598,28.0401,8.302,1.3857
1599,28.109,10.8605,2.0165
1600,28.1778,12.6205,2.0541
1601,28.2467,12.6423,2.473
1602,28.3156,10.3635,2.1762
1603,28.3845,12.4582,1.8973
1604,28.4534,14.5839,3.23
1605,28.5223,13.5499,2.9295
1606,28.5912,12.3353,3.3267
1607,28.6601,10.3015,2.7888
1608,28.729,11.4573,2.4656
1609,28.7979,10.2661,2.1184
1610,28.8668,12.3434,1.4453
1611,28.9357,10.0687,1.7778
1612,29.0046,10.8691,2.5159
1613,29.0735,10.4815,2.162
1614,29.1424,9.1026,1.5708
1615,29.2113,8.674,1.6741
1616,29.2802,9.4757,2.1002
1617,29.3491,8.3962,2.8355
1618,29.4179,9.1533,2.6921
1619,29.4868,9.9877,1.5022
1620,29.5557,6.4857,1.3825
1621,29.6246,6.6821,0.7687
1622,29.6935,7.0096,1.1991
1623,29.7624,7.8497,1.0581
1624,29.8313,8.2447,2.1917
1625,29.9002,9.2571,2.4112
1626,29.9691,8.6752,2.8003
1627,30.038,7.9247,3.4076
1628,30.1069,10.4217,4.595
1629,30.1758,13.3608,4.1114
1630,30.2447,14.9308,4.0628
1631,30.3136,17.434,3.8795
1632,30.3825,18.781,5.9252
1633,30.4514,21.7433,5.6722
1634,30.5203,25.7581,6.3632
1635,30.5892,26.6786,7.7808
1636,30.6581,25.5644,6.9906
1637,30.7269,26.3794,6.4152
1638,30.7958,24.8525,6.1253
1639,30.8647,23.9868,6.9671
1640,30.9336,21.3335,6.9877
1641,31.0025,18.1872,5.2409
1642,31.0714,19.0416,4.2823
1643,31.1403,16.8385,3.4635
1644,31.2092,17.2421,3.6252
1645,31.2781,19.2015,3.2458
1646,31.347,19.5964,3.3753
1647,31.4159,18.537,3.94
1648,31.4848,19.2112,4.0962
1649,31.5537,18.7655,3.4994
1650,31.6226,12.8523,3.1873
1651,31.6915,8.1137,3.1886
1652,31.7604,5.1155,2.8393
1653,31.8293,5.0255,3.1572
1654,31.8982,4.9345,2.3119
1655,31.967,5.589,1.599
1656,32.0359,5.304,1.2302
1657,32.1048,5.2883,1.178
1658,32.1737,6.2918,1.245
1659,32.2426,6.7064,1.1789
1660,32.3115,5.9063,1.5654
1661,32.3804,4.8066,1.0712
1662,32.4493,4.4778,1.0678
1663,32.5182,4.592,0.8304
1664,32.5871,5.7022,1.099
1665,32.656,5.0702,1.4463
1666,32.7249,3.4015,1.3101
1667,32.7938,4.6956,1.4671
1668,32.8627,6.9102,1.3716
1669,32.9316,7.0996,1.198
1670,33.0005,4.8703,0.8657
1671,33.0694,2.8685,1.0201
1672,33.1383,3.6652,1.1183
1673,33.2071,4.0221,0.8405
1674,33.276,2.6752,0.8734
1675,33.3449,3.6046,0.669
1676,33.4138,6.0485,0.5735
1677,33.4827,6.2979,1.5209
1678,33.5516,3.9865,2.4817
1679,33.6205,5.1576,1.6154
1680,33.6894,3.402,1.3269
1681,33.7583,4.6317,1.1885
1682,33.8272,5.9871,1.3439
1683,33.8961,6.1164,1.7843
1684,33.965,7.244,2.4307
1685,34.0339,6.9022,1.9921
1686,34.1028,7.7553,2.5803
1687,34.1717,7.7443,3.2919
1688,34.2406,8.4318,3.6855
1689,34.3095,12.7968,2.9223
1690,34.3784,13.6598,3.0901
1691,34.4472,12.9823,2.9004
1692,34.5161,13.9333,3.3295
1693,34.585,15.0142,3.2109
1694,34.6539,17.2756,3.5967
1695,34.7228,18.2081,3.4996
1696,34.7917,20.4244,2.9526
1697,34.8606,20.9631,3.4091
1698,34.9295,21.5883,2.746
1699,34.9984,18.6926,3.5998
1700,35.0673,20.9022,5.3051
1701,35.1362,20.5171,5.9462
1702,35.2051,20.9074,4.9594
1703,35.274,20.6533,3.943
1704,35.3429,14.6537,2.2622
1705,35.4118,12.2419,1.3676
1706,35.4807,11.8607,1.5883
1707,35.5496,12.0762,1.3565
1708,35.6185,12.0286,1.3403
1709,35.6873,12.4297,1.3261
1710,35.7562,12.9372,0.9539
1711,35.8251,15.2904,0.8976
1712,35.894,11.2101,0.76
1713,35.9629,8.9408,1.0077
1714,36.0318,7.425,1.2545
1715,36.1007,11.4031,1.468
1716,36.1696,11.4542,1.6961
1717,36.2385,12.5252,1.8682
1718,36.3074,14.8033,1.8041
1719,36.3763,14.1607,2.0695
1720,36.4452,14.8459,1.9734
1721,36.5141,16.0399,1.9971
1722,36.583,12.0569,3.1777
1723,36.6519,12.5729,2.9313
1724,36.7208,9.6951,2.9077
1725,36.7897,9.3788,2.243
1726,36.8586,7.2943,1.215
1727,36.9274,7.2254,0.8271
1728,36.9963,8.4492,1.1578
1729,37.0652,9.4876,1.1605
1730,37.1341,9.9599,0.9388
1731,37.203,10.4785,1.2054
1732,37.2719,12.6699,1.3376
1733,37.3408,12.8201,1.7772
1734,37.4097,14.2364,1.8093
1735,37.4786,14.9466,2.4431
1736,37.5475,13.0875,2.5702
1737,37.6164,11.2378,2.6617
1738,37.6853,10.6072,2.7017
1739,37.7542,12.8933,2.1744
1740,37.8231,11.8086,2.5003
1741,37.892,11.5569,2.0439
1742,37.9609,12.0726,2.0429
1743,38.0298,13.1675,2.0074
1744,38.0987,15.7035,1.6373
1745,38.1675,15.5278,1.1254
1746,38.2364,14.6489,1.0371
1747,38.3053,15.055,1.0559
1748,38.3742,15.668,0.8292
1749,38.4431,14.9658,0.9723
1750,38.512,13.4686,1.3079
1751,38.5809,12.0999,1.7692
1752,38.6498,10.9541,1.807
1753,38.7187,11.0989,2.6264
1754,38.7876,7.9708,3.2478
1755,38.8565,7.752,2.6598
1756,38.9254,7.5561,2.6178
1757,38.9943,8.1645,2.7405
1758,39.0632,8.9667,1.9616
1759,39.1321,7.3137,2.232
1760,39.201,9.2902,2.2191
1761,39.2699,9.4126,2.4486
1762,39.3388,7.9674,1.8054
1763,39.4076,9.9986,2.398
1764,39.4765,10.4514,2.2121
1765,39.5454,11.3667,2.1658
1766,39.6143,13.8943,1.793
1767,39.6832,14.5319,1.7163
1768,39.7521,14.8663,1.9638
1769,39.821,12.1643,1.56
1770,39.8899,9.5079,1.717
1771,39.9588,9.3755,1.5598
1772,40.0277,10.2308,1.6178
1773,40.0966,9.243,1.8985
1774,40.1655,10.9909,2.1214
1775,40.2344,12.8719,1.548
1776,40.3033,17.7753,1.999
1777,40.3722,16.4041,2.384
1778,40.4411,13.8193,2.3533
1779,40.51,14.7389,3.414
1780,40.5789,17.9151,2.7944
1781,40.6478,16.0388,3.1164
1782,40.7166,16.6221,3.8171
1783,40.7855,17.9779,4.1855
1784,40.8544,19.418,4.2425
1785,40.9233,19.2457,4.5216
1786,40.9922,19.0172,4.3475
1787,41.0611,16.5898,5.279
1788,41.13,16.193,6.0305
1789,41.1989,16.2057,6.7935
1790,41.2678,16.7591,6.993
1791,41.3367,15.9083,7.2634
1792,41.4056,15.487,6.8091
1793,41.4745,18.2852,7.4148
1794,41.5434,18.5557,9.1871
1795,41.6123,18.3165,7.6894
1796,41.6812,18.4386,6.1421
1797,41.7501,18.4066,4.4855
1798,41.819,17.5102,3.6947
1799,41.8879,17.7301,3.2376
1800,41.9567,20.2712,2.3312
1801,42.0256,21.8192,1.9675
1802,42.0945,18.5881,2.1435
1803,42.1634,16.0111,2.0387
1804,42.2323,19.7811,1.8006
1805,42.3012,19.1146,1.9237
1806,42.3701,17.9541,1.9696
1807,42.439,17.2096,1.9556
1808,42.5079,23.982,2.0892
1809,42.5768,27.7024,2.9912
1810,42.6457,23.8566,4.1777
1811,42.7146,16.8524,4.1798
1812,42.7835,14.5536,5.6282
1813,42.8524,13.8949,5.6617
1814,42.9213,14.7614,5.2705
1815,42.9902,15.4701,4.9923
1816,43.0591,13.67,4.1584
1817,43.128,16.627,3.5321
1818,43.1968,20.7771,4.223
1819,43.2657,23.9186,4.776
1820,43.3346,25.1703,5.985
1821,43.4035,24.5754,6.5742
1822,43.4724,23.6,6.5579
1823,43.5413,20.0035,5.1994
1824,43.6102,15.2161,3.3285
1825,43.6791,13.7704,2.764
1826,43.748,13.1769,2.798
1827,43.8169,11.2094,3.0375
1828,43.8858,8.6909,2.8474
1829,43.9547,6.3072,2.124
1830,44.0236,6.7444,1.7871
1831,44.0925,7.2397,2.3924
1832,44.1614,7.1419,1.6341
1833,44.2303,7.2489,1.6405
1834,44.2992,6.7312,1.6171
1835,44.3681,8.0844,1.6694
1836,44.437,7.6011,1.6996
1837,44.5058,8.2177,1.6097
1838,44.5747,8.5827,2.2364
1839,44.6436,7.0556,2.1876
1840,44.7125,6.9747,1.8734
1841,44.7814,5.6422,1.6593
1842,44.8503,5.3183,1.4847
1843,44.9192,6.6208,1.1079
1844,44.9881,7.8266,1.4697
1845,45.057,8.0799,0.9296
1846,45.1259,8.6079,0.9275
1847,45.1948,6.6972,1.3023
1848,45.2637,7.4577,1.2752
1849,45.3326,6.0012,1.3428
1850,45.4015,6.902,0.7833
1851,45.4704,6.5429,0.8867
1852,45.5393,6.8847,0.4657
1853,45.6082,6.7139,1.0775
1854,45.6771,8.7786,0.8913
1855,45.7459,9.3824,1.3905
1856,45.8148,10.455,2.1791
1857,45.8837,11.482,2.2185
1858,45.9526,14.9496,3.0949
1859,46.0215,16.1435,3.9363
1860,46.0904,17.4735,5.0305
1861,46.1593,26.5803,6.6067
1862,46.2282,26.2523,8.5056
1863,46.2971,29.3847,9.0809
1864,46.366,27.5722,9.0024
1865,46.4349,27.4662,9.3072
1866,46.5038,28.7301,9.7099
1867,46.5727,30.8739,10.6451
1868,46.6416,31.6549,9.8336
1869,46.7105,29.4532,7.7646
1870,46.7794,24.095,7.9597
1871,46.8483,21.3567,7.5837
1872,46.9172,19.3554,7.7614
1873,46.986,18.6034,7.2286
1874,47.0549,16.9299,7.106
1875,47.1238,12.7959,5.1411
1876,47.1927,11.835,5.4383
1877,47.2616,14.3707,5.4141
1878,47.3305,12.2993,4.8844
1879,47.3994,12.5142,3.5616
1880,47.4683,9.9968,3.9222
1881,47.5372,12.0497,3.2119
1882,47.6061,11.5102,3.4953
1883,47.675,14.207,2.9882
1884,47.7439,11.9755,2.9094
1885,47.8128,9.8067,2.4417
1886,47.8817,9.4701,1.8549
1887,47.9506,7.9848,1.6084
1888,48.0195,7.1069,1.5416
1889,48.0884,8.6324,1.6744
1890,48.1573,8.277,1.9714
1891,48.2261,9.529,2.0108
1892,48.295,10.2585,2.2797
1893,48.3639,9.9881,3.0857
1894,48.4328,11.5436,2.489
1895,48.5017,13.5365,2.2048
1896,48.5706,16.3798,2.0548
1897,48.6395,16.16,1.427
1898,48.7084,16.9776,1.6639
1899,48.7773,13.6299,1.5259
1900,48.8462,12.0649,1.4985
1901,48.9151,8.4699,1.3241
1902,48.984,8.3412,1.9838
1903,49.0529,9.3177,2.2321
1904,49.1218,8.6768,2.4856
1905,49.1907,9.7777,1.0996
1906,49.2596,7.9909,1.3877
1907,49.3285,6.8766,0.9809
1908,49.3974,6.998,0.9933
1909,49.4662,6.6085,1.4417
1910,49.5351,6.5828,1.1951
1911,49.604,5.9869,0.9048
1912,49.6729,6.3465,1.2071
1913,49.7418,6.0636,1.592
1914,49.8107,5.5423,1.0867
1915,49.8796,5.2736,0.8735
1916,49.9485,5.375,0.9222
1917,50.0174,5.8673,1.4353
1918,50.0863,6.5529,1.1308
1919,50.1552,4.6395,0.749
1920,50.2241,4.5576,0.7496
1921,50.293,4.4893,0.76
1922,50.3619,3.1169,0.915
1923,50.4308,5.3786,0.757
1924,50.4997,5.7743,0.2934
1925,50.5686,4.8793,0.7293
1926,50.6375,3.8773,0.9817
1927,50.7063,6.5191,0.6102
1928,50.7752,5.9834,0.6492
1929,50.8441,5.6646,1.0579
1930,50.913,6.2911,0.821
1931,50.9819,8.3922,0.6746
1932,51.0508,5.9263,1.0963
1933,51.1197,6.1817,0.7626
1934,51.1886,5.2501,0.9601
1935,51.2575,5.0411,1.2343
1936,51.3264,3.8262,1.2513
1937,51.3953,4.3678,0.8988
1938,51.4642,4.6976,0.7267
1939,51.5331,2.8015,0.4894
1940,51.602,2.5541,0.6818
1941,51.6709,3.1443,1.0913
1942,51.7398,2.8786,0.9924
1943,51.8087,4.3839,0.8383
1944,51.8776,5.3206,0.976
1945,51.9464,4.8661,0.6647
1946,52.0153,5.2547,0.6047
1947,52.0842,4.5536,0.9151
1948,52.1531,3.8873,1.386
1949,52.222,3.59,0.8622
1950,52.2909,5.0655,0.3794
1951,52.3598,4.6123,0.3329
1952,52.4287,4.3016,0.4502
1953,52.4976,5.0299,0.6708
1954,52.5665,6.3151,1.1785
1955,52.6354,5.8357,1.4999
1956,52.7043,6.4963,1.7416
1957,52.7732,7.06,2.1218
1958,52.8421,7.886,1.9519
1959,52.911,9.9401,2.6868
1960,52.9799,9.8934,2.6872
1961,53.0488,11.8408,3.0894
1962,53.1177,15.0458,3.7068
1963,53.1866,17.4394,3.0487
1964,53.2554,22.1167,5.8786
1965,53.3243,23.7347,8.3059
1966,53.3932,26.6366,7.9866
1967,53.4621,22.6169,5.7432
1968,53.531,21.5077,4.853
1969,53.5999,19.5204,3.5426
1970,53.6688,16.2678,3.2942
1971,53.7377,17.2655,3.1483
1972,53.8066,17.2423,2.5487
1973,53.8755,15.0508,2.1553
1974,53.9444,14.4699,2.2856
1975,54.0133,12.5475,1.8357
1976,54.0822,12.5191,1.8521
1977,54.1511,17.0211,2.1016
1978,54.22,16.7091,2.5405
1979,54.2889,18.9528,2.2053
1980,54.3578,19.3981,2.413
1981,54.4267,22.1772,1.9683
1982,54.4955,24.172,2.1026
1983,54.5644,22.3887,2.2171
1984,54.6333,20.6197,2.2524
1985,54.7022,17.4856,2.5412
1986,54.7711,13.658,2.0314
1987,54.84,11.7062,1.3961
1988,54.9089,10.745,1.2817
1989,54.9778,10.1835,1.8198
1990,55.0467,9.5644,1.6158
1991,55.1156,9.2588,1.4457
1992,55.1845,8.7534,1.7946
1993,55.2534,11.8838,1.5479
1994,55.3223,11.4818,1.4996
1995,55.3912,14.5431,1.2769
1996,55.4601,14.4093,1.4033
1997,55.529,12.5109,1.173
1998,55.5979,8.8801,1.8035
1999,55.6668,8.0857,2.0756
2000,55.7356,8.6141,1.7168
2001,55.8045,11.8417,2.0812
2002,55.8734,11.6984,1.6626
2003,55.9423,13.4805,1.6771
2004,56.0112,13.7791,1.417
2005,56.0801,13.4815,1.5726
2006,56.149,13.3014,2.0233
2007,56.2179,10.2088,1.6371
2008,56.2868,9.2164,1.8631
2009,56.3557,8.4676,2.1433
2010,56.4246,9.6836,2.1575
2011,56.4935,8.2591,1.4402
2012,56.5624,9.4547,2.5756
2013,56.6313,10.7258,2.6557
2014,56.7002,10.7098,2.8408
2015,56.7691,8.9315,4.8326
2016,56.838,11.1757,7.0787
2017,56.9069,13.0106,6.5125
2018,56.9757,15.3915,7.1633
2019,57.0446,19.4241,5.2447
2020,57.1135,20.6853,4.8248
2021,57.1824,18.1464,4.771
2022,57.2513,17.8344,4.5596
2023,57.3202,20.4081,5.4767
2024,57.3891,26.2465,6.163
2025,57.458,23.2496,5.5377
2026,57.5269,17.2483,4.0169
2027,57.5958,13.7924,3.1453
2028,57.6647,9.8529,3.2168
2029,57.7336,8.3983,2.0548
2030,57.8025,7.1261,1.5648
2031,57.8714,8.8184,1.2182
2032,57.9403,10.6401,1.4078
2033,58.0092,11.7803,1.195
2034,58.0781,11.0107,1.3216
2035,58.147,14.2119,1.8235
2036,58.2159,16.4539,1.3211
2037,58.2847,18.3528,1.9386
2038,58.3536,18.2511,0.9842
2039,58.4225,13.3472,0.9499
2040,58.4914,9.3849,1.5655
2041,58.5603,9.7339,1.1336
2042,58.6292,11.2453,1.3654
2043,58.6981,12.1014,1.4939
2044,58.767,11.6158,1.2544
2045,58.8359,12.4312,0.7586
2046,58.9048,9.3757,1.114
2047,58.9737,10.1364,1.5296
2048,59.0426,13.9316,2.1622
2049,59.1115,12.5239,2.6827
2050,59.1804,12.6259,3.0165
2051,59.2493,12.8023,3.055
2052,59.3182,14.3258,2.3717
2053,59.3871,13.5894,2.4232
2054,59.456,10.4973,2.1435
2055,59.5248,11.8009,2.0555
2056,59.5937,12.4101,2.71
2057,59.6626,12.7934,2.4692
2058,59.7315,11.1462,2.669
2059,59.8004,11.634,2.2186
2060,59.8693,12.4046,1.9612
2061,59.9382,11.8272,2.468
2062,60.0071,10.4962,2.0811
2063,60.076,9.8164,1.7641
2064,60.1449,10.8197,1.6168
2065,60.2138,11.4912,1.6476
2066,60.2827,8.7975,1.1992
2067,60.3516,10.0345,1.0121
2068,60.4205,13.5187,1.3479
2069,60.4894,12.8643,2.1032
2070,60.5583,12.2812,2.1157
2071,60.6272,11.6261,3.0513
2072,60.6961,15.8255,2.4735
2073,60.7649,12.326,2.4448
2074,60.8338,10.351,2.2145
2075,60.9027,11.717,2.926
2076,60.9716,11.4681,2.2862
2077,61.0405,10.4963,1.895
2078,61.1094,10.1899,1.9464
2079,61.1783,11.0764,1.795
2080,61.2472,12.5522,1.4294
2081,61.3161,12.2251,1.9498
2082,61.385,10.6883,1.3726
2083,61.4539,8.9429,1.0164
2084,61.5228,10.1764,1.2106
2085,61.5917,12.6528,1.1738
2086,61.6606,14.8535,1.8611
2087,61.7295,17.8081,2.447
2088,61.7984,19.7331,2.4232
2089,61.8673,19.8891,3.5202
2090,61.9362,17.512,3.6914
2091,62.005,15.6223,2.931
2092,62.0739,14.8331,3.6553
2093,62.1428,13.585,4.4594
2094,62.2117,13.344,4.6214
2095,62.2806,13.5225,4.9565
2096,62.3495,13.1776,4.8745
2097,62.4184,12.8919,6.0063
2098,62.4873,13.4876,6.3706
2382,0.0,21.3853,11.1701
2383,0.0689,20.1096,9.7079
2384,0.1378,16.814,8.9467
2385,0.2067,15.1716,8.0984
2386,0.2756,16.0229,7.1982
2387,0.3445,18.0653,6.6026
2388,0.4134,21.4967,5.9
2389,0.4823,21.6403,4.8764
2390,0.5512,21.8065,4.5288
2391,0.6201,21.3467,3.3987
2392,0.6889,20.1694,2.888
2393,0.7578,19.2178,2.2172
2394,0.8267,17.7188,2.4445
2395,0.8956,17.5837,2.6098
2396,0.9645,17.0646,2.5493
2397,1.0334,13.1831,3.6647
2398,1.1023,12.9862,3.2403
2399,1.1712,13.8045,3.4914
2400,1.2401,13.003,4.0453
2401,1.309,13.8423,3.071
2402,1.3779,10.4199,2.9927
2403,1.4468,9.5798,2.9374
2404,1.5157,9.5801,2.569
2405,1.5846,8.921,2.2518
2406,1.6535,9.2314,1.944
2407,1.7224,10.3178,1.5759
2408,1.7913,10.95,1.9034
2409,1.8602,11.6603,1.8693
2410,1.929,13.4717,2.4557
2411,1.9979,13.3352,3.0523
2412,2.0668,10.7237,3.2234
2413,2.1357,15.7254,2.9712
2414,2.2046,17.4129,2.5335
2415,2.2735,16.9624,1.8332
2416,2.3424,16.4496,1.616
2417,2.4113,14.737,2.0532
2418,2.4802,12.5333,1.7963
2419,2.5491,11.1633,1.5009
2420,2.618,10.15,1.6996
2421,2.6869,9.3445,1.5845
2422,2.7558,8.9967,2.1613
2423,2.8247,9.5896,1.6551
2424,2.8936,9.1019,1.2711
2425,2.9625,9.845,1.3245
2426,3.0314,9.8098,1.2699
2427,3.1003,9.2024,1.9151
2428,3.1691,9.5226,1.7315
2429,3.238,10.0242,1.7305
2430,3.3069,10.3653,2.5351
2431,3.3758,9.034,2.6724
2432,3.4447,6.1643,2.609
2433,3.5136,6.3114,2.7753
2434,3.5825,6.4021,2.2152
2435,3.6514,7.0161,1.8065
2436,3.7203,6.5809,1.963
2437,3.7892,5.9746,1.5191
2438,3.8581,5.6644,1.5288
2439,3.927,5.9667,2.1194
2440,3.9959,5.0171,2.5188
2441,4.0648,7.052,2.1528
2442,4.1337,7.2995,1.714
2443,4.2026,8.1484,1.3538
2444,4.2715,10.2825,0.8795
2445,4.3404,10.3505,1.2841
2446,4.4092,9.2047,1.1629
2447,4.4781,7.5012,0.8525
2448,4.547,7.1356,1.2346
2449,4.6159,7.7789,1.4756
2450,4.6848,6.9155,1.6197
2451,4.7537,7.1055,1.9485
2452,4.8226,7.4323,2.2066
2453,4.8915,7.677,2.4243
2454,4.9604,9.3757,2.6674
2455,5.0293,13.4118,4.4155
2456,5.0982,12.1086,6.2841
2457,5.1671,16.1634,7.4429
2458,5.236,17.3701,9.1182
2459,5.3049,18.4343,11.0293
2460,5.3738,17.5219,10.0331
2461,5.4427,16.0921,9.1772
2462,5.5116,14.8816,6.3432
2463,5.5805,13.121,4.2066
2464,5.6493,15.6683,3.2199
2465,5.7182,13.7406,3.1243
2466,5.7871,17.2829,2.5706
2467,5.856,16.0235,2.5965
2468,5.9249,15.9783,2.8666
2469,5.9938,14.1576,2.5119
2470,6.0627,17.1645,2.214
2471,6.1316,14.161,1.5805
2472,6.2005,11.3426,1.7435
2473,6.2694,10.3428,1.9104
2474,6.3383,9.4526,1.7359
2475,6.4072,12.2527,2.6347
2476,6.4761,13.1883,2.6775
2477,6.545,12.7317,2.2787
2478,6.6139,11.2734,2.5728
2479,6.6828,8.5417,2.8667
2480,6.7517,7.6903,3.4887
2481,6.8206,9.752,2.8356
2482,6.8894,11.2097,2.5913
2483,6.9583,12.5554,3.1817
2484,7.0272,10.6235,4.3572
2485,7.0961,11.7742,3.3322
2486,7.165,9.3574,3.3681
2487,7.2339,9.9989,2.8231
2488,7.3028,7.416,2.8498
2489,7.3717,5.4563,2.4369
2490,7.4406,5.2689,2.4439
2491,7.5095,5.736,2.576
2492,7.5784,5.1716,2.6519
2493,7.6473,6.7094,2.4401
2494,7.7162,5.9225,2.4646
2495,7.7851,5.5923,1.8506
2496,7.854,6.2919,2.5182
2497,7.9229,4.9409,3.3141
2498,7.9918,5.3201,3.9744
2499,8.0607,5.6433,3.5716
2500,8.1296,5.935,2.4805
2501,8.1984,6.318,2.3506
2502,8.2673,5.8242,1.8753
2503,8.3362,4.185,0.8782
2504,8.4051,2.4053,1.2183
2505,8.474,3.0689,1.1302
2506,8.5429,3.2056,1.0985
2507,8.6118,3.0015,0.8001
2508,8.6807,2.7723,0.8881
2509,8.7496,3.3557,1.2263
2510,8.8185,3.5953,1.6612
2511,8.8874,4.3344,1.585
2512,8.9563,3.8383,1.4934
2513,9.0252,4.3935,1.8257
2514,9.0941,6.9759,2.7651
2515,9.163,6.5996,2.5564
2516,9.2319,5.8578,3.0785
2517,9.3008,5.1676,3.6345
2518,9.3697,6.449,3.8994
2519,9.4385,6.3523,4.0008
2520,9.5074,9.3661,4.6433
2521,9.5763,12.633,4.9996
2522,9.6452,14.3121,6.1922
2523,9.7141,17.9102,6.7023
2524,9.783,21.4907,5.9988
2525,9.8519,22.0863,6.3918
2526,9.9208,23.2896,6.0219
2527,9.9897,21.793,5.5795
2528,10.0586,19.6058,4.3964
2529,10.1275,18.9264,3.434
2530,10.1964,16.6993,3.5542
2531,10.2653,17.6091,2.9828
2532,10.3342,11.4312,2.9602
2533,10.4031,10.4991,2.1592
2534,10.472,10.3518,2.2236
2535,10.5409,10.5569,2.0593
2536,10.6098,8.675,1.8316
2537,10.6786,6.9694,1.6175
2538,10.7475,5.197,1.2693
2539,10.8164,6.3523,1.3417
2540,10.8853,5.9525,1.2515
2541,10.9542,5.1949,1.5895
2542,11.0231,6.4667,1.6924
2543,11.092,6.2828,1.9093
2544,11.1609,7.1264,2.0737
2545,11.2298,5.9118,2.0734
2546,11.2987,6.1193,1.8645
2547,11.3676,8.6127,1.7351
2548,11.4365,7.2497,1.7865
2549,11.5054,7.32,2.6936
2550,11.5743,5.8963,3.0719
2551,11.6432,6.4429,2.8521
2552,11.7121,6.2927,2.2252
2553,11.781,5.0387,2.4304
2554,11.8499,6.9251,2.0134
2555,11.9187,7.6246,2.3682
2556,11.9876,7.4907,2.4855
2557,12.0565,7.5171,2.8172
2558,12.1254,7.3001,3.2963
2559,12.1943,9.3152,2.822
2560,12.2632,7.3837,3.3693
2561,12.3321,8.735,3.1674
2562,12.401,9.2994,2.7648
2563,12.4699,7.3949,3.1283
2564,12.5388,7.1987,2.7866
2565,12.6077,6.9162,2.715
2566,12.6766,6.3562,2.8234
2567,12.7455,5.854,2.2194
2568,12.8144,6.6009,1.7589
2569,12.8833,6.865,1.6989
2570,12.9522,8.1201,1.3548
2571,13.0211,10.2527,2.1228
2572,13.09,10.9861,2.1029
2573,13.1588,10.2623,1.5876
2574,13.2277,7.515,1.8618
2575,13.2966,7.7246,1.8296
2576,13.3655,7.3676,2.2709
2577,13.4344,10.4222,1.3296
2578,13.5033,12.5027,1.4476
2579,13.5722,11.9329,2.3428
2580,13.6411,14.2001,2.5401
2581,13.71,10.272,2.6203
2582,13.7789,10.3577,3.1317
2583,13.8478,12.2554,2.1439
2584,13.9167,8.0421,1.8173
2585,13.9856,9.9746,1.766
2586,14.0545,12.3172,2.1778
2587,14.1234,13.0731,2.4396
2588,14.1923,12.8301,2.9427
2589,14.2612,13.4297,4.236
2590,14.3301,13.6749,5.6724
2591,14.3989,13.7037,7.7938
2592,14.4678,18.5376,8.7843
2593,14.5367,17.9434,9.4126
2594,14.6056,18.1982,6.8423
2595,14.6745,16.3132,5.5177
2596,14.7434,13.9467,4.5994
2597,14.8123,12.1046,2.8138
2598,14.8812,14.2325,3.1655
2599,14.9501,11.5405,2.8818
2600,15.019,11.9881,2.7325
2601,15.0879,11.9053,3.1829
2602,15.1568,10.5092,3.4123
2603,15.2257,12.5957,3.1574
2604,15.2946,15.0824,3.1521
2605,15.3635,16.6884,3.3986
2606,15.4324,18.7832,3.2431
2607,15.5013,19.9877,3.6772
2608,15.5702,19.2761,5.0233
2609,15.6391,17.9304,5.5814
2610,15.7079,17.185,6.1721
2611,15.7768,18.9188,5.769
2612,15.8457,18.3645,7.2207
2613,15.9146,18.3854,7.7082
2614,15.9835,17.3465,6.3384
2615,16.0524,16.2265,5.1798
2616,16.1213,15.9268,3.0885
2617,16.1902,14.1133,2.2551
2618,16.2591,13.6942,2.0481
2619,16.328,10.39,1.7555
2620,16.3969,9.6083,1.7742
2621,16.4658,10.1825,1.7851
2622,16.5347,8.7455,2.0347
2623,16.6036,9.2912,2.2401
2624,16.6725,12.2258,3.2663
2625,16.7414,12.527,3.5702
2626,16.8103,9.6246,3.9047
2627,16.8792,10.5889,2.946
2628,16.948,11.8195,2.5254
2629,17.0169,12.4437,3.2908
2630,17.0858,12.1827,2.7744
2631,17.1547,12.5606,3.2629
2632,17.2236,9.2972,3.9455
2633,17.2925,9.3869,3.7753
2634,17.3614,11.5097,4.3091
2635,17.4303,10.8424,5.2868
2636,17.4992,10.3945,6.4613
2637,17.5681,11.7647,6.197
2638,17.637,11.9832,5.8475
2639,17.7059,10.5935,4.6084
2640,17.7748,9.6115,3.9905
2641,17.8437,12.8444,3.572
2642,17.9126,13.4158,3.6492
2643,17.9815,10.7044,3.7863
2644,18.0504,10.2083,3.9114
2645,18.1193,11.214,1.9823
2646,18.1881,9.8772,1.7691
2647,18.257,9.6268,2.1798
2648,18.3259,10.6856,2.2325
2649,18.3948,9.6393,2.4622
2650,18.4637,9.0313,2.1603
2651,18.5326,7.8199,2.2805
2652,18.6015,8.1681,1.8529
2653,18.6704,10.3547,1.9833
2654,18.7393,11.1269,1.7255
2655,18.8082,13.1454,2.0041
2656,18.8771,14.1815,2.4057
2657,18.946,13.2436,3.2111
2658,19.0149,10.075,2.5192
2659,19.0838,9.162,2.8222
2660,19.1527,9.5185,3.0119
2661,19.2216,9.3491,3.2785
2662,19.2905,9.5936,3.1488
2663,19.3594,10.3827,2.5053
2664,19.4282,9.9322,2.8
2665,19.4971,9.0299,2.1686
2666,19.566,6.8846,2.5207
2667,19.6349,7.9918,2.191
2668,19.7038,10.3084,2.3861
2669,19.7727,11.8566,2.5517
2670,19.8416,11.636,2.4147
2671,19.9105,11.5917,2.9489
2672,19.9794,10.4651,2.9064
2673,20.0483,10.3178,3.5266
2674,20.1172,8.7842,3.8779
2675,20.1861,8.247,4.7016
2676,20.255,8.1334,4.8876
2677,20.3239,8.6497,4.9305
2678,20.3928,8.6389,2.9197
2679,20.4617,8.8484,2.1014
2680,20.5306,8.4767,1.9155
2681,20.5995,7.3133,1.9131
2682,20.6683,8.5947,2.0119
2683,20.7372,7.614,3.1252
2684,20.8061,7.262,3.8849
2685,20.875,6.2173,4.3906
2686,20.9439,7.0487,3.8864
2687,21.0128,6.079,2.6086
2688,21.0817,7.212,1.7076
2689,21.1506,9.8937,1.9192
2690,21.2195,12.6707,2.8689
2691,21.2884,11.5936,3.3556
2692,21.3573,12.2873,3.4757
2693,21.4262,11.8061,3.0226
2694,21.4951,15.7955,3.4403
2695,21.564,19.19,3.4329
2696,21.6329,14.8615,3.8997
2697,21.7018,12.3869,3.9041
2698,21.7707,12.3995,4.4076
2699,21.8396,14.1448,4.25
2700,21.9084,13.2263,3.0198
2701,21.9773,10.7609,3.0668
2702,22.0462,14.9665,2.8334
2703,22.1151,15.8106,2.6948
2704,22.184,15.4756,2.4494
2705,22.2529,17.3535,2.9489
2706,22.3218,19.879,3.4104
2707,22.3907,19.5826,4.2356
2708,22.4596,19.0159,5.1458
2709,22.5285,16.5759,5.4048
2710,22.5974,18.6162,6.4585
2711,22.6663,21.9917,7.549
2712,22.7352,19.8585,8.9159
2713,22.8041,20.0776,9.2873
2714,22.873,21.0216,10.486
2715,22.9419,23.9309,11.381
2716,23.0108,24.3502,10.2174
2717,23.0797,22.8419,8.2739
2718,23.1486,23.7022,7.3023
2719,23.2174,23.8536,6.7778
2720,23.2863,23.0776,7.5475
2721,23.3552,23.3639,7.7291
2722,23.4241,19.598,6.9553
2723,23.493,12.2839,6.8011
2724,23.5619,9.3949,5.5012
2725,23.6308,7.8126,4.8017
2726,23.6997,6.7155,5.1738
2727,23.7686,5.9216,4.7578
2728,23.8375,6.4504,3.9427
2729,23.9064,7.2628,3.7353
2730,23.9753,7.634,3.2279
2731,24.0442,7.7351,3.1106
2732,24.1131,9.4029,2.6048
2733,24.182,11.0799,1.9524
2734,24.2509,10.5619,2.6861
2735,24.3198,8.9192,3.3896
2736,24.3887,9.9803,2.5072
2737,24.4575,12.3582,2.2916
2738,24.5264,10.7147,2.5759
2739,24.5953,10.5622,3.2423
2740,24.6642,11.7644,2.9855
2741,24.7331,12.2222,2.5889
2742,24.802,10.4059,2.2341
2743,24.8709,8.886,1.7432
2744,24.9398,8.5667,2.0419
2745,25.0087,10.5356,1.4593
2746,25.0776,9.2728,1.5439
2747,25.1465,9.0005,1.9816
2748,25.2154,14.2256,2.2646
2749,25.2843,16.2364,2.1531
2750,25.3532,13.8411,2.1585
2751,25.4221,12.1703,2.4312
2752,25.491,10.4834,2.2478
2753,25.5599,11.5566,2.6323
2754,25.6288,11.4106,2.3081
2755,25.6976,10.6377,2.3428
2756,25.7665,12.5525,2.5881
2757,25.8354,10.0337,1.7794
2758,25.9043,9.018,2.2667
2759,25.9732,7.4945,2.4635
2760,26.0421,5.8412,2.3332
2761,26.111,7.1784,1.6351
2762,26.1799,8.2523,1.7663
2763,26.2488,11.6185,2.216
2764,26.3177,11.2595,2.6235
2765,26.3866,11.7376,3.3716
2766,26.4555,15.0418,4.0746
2767,26.5244,16.8053,3.2561
2768,26.5933,21.5428,3.235
2769,26.6622,21.6526,3.7439
2770,26.7311,20.2669,4.7907
2771,26.8,19.9266,4.4147
2772,26.8689,16.386,4.2447
2773,26.9377,11.9728,3.2672
2774,27.0066,12.3544,2.7771
2775,27.0755,13.1162,2.2543
2776,27.1444,12.9485,2.1562
2777,27.2133,13.9059,2.1843
2778,27.2822,17.6434,1.7714
2779,27.3511,21.2739,1.8061
2780,27.42,22.688,2.3264
2781,27.4889,19.662,2.0036
2782,27.5578,17.6025,2.5216
2783,27.6267,18.8313,3.204
2784,27.6956,21.1546,5.242
2785,27.7645,21.0486,6.5285
2786,27.8334,20.3258,7.4984
2787,27.9023,13.1647,6.8604
2788,27.9712,14.0917,4.9363
2789,28.0401,14.3122,4.6339
2790,28.109,13.1924,3.4184
2791,28.1778,12.0749,2.6027
2792,28.2467,10.5127,2.6411
2793,28.3156,10.683,2.3643
2794,28.3845,10.941,2.2873
2795,28.4534,11.5358,2.3252
2796,28.5223,11.1599,1.8648
2797,28.5912,10.5808,1.7085
2798,28.6601,11.674,2.05
2799,28.729,12.4512,2.3506
2800,28.7979,13.5639,2.1535
2801,28.8668,14.8047,1.49
2802,28.9357,15.9755,1.2074
2803,29.0046,20.2902,1.6235
2804,29.0735,20.1049,1.7416
2805,29.1424,16.8684,1.7678
2806,29.2113,14.263,1.931
2807,29.2802,13.5764,1.2337
2808,29.3491,11.6598,1.7677
2809,29.4179,15.6948,2.2016
2810,29.4868,14.6022,2.7001
2811,29.5557,14.6736,3.3101
2812,29.6246,14.8204,4.3386
2813,29.6935,16.6528,5.141
2814,29.7624,16.6927,6.4385
2815,29.8313,15.1846,7.1121
2816,29.9002,14.7916,6.9398
2817,29.9691,15.2777,7.5498
2818,30.038,15.2753,6.9183
2819,30.1069,16.5987,6.0993
2820,30.1758,16.5426,5.791
2821,30.2447,17.0668,4.6057
2822,30.3136,15.9008,3.274
2823,30.3825,15.7778,2.2023
2824,30.4514,15.7869,1.4599
2825,30.5203,11.6199,0.9813
2826,30.5892,10.2494,1.1703
2827,30.6581,9.0447,1.0119
2828,30.7269,6.4189,1.3722
2829,30.7958,5.1213,1.7744
2830,30.8647,4.616,1.5219
2831,30.9336,3.4281,0.8556
2832,31.0025,3.1203,0.9076
2833,31.0714,3.0123,0.9877
2834,31.1403,3.5696,0.6223
2835,31.2092,3.9463,0.4895
2836,31.2781,4.2607,0.7917
2837,31.347,2.7704,0.7313
2838,31.4159,3.0843,0.5412
2839,31.4848,3.5004,0.4608
2840,31.5537,3.2916,0.8036
2841,31.6226,4.2285,0.9458
2842,31.6915,2.9688,1.0371
2843,31.7604,2.9598,0.6945
2844,31.8293,2.1069,1.0543
2845,31.8982,3.1412,1.5378
2846,31.967,3.7808,1.2282
2847,32.0359,2.7525,1.2103
2848,32.1048,2.3812,1.5394
2849,32.1737,3.3031,1.516
2850,32.2426,3.8364,1.2475
2851,32.3115,3.7866,1.6974
2852,32.3804,4.9672,2.0646
2853,32.4493,5.3425,1.4148
2854,32.5182,4.7641,1.5269
2855,32.5871,4.2043,1.6551
2856,32.656,5.3112,1.9987
2857,32.7249,6.7114,1.491
2858,32.7938,4.0334,1.429
2859,32.8627,5.9717,1.4964
2860,32.9316,6.002,0.9179
2861,33.0005,5.446,1.6785
2862,33.0694,5.338,1.2873
2863,33.1383,5.021,1.6117
2864,33.2071,4.7689,1.4013
2865,33.276,5.2314,1.3059
2866,33.3449,6.1212,1.3492
2867,33.4138,5.3653,1.4774
2868,33.4827,4.9532,1.2446
2869,33.5516,6.5017,1.2506
2870,33.6205,7.2316,1.3567
2871,33.6894,6.953,1.3264
2872,33.7583,5.9744,1.2662
2873,33.8272,4.9597,1.5123
2874,33.8961,5.5533,1.6664
2875,33.965,6.1978,1.5269
2876,34.0339,6.5136,1.5173
2877,34.1028,5.6889,2.203
2878,34.1717,5.76,1.6968
2879,34.2406,4.7961,1.4427
2880,34.3095,4.2258,1.5024
2881,34.3784,4.439,1.1661
2882,34.4472,7.2784,1.8462
2883,34.5161,8.9815,1.588
2884,34.585,11.6467,1.9226
2885,34.6539,12.4536,2.3841
2886,34.7228,14.8568,2.3848
2887,34.7917,16.7104,1.7991
2888,34.8606,16.7105,2.4919
2889,34.9295,16.0365,1.8019
2890,34.9984,15.408,1.9996
2891,35.0673,12.7567,2.0574
2892,35.1362,11.2413,2.828
2893,35.2051,12.7927,2.7445
2894,35.274,12.7573,3.6301
2895,35.3429,12.334,3.3253
2896,35.4118,11.1017,2.5159
2897,35.4807,7.318,1.9746
2898,35.5496,5.22,1.1413
2899,35.6185,4.8689,1.0852
2900,35.6873,4.4169,1.2977
2901,35.7562,5.8841,1.0999
2902,35.8251,5.3393,1.119
2903,35.894,5.2189,0.8035
2904,35.9629,4.3472,0.8623
2905,36.0318,3.9426,1.4739
2906,36.1007,4.7322,0.7866
2907,36.1696,3.6718,0.8513
2908,36.2385,3.8862,0.8116
2909,36.3074,4.2728,1.0959
2910,36.3763,5.1255,1.162
2911,36.4452,7.2515,1.1928
2912,36.5141,7.0447,1.0962
2913,36.583,8.2591,0.8306
2914,36.6519,11.4298,1.4796
2915,36.7208,10.406,1.917
2916,36.7897,11.1314,2.3697
2917,36.8586,11.2376,3.3741
2918,36.9274,11.8341,3.5011
2919,36.9963,11.7625,4.2814
2920,37.0652,15.2532,3.8426
2921,37.1341,18.9837,5.4798
2922,37.203,23.7829,6.2226
2923,37.2719,28.7773,8.0084
2924,37.3408,36.996,7.7053
2925,37.4097,38.5386,6.9077
2926,37.4786,33.2329,5.0368
2927,37.5475,30.4448,4.151
2928,37.6164,29.2328,4.913
2929,37.6853,21.3987,5.5085
2930,37.7542,19.691,4.8234
2931,37.8231,17.4475,4.7122
2932,37.892,15.4878,4.4804
2933,37.9609,13.3244,2.8787
2934,38.0298,12.5449,1.7449
2935,38.0987,12.7952,2.3768
2936,38.1675,11.8577,2.1868
2937,38.2364,10.488,1.0597
2938,38.3053,6.9371,0.8901
2939,38.3742,7.204,0.7241
2940,38.4431,6.0759,1.1964
2941,38.512,4.6114,1.0419
2942,38.5809,3.3638,0.7633
2943,38.6498,4.2312,0.7468
2944,38.7187,4.5112,0.4296
2945,38.7876,4.3364,0.3392
2946,38.8565,6.1068,0.4435
2947,38.9254,5.9785,0.3225
2948,38.9943,5.2912,0.7565
2949,39.0632,3.7479,0.7022
2950,39.1321,3.0931,0.2155
2951,39.201,2.0678,0.7121
2952,39.2699,2.8561,1.4654
2953,39.3388,2.4901,1.0539
2954,39.4076,3.8132,0.9159
2955,39.4765,5.0922,1.0742
2956,39.5454,2.7536,1.6679
2957,39.6143,3.5667,1.9009
2958,39.6832,3.0155,1.5832
2959,39.7521,3.7158,1.5317
2960,39.821,3.3462,1.2545
2961,39.8899,2.4714,0.8727
2962,39.9588,2.6431,1.0094
2963,40.0277,2.8058,1.0623
2964,40.0966,3.5604,0.7739
2965,40.1655,3.6461,0.9742
2966,40.2344,2.997,0.9109
2967,40.3033,3.6227,0.9811
2968,40.3722,5.1157,1.1106
2969,40.4411,6.0913,1.3223
2970,40.51,7.0275,1.2614
2971,40.5789,7.7445,1.9588
2972,40.6478,6.5204,1.43
2973,40.7166,6.4539,1.4753
2974,40.7855,8.3027,1.9395
2975,40.8544,9.3452,2.1252
2976,40.9233,9.075,1.4567
2977,40.9922,8.4983,1.3391
2978,41.0611,7.5373,1.6483
2979,41.13,6.8408,2.2454
2980,41.1989,9.5837,3.0037
2981,41.2678,10.388,3.1263
2982,41.3367,11.9455,3.8016
2983,41.4056,11.9124,3.0706
2984,41.4745,11.8425,3.6143
2985,41.5434,13.2651,3.0661
2986,41.6123,14.8683,2.7091
2987,41.6812,13.2878,2.3494
2988,41.7501,10.7056,2.1721
2989,41.819,12.8949,1.5959
2990,41.8879,16.3459,2.0657
2991,41.9567,16.9159,1.8834
2992,42.0256,18.0892,2.0613
2993,42.0945,21.1431,2.0669
2994,42.1634,21.9847,1.6448
2995,42.2323,22.321,1.7411
2996,42.3012,18.5173,1.1506
2997,42.3701,18.499,2.3611
2998,42.439,16.6181,1.8792
2999,42.5079,15.9686,1.938
3000,42.5768,14.3109,1.4305
3001,42.6457,14.5147,1.7716
3002,42.7146,13.6929,2.8691
3003,42.7835,11.7412,2.915
3004,42.8524,11.2604,2.7148
3005,42.9213,11.7858,2.1834
3006,42.9902,11.3323,2.0654
3007,43.0591,12.1411,2.489
3008,43.128,12.0159,2.0385
3009,43.1968,12.9487,1.6812
3010,43.2657,15.7301,1.8654
3011,43.3346,16.408,1.7298
3012,43.4035,18.262,2.8024
3013,43.4724,17.4881,3.7185
3014,43.5413,20.2895,4.382
3015,43.6102,20.4553,5.6781
3016,43.6791,19.0101,6.5829
3017,43.748,20.5139,7.2377
3018,43.8169,20.5503,9.9115
3019,43.8858,18.188,10.006
3020,43.9547,14.8407,7.5349
3021,44.0236,11.8405,5.0792
3022,44.0925,12.4947,3.7181
3023,44.1614,13.3058,3.3203
3024,44.2303,11.7699,2.4795
3025,44.2992,10.7229,3.0039
3026,44.3681,10.8292,1.998
3027,44.437,11.5843,2.2984
3028,44.5058,9.7937,2.4529
3029,44.5747,10.0929,2.3092
3030,44.6436,8.7385,1.8441
3031,44.7125,8.9434,1.505
3032,44.7814,9.3779,2.2943
3033,44.8503,9.3249,2.1981
3034,44.9192,9.1133,2.7619
3035,44.9881,9.1871,2.6746
3036,45.057,13.2414,2.0111
3037,45.1259,14.8697,2.4582
3038,45.1948,15.5861,2.9373
3039,45.2637,16.6918,2.8562
3040,45.3326,19.2906,2.8052
3041,45.4015,17.2074,2.8914
3042,45.4704,13.8973,2.0061
3043,45.5393,14.6998,2.3431
3044,45.6082,14.7254,2.1523
3045,45.6771,16.7276,1.5873
3046,45.7459,17.9552,1.5401
3047,45.8148,17.356,2.139
3048,45.8837,16.3498,2.708
3049,45.9526,16.6878,2.4207
3050,46.0215,18.6245,1.5493
3051,46.0904,20.1553,1.6744
3052,46.1593,22.2038,1.7977
3053,46.2282,16.9906,1.636
3054,46.2971,19.0784,1.7206
3055,46.366,18.2837,1.673
3056,46.4349,16.1022,1.7151
3057,46.5038,13.1918,2.2747
3058,46.5727,11.8671,1.7951
3059,46.6416,12.2802,1.7094
3060,46.7105,11.3288,1.9896
3061,46.7794,12.4929,2.024
3062,46.8483,13.18,1.8459
3063,46.9172,15.1067,1.7171
3064,46.986,15.2628,2.1179
3065,47.0549,13.2319,1.9205
3066,47.1238,12.436,1.8804
3067,47.1927,11.9102,2.0461
3068,47.2616,10.7785,2.4803
3069,47.3305,11.6609,3.1634
3070,47.3994,12.2124,3.1661
3071,47.4683,11.8043,3.267
3072,47.5372,13.9012,2.9027
3073,47.6061,13.2007,3.0162
3074,47.675,13.1928,2.6581
3075,47.7439,13.4441,2.4891
3076,47.8128,12.4393,2.4139
3077,47.8817,12.2585,2.8936
3078,47.9506,14.5396,2.6925
3079,48.0195,15.938,2.554
3080,48.0884,19.8091,2.0532
3081,48.1573,19.9225,1.9783
3082,48.2261,16.1962,2.0742
3083,48.295,14.8012,3.3199
3084,48.3639,18.0707,2.5343
3085,48.4328,19.5692,3.617
3086,48.5017,18.861,4.3014
3087,48.5706,17.4928,4.4403
3088,48.6395,15.2163,6.4727
3089,48.7084,19.1377,8.1636
3090,48.7773,25.7544,8.0068
3091,48.8462,28.25,8.1347
3092,48.9151,24.494,7.7922
3093,48.984,22.4876,6.4471
3094,49.0529,20.8246,5.7705
3095,49.1218,18.7578,6.0332
3096,49.1907,15.2043,6.6292
3097,49.2596,15.8281,6.4037
3098,49.3285,17.1598,5.6567
3099,49.3974,13.8171,7.3431
3100,49.4662,15.6528,6.0968
3101,49.5351,16.9647,6.271
3102,49.604,17.0584,6.2441
3103,49.6729,17.0323,7.1298
3104,49.7418,15.5746,7.6209
3105,49.8107,17.1268,5.4309
3106,49.8796,17.0101,3.927
3107,49.9485,15.6889,3.5384
3108,50.0174,11.3099,2.8534
3109,50.0863,9.2353,3.0407
3110,50.1552,10.1309,2.8931
3111,50.2241,12.2585,2.8528
3112,50.293,12.5545,3.4527
3113,50.3619,13.6558,3.6093
3114,50.4308,13.9236,3.6942
3115,50.4997,13.3445,2.8549
3116,50.5686,11.5431,1.7316
3117,50.6375,11.51,2.3496
3118,50.7063,11.9966,1.8996
3119,50.7752,10.2833,2.6235
3120,50.8441,8.7325,2.4286
3121,50.913,10.2376,1.6287
3122,50.9819,10.1508,1.7645
3123,51.0508,11.7299,1.3676
3124,51.1197,9.9818,1.255
3125,51.1886,8.3336,1.2114
3126,51.2575,10.676,1.6549
3127,51.3264,11.2683,1.2068
3128,51.3953,12.3787,1.7888
3129,51.4642,13.6195,1.9847
3130,51.5331,14.4087,2.9666
3131,51.602,12.9604,2.9442
3132,51.6709,11.2509,3.0653
3133,51.7398,10.7844,3.9112
3134,51.8087,14.3214,4.1762
3135,51.8776,21.7107,3.7692
3136,51.9464,24.9229,5.9594
3137,52.0153,25.3629,7.6437
3138,52.0842,23.132,8.1339
3139,52.1531,17.398,7.7933
3140,52.222,16.4198,6.2812
3141,52.2909,16.6041,5.4938
3142,52.3598,17.9614,5.3472
3143,52.4287,18.2844,4.3921
3144,52.4976,15.7479,4.6804
3145,52.5665,12.5777,4.0556
3146,52.6354,15.3601,3.4347
3147,52.7043,17.0065,3.8691
3148,52.7732,18.6074,3.4154
3149,52.8421,17.6765,4.0056
3150,52.911,15.4642,3.5836
3151,52.9799,13.0766,3.8287
3152,53.0488,9.4069,3.769
3573,0.0,14.9585,3.76127
3574,0.0689,15.154,4.11786
3575,0.1378,15.7004,4.4833
3576,0.2067,17.6677,5.40209
3577,0.2756,16.604,4.30313
3578,0.3445,15.1226,3.43252
3579,0.4134,15.9308,3.9981
3580,0.4823,14.1344,3.36111
3581,0.5512,13.9564,3.32645
3582,0.6201,17.2822,3.7394
3583,0.6889,21.144,4.08207
3584,0.7578,23.4946,3.08989
3585,0.8267,24.4931,3.32283
3586,0.8956,26.7235,2.44846
3587,0.9645,26.7659,2.36641
3588,1.0334,23.5424,2.27444
3589,1.1023,17.5192,1.99581
3590,1.1712,14.5317,2.55111
3591,1.2401,16.4255,2.92942
3592,1.309,19.3747,3.03841
3593,1.3779,20.2393,3.98667
3594,1.4468,19.3811,4.03278
3595,1.5157,16.2391,3.38212
3596,1.5846,12.9433,3.94456
3597,1.6535,12.2627,2.66541
3598,1.7224,14.6547,2.80642
3599,1.7913,15.1695,3.25764
3600,1.8602,18.2284,2.85446
3601,1.929,19.8652,3.36031
3602,1.9979,17.7146,3.50971
3603,2.0668,16.0811,3.15318
3604,2.1357,15.3691,3.29062
3605,2.2046,14.3439,2.51127
3606,2.2735,16.6186,2.27064
3607,2.3424,15.6958,2.07784
3608,2.4113,12.3024,1.86727
3609,2.4802,11.3613,2.38698
3610,2.5491,11.3195,2.3929
3611,2.618,10.8208,2.55844
3612,2.6869,11.1584,2.92591
3613,2.7558,15.3505,2.56436
3614,2.8247,13.7277,2.12912
3615,2.8936,14.251,2.31009
3616,2.9625,14.832,2.20645
3617,3.0314,14.6825,2.20103
3618,3.1003,15.4697,3.02501
3619,3.1691,15.9963,2.85843
3620,3.238,14.061,2.94235
3621,3.3069,12.8623,3.01804
3622,3.3758,11.7909,1.94576
3623,3.4447,13.0464,1.85468
3624,3.5136,11.2555,1.43628
3625,3.5825,9.8024,1.00958
3626,3.6514,9.1025,1.35707
3627,3.7203,10.1962,1.38885
3628,3.7892,10.4652,1.12047
3629,3.8581,12.4893,0.98342
3630,3.927,18.3979,1.67767
3631,3.9959,18.8529,2.42897
3632,4.0648,18.9312,2.66412
3633,4.1337,20.4512,4.81167
3634,4.2026,24.2506,7.38143
3635,4.2715,25.7741,7.45525
3636,4.3404,17.6101,6.16952
3637,4.4092,10.7583,3.85913
3638,4.4781,12.2189,3.0563
3639,4.547,11.4986,2.08146
3640,4.6159,11.1073,1.41237
3641,4.6848,12.5961,1.93657
3642,4.7537,9.65,1.7315
3643,4.8226,6.1041,2.05555
3644,4.8915,5.4896,2.30865
3645,4.9604,4.4246,1.91822
3646,5.0293,5.0976,1.50744
3647,5.0982,5.6021,1.45935
3648,5.1671,6.1317,1.90413
3649,5.236,8.1585,1.74079
3650,5.3049,7.5151,1.74692
3651,5.3738,8.5122,1.97269
3652,5.4427,7.4317,2.70076
3653,5.5116,10.0785,3.96985
3654,5.5805,10.7116,5.42873
3655,5.6493,13.6346,5.90648
3656,5.7182,14.9131,5.90798
3657,5.7871,20.7563,4.64318
3658,5.856,20.5692,3.03433
3659,5.9249,22.0649,3.21948
3660,5.9938,18.7434,3.88176
3661,6.0627,18.2157,4.18707
3662,6.1316,18.1064,3.98366
3663,6.2005,19.3701,4.12579
3664,6.2694,22.452,5.7663
3665,6.3383,21.6311,6.73513
3666,6.4072,19.8622,6.68075
3667,6.4761,20.5274,6.93629
3668,6.545,19.682,6.00358
3669,6.6139,17.7823,5.45592
3670,6.6828,13.9973,5.20691
3671,6.7517,17.3717,4.04082
3672,6.8206,14.5547,2.20233
3673,6.8894,16.8035,2.48639
3674,6.9583,16.9847,2.63633
3675,7.0272,14.8024,2.8073
3676,7.0961,12.8584,2.55875
3677,7.165,10.4801,2.8855
3678,7.2339,8.9649,2.39804
3679,7.3028,9.0137,2.70096
3680,7.3717,7.981,2.45149
3681,7.4406,7.0578,2.22905
3682,7.5095,8.489,2.03692
3683,7.5784,6.6459,1.10794
3684,7.6473,6.4969,1.29855
3685,7.7162,4.0995,1.98241
3686,7.7851,6.1554,2.15989
3687,7.854,7.2037,2.02807
3688,7.9229,7.851,2.38887
3689,7.9918,7.6286,2.69563
3690,8.0607,6.1692,2.92421
3691,8.1296,4.7882,2.33213
3692,8.1984,5.3994,2.37666
3693,8.2673,5.2222,1.90981
3694,8.3362,6.759,1.75948
3695,8.4051,8.0789,1.55296
3696,8.474,8.0063,1.56633
3697,8.5429,8.3956,1.38739
3698,8.6118,12.5342,1.63077
3699,8.6807,17.2461,1.68316
3700,8.7496,19.241,2.47362
3701,8.8185,19.4609,2.15813
3702,8.8874,15.0361,2.1564
3703,8.9563,14.4586,1.6508
3704,9.0252,12.2759,1.6278
3705,9.0941,11.7995,1.48256
3706,9.163,10.8625,2.24546
3707,9.2319,10.3378,1.56701
3708,9.3008,9.927,1.36779
3709,9.3697,9.3708,1.6137
3710,9.4385,9.1253,1.74491
3711,9.5074,9.0863,1.55132
3712,9.5763,9.5655,1.09456
3713,9.6452,10.3283,1.00525
3714,9.7141,10.359,0.80568
3715,9.783,12.8187,1.23775
3716,9.8519,12.4471,1.7002
3717,9.9208,14.3201,1.74158
3718,9.9897,14.1588,1.2391
3719,10.0586,12.1701,1.93584
3720,10.1275,11.364,1.67213
3721,10.1964,11.2943,1.73052
3722,10.2653,11.5212,1.73341
3723,10.3342,11.0262,1.36521
3724,10.4031,9.4375,2.34231
3725,10.472,7.6764,2.91337
3726,10.5409,7.2579,2.75031
3727,10.6098,7.6031,2.14679
3728,10.6786,8.3689,2.11688
3729,10.7475,7.4253,1.98563
3730,10.8164,5.8246,1.67397
3731,10.8853,5.8246,1.20324
3732,10.9542,5.9261,1.25595
3733,11.0231,7.5102,1.11361
3734,11.092,12.2657,1.35994
3735,11.1609,10.2618,1.88997
3736,11.2298,12.9956,2.22412
3737,11.2987,10.7933,1.99189
3738,11.3676,10.227,2.60615
3739,11.4365,8.4709,3.60554
3740,11.5054,8.747,3.36093
3741,11.5743,9.3337,2.66284
3742,11.6432,9.4459,3.02473
3743,11.7121,10.1447,3.29412
3744,11.781,12.5009,3.27041
3745,11.8499,17.2954,3.70462
3746,11.9187,14.2303,2.8852
3747,11.9876,12.8909,3.27902
3748,12.0565,12.9222,3.23452
3749,12.1254,10.7562,2.49296
3750,12.1943,12.5383,2.99983
3751,12.2632,13.5791,2.72962
3752,12.3321,16.3828,3.24473
3753,12.401,15.4663,2.96832
3754,12.4699,13.259,2.95206
3755,12.5388,12.9885,2.87361
3756,12.6077,15.2689,3.63823
3757,12.6766,21.0921,4.44672
3758,12.7455,20.0672,4.88714
3759,12.8144,15.717,5.96045
3760,12.8833,16.577,4.25991
3761,12.9522,17.4701,3.97125
3762,13.0211,14.3995,2.56039
3763,13.09,13.3602,2.83609
3764,13.1588,17.3496,3.01815
3765,13.2277,18.3993,3.12052
3766,13.2966,19.4951,3.75536
3767,13.3655,19.9637,3.71442
3768,13.4344,20.4683,4.26862
3769,13.5033,18.4989,4.10198
3770,13.5722,17.4831,3.80866
3771,13.6411,15.6681,4.4162
3772,13.71,17.0593,5.80969
3773,13.7789,16.1727,6.04376
3774,13.8478,18.9828,5.02163
3775,13.9167,21.6584,3.0458
3776,13.9856,17.0699,2.87593
3777,14.0545,21.1429,2.72025
3778,14.1234,19.2374,2.90027
3779,14.1923,18.546,2.83133
3780,14.2612,17.8838,3.52688
3781,14.3301,15.9307,3.15469
3782,14.3989,17.943,3.48882
3783,14.4678,16.7991,3.7247
3784,14.5367,15.269,2.7831
3785,14.6056,12.5688,3.04242
3786,14.6745,11.861,2.63446
3787,14.7434,10.6151,1.92452
3788,14.8123,12.5514,1.46572
3789,14.8812,9.0652,1.55923
3790,14.9501,9.476,1.22489
3791,15.019,7.6551,1.12132
3792,15.0879,9.8058,1.22992
3793,15.1568,10.8662,0.85591
3794,15.2257,15.2971,0.46314
3795,15.2946,16.3382,1.02761
3796,15.3635,16.1946,1.0118
3797,15.4324,14.555,1.49925
3798,15.5013,15.488,1.73981
3799,15.5702,17.2878,1.33328
3800,15.6391,17.4527,1.52854
3801,15.7079,17.358,1.23632
3802,15.7768,18.5159,0.84021
3803,15.8457,18.6004,1.08371
3804,15.9146,18.8189,0.90549
3805,15.9835,16.964,1.086
3806,16.0524,12.4107,1.22637
3807,16.1213,12.4372,1.52937
3808,16.1902,11.6042,1.53955
3809,16.2591,10.1436,1.17898
3810,16.328,8.7923,1.23493
3811,16.3969,9.4566,1.05431
3812,16.4658,8.6864,1.13263
3813,16.5347,7.9302,1.47389
3814,16.6036,10.2158,0.82746
3815,16.6725,8.4132,0.58607
3816,16.7414,6.8685,1.04619
3817,16.8103,7.6944,0.87789
3818,16.8792,7.2895,1.7628
3819,16.948,6.5522,1.60677
3820,17.0169,7.5352,1.32437
3821,17.0858,8.3594,1.39531
3822,17.1547,8.0242,1.30997
3823,17.2236,8.362,1.51245
3824,17.2925,8.4331,1.51964
3825,17.3614,9.6309,1.98099
3826,17.4303,6.9281,1.93647
3827,17.4992,9.0124,1.63619
3828,17.5681,10.4314,1.36499
3829,17.637,10.5068,1.59672
3830,17.7059,10.4575,1.85835
3831,17.7748,10.7152,2.1353
3832,17.8437,10.485,1.33243
3833,17.9126,11.5536,1.7522
3834,17.9815,10.925,1.22271
3835,18.0504,10.8506,0.6218
3836,18.1193,9.7489,1.20457
3837,18.1881,9.1764,1.33177
3838,18.257,7.4688,1.6385
3839,18.3259,8.0862,1.73556
3840,18.3948,9.9312,1.8055
3841,18.4637,12.5051,1.8089
3842,18.5326,12.6516,1.82482
3843,18.6015,12.5007,2.03613
3844,18.6704,13.3228,2.21772
3845,18.7393,14.0723,1.42553
3846,18.8082,11.071,1.78679
3847,18.8771,10.1333,1.68792
3848,18.946,10.4801,1.30086
3849,19.0149,8.9331,1.97782
3850,19.0838,10.8132,1.59205
3851,19.1527,10.6413,2.35156
3852,19.2216,10.7888,2.36852
3853,19.2905,9.8289,2.54454
3854,19.3594,8.2487,2.00081
3855,19.4282,10.5625,2.44293
3856,19.4971,11.3329,2.56075
3857,19.566,10.3508,3.17675
3858,19.6349,10.6009,2.5662
3859,19.7038,9.4439,2.8651
3860,19.7727,8.1451,2.54399
3861,19.8416,7.3496,2.70189
3862,19.9105,6.4813,2.72879
3863,19.9794,6.0069,2.59539
3864,20.0483,8.3982,2.13305
3865,20.1172,8.2705,1.73037
3866,20.1861,7.6911,2.07774
3867,20.255,7.1186,1.68676
3868,20.3239,8.2562,2.18935
3869,20.3928,10.7697,1.74599
3870,20.4617,13.3097,2.02654
3871,20.5306,18.0721,2.99253
3872,20.5995,24.3723,3.13522
3873,20.6683,23.6987,4.56336
3874,20.7372,25.6758,5.75357
3875,20.8061,23.556,7.25659
3876,20.875,24.3898,8.93672
3877,20.9439,22.1181,8.81095
3878,21.0128,17.8538,6.56715
3879,21.0817,16.3197,6.43488
3880,21.1506,15.4303,6.13868
3881,21.2195,16.2964,6.46349
3882,21.2884,16.0195,5.85816
3883,21.3573,18.0755,6.08651
3884,21.4262,19.2926,6.58825
3885,21.4951,17.2184,5.34724
3886,21.564,15.2691,4.19833
3887,21.6329,18.1707,3.45964
3888,21.7018,20.2235,2.9219
3889,21.7707,19.1065,3.04374
3890,21.8396,16.3213,2.51818
3891,21.9084,15.988,2.55986
3892,21.9773,19.037,3.34284
3893,22.0462,17.2064,3.38483
3894,22.1151,18.0655,3.2341
3895,22.184,19.4616,3.64909
3896,22.2529,18.5501,4.17563
3897,22.3218,16.5098,5.38193
3898,22.3907,18.1073,6.37887
3899,22.4596,21.1091,7.92768
3900,22.5285,18.9917,9.76298
3901,22.5974,14.6226,9.78459
3902,22.6663,12.9762,8.92805
3903,22.7352,12.2366,5.94435
3904,22.8041,11.7576,3.46302
3905,22.873,10.215,3.01667
3906,22.9419,8.5526,3.60481
3907,23.0108,10.1196,3.31889
3908,23.0797,10.7248,2.96937
3909,23.1486,9.4293,3.0504
3910,23.2174,8.2974,2.59057
3911,23.2863,8.8301,3.10254
3912,23.3552,8.4228,2.46239
3913,23.4241,10.9561,2.12851
3914,23.493,13.7559,2.22278
3915,23.5619,15.0484,1.19536
3916,23.6308,13.8092,1.9014
3917,23.6997,12.9984,2.05715
3918,23.7686,11.9339,1.16209
3919,23.8375,9.7292,0.93473
3920,23.9064,9.6999,1.36047
3921,23.9753,9.4638,1.61059
3922,24.0442,11.3655,2.11095
3923,24.1131,11.5213,1.88551
3924,24.182,10.4998,2.41852
3925,24.2509,10.2046,2.11879
3926,24.3198,10.8696,2.29986
3927,24.3887,10.579,3.70139
3928,24.4575,10.3391,3.59601
3929,24.5264,9.5629,3.1591
3930,24.5953,10.7177,2.73259
3931,24.6642,8.1283,3.06371
3932,24.7331,8.4536,2.65905
3933,24.802,8.727,2.40187
3934,24.8709,10.135,1.7742
3935,24.9398,11.6292,1.65067
3936,25.0087,13.17,2.13457
3937,25.0776,14.4424,2.94254
3938,25.1465,18.2444,2.95091
3939,25.2154,18.265,3.4124
3940,25.2843,16.9544,4.28859
3941,25.3532,15.6496,4.47104
3942,25.4221,15.4337,4.59997
3943,25.491,15.6684,4.4667
3944,25.5599,16.5772,4.51894
3945,25.6288,14.4704,5.04204
3946,25.6976,10.9615,5.2934
3947,25.7665,8.9998,5.1455
3948,25.8354,7.7414,4.31235
3949,25.9043,8.4248,3.05567
3950,25.9732,6.8845,2.79258
3951,26.0421,5.4821,3.15306
3952,26.111,4.3667,3.06221
3953,26.1799,5.0561,1.67274
3954,26.2488,6.0282,1.58014
3955,26.3177,4.8775,1.49639
3956,26.3866,4.5931,1.96337
3957,26.4555,3.695,1.74541
3958,26.5244,5.0033,1.81661
3959,26.5933,4.0432,1.56209
3960,26.6622,4.8519,1.06154
3961,26.7311,4.8447,0.93735
3962,26.8,4.6425,0.88356
3963,26.8689,4.3386,1.16295
3964,26.9377,6.1178,1.23193
3965,27.0066,5.5546,1.48518
3966,27.0755,4.58,1.5988
3967,27.1444,5.9977,2.1663
3968,27.2133,6.6298,3.13832
3969,27.2822,7.6626,3.23177
3970,27.3511,7.9271,3.66979
3971,27.42,5.2834,3.81624
3972,27.4889,5.0843,2.27418
3973,27.5578,8.4735,2.36274
3974,27.6267,11.2979,3.40827
3975,27.6956,13.1119,4.88194
3976,27.7645,15.7152,4.78083
3977,27.8334,17.2188,4.67524
3978,27.9023,19.9179,5.38467
3979,27.9712,15.4168,5.56718
3980,28.0401,12.6919,3.9303
3981,28.109,12.4033,3.25304
3982,28.1778,11.324,2.41417
3983,28.2467,8.629,2.13349
3984,28.3156,6.3566,2.49145
3985,28.3845,5.4619,1.38997
3986,28.4534,6.388,1.60389
3987,28.5223,8.4076,2.33988
3988,28.5912,7.9034,2.44211
3989,28.6601,7.8883,3.34928
3990,28.729,9.2083,3.38178
3991,28.7979,8.3724,3.69814
3992,28.8668,7.0365,2.57006
3993,28.9357,6.9595,2.10829
3994,29.0046,7.9627,1.76539
3995,29.0735,6.9802,1.28678
3996,29.1424,8.1194,1.65859
3997,29.2113,9.1731,1.43514
3998,29.2802,8.9967,1.62753
3999,29.3491,6.5302,1.81007
4000,29.4179,8.213,2.02896
4001,29.4868,11.6362,2.12577
4002,29.5557,12.177,2.89577
4003,29.6246,14.3744,3.28626
4004,29.6935,14.7258,3.72568
4005,29.7624,13.7731,4.28131
4006,29.8313,12.5913,4.60589
4007,29.9002,13.3021,5.04949
4008,29.9691,12.8918,4.54243
4009,30.038,12.728,4.07565
4010,30.1069,13.388,4.71755
4011,30.1758,14.5283,3.49302
4012,30.2447,14.2347,3.05445
4013,30.3136,17.2188,2.90447
4014,30.3825,13.6638,3.15182
