X0,Y0,X1,Y1,X2,Y2,X3,Y3,X4,Y4
0.0000,2.67442,0.0000,5.94694,0.0000,3.87307,0.0000,1.73724,0.0000,2.70689
0.0689,2.20581,0.0689,7.62044,0.0689,5.06914,0.0689,1.89279,0.0689,2.87069
0.1378,2.64890,0.1378,8.63650,0.1378,4.42309,0.1378,1.77557,0.1378,4.40989
0.2067,1.91619,0.2067,7.61581,0.2067,4.32153,0.2067,1.84539,0.2067,6.53483
0.2756,1.43627,0.2756,5.01735,0.2756,4.95071,0.2756,1.09336,0.2756,6.56655
0.3445,2.02985,0.3445,4.07395,0.3445,5.33442,0.3445,1.16817,0.3445,6.32593
0.4134,3.58299,0.4134,3.84238,0.4134,5.31360,0.4134,1.73948,0.4134,5.40873
0.4823,3.78052,0.4823,2.83438,0.4823,3.85731,0.4823,2.27940,0.4823,4.88354
0.5512,4.91854,0.5512,2.66677,0.5512,2.50750,0.5512,2.55935,0.5512,4.48588
0.6201,4.17134,0.6201,3.41490,0.6201,2.59127,0.6201,2.14957,0.6201,3.14356
0.6889,4.36763,0.6889,3.00434,0.6889,2.66309,0.6889,1.62574,0.6889,2.87294
0.7578,3.27252,0.7578,1.67618,0.7578,2.40888,0.7578,1.96439,0.7578,3.19456
0.8267,2.76071,0.8267,1.36037,0.8267,3.07807,0.8267,2.29153,0.8267,3.70551
0.8956,3.44344,0.8956,2.03066,0.8956,3.29254,0.8956,2.49242,0.8956,3.09023
0.9645,2.21312,0.9645,1.86568,0.9645,3.34454,0.9645,2.86022,0.9645,3.43651
1.0334,2.05835,1.0334,2.26505,1.0334,1.99858,1.0334,2.84612,1.0334,2.39391
1.1023,1.79714,1.1023,2.70761,1.1023,2.43058,1.1023,2.89925,1.1023,2.85981
1.1712,1.28436,1.1712,2.58317,1.1712,2.21662,1.1712,3.55041,1.1712,2.58029
1.2401,1.35521,1.2401,3.44637,1.2401,2.21960,1.2401,3.59578,1.2401,2.28682
1.3090,1.66820,1.3090,4.03362,1.3090,2.07302,1.3090,3.61318,1.3090,1.98469
1.3779,1.53799,1.3779,2.30176,1.3779,1.68601,1.3779,2.54199,1.3779,1.99648
1.4468,1.32941,1.4468,1.78972,1.4468,2.34563,1.4468,2.30454,1.4468,1.72139
1.5157,1.06147,1.5157,2.01476,1.5157,2.53681,1.5157,1.59226,1.5157,1.62164
1.5846,1.32287,1.5846,2.79715,1.5846,3.38987,1.5846,2.37699,1.5846,1.53707
1.6535,1.36639,1.6535,3.32710,1.6535,4.49654,1.6535,2.68943,1.6535,1.32023
1.7224,1.21781,1.7224,3.88834,1.7224,4.19424,1.7224,1.50916,1.7224,1.43131
1.7913,1.02839,1.7913,3.28618,1.7913,2.58288,1.7913,1.65351,1.7913,1.84642
1.8602,0.49279,1.8602,2.79499,1.8602,2.36594,1.8602,2.18925,1.8602,1.74618
1.9290,1.07906,1.9290,3.13849,1.9290,2.52148,1.9290,1.59427,1.9290,1.99323
1.9979,1.26523,1.9979,3.36863,1.9979,2.37557,1.9979,1.79387,1.9979,2.67236
2.0668,1.59106,2.0668,2.41466,2.0668,2.30161,2.0668,1.59733,2.0668,2.55088
2.1357,1.58748,2.1357,2.69637,2.1357,2.30425,2.1357,1.84384,2.1357,2.68034
2.2046,1.99636,2.2046,2.96679,2.2046,3.73873,2.2046,2.22704,2.2046,2.49126
2.2735,1.45614,2.2735,3.31945,2.2735,3.18811,2.2735,1.61012,2.2735,1.74203
2.3424,1.25554,2.3424,3.11624,2.3424,3.90684,2.3424,1.69302,2.3424,1.84463
2.4113,1.70664,2.4113,2.65589,2.4113,3.39795,2.4113,0.99251,2.4113,1.73127
2.4802,1.51934,2.4802,2.57042,2.4802,2.77155,2.4802,0.97133,2.4802,2.13810
2.5491,1.49910,2.5491,2.46386,2.5491,2.34385,2.5491,1.46971,2.5491,2.53229
2.6180,1.20270,2.6180,1.95622,2.6180,1.75866,2.6180,1.04494,2.6180,2.45014
2.6869,0.84040,2.6869,1.79519,2.6869,1.38631,2.6869,0.96668,2.6869,2.40093
2.7558,1.24268,2.7558,1.33433,2.7558,1.98056,2.7558,0.84327,2.7558,3.06159
2.8247,1.81123,2.8247,1.64293,2.8247,1.39847,2.8247,0.81269,2.8247,2.63716
2.8936,1.53775,2.8936,2.04576,2.8936,1.28899,2.8936,0.98577,2.8936,2.43598
2.9625,0.75445,2.9625,1.90682,2.9625,1.47654,2.9625,1.14371,2.9625,2.31195
3.0314,0.84957,3.0314,1.71154,3.0314,1.61042,3.0314,1.43145,3.0314,1.58127
3.1003,1.12353,3.1003,2.30893,3.1003,2.21394,3.1003,1.24071,3.1003,2.01301
3.1691,1.55499,3.1691,2.07000,3.1691,2.83112,3.1691,1.17616,3.1691,2.26415
3.2380,1.09045,3.2380,2.25861,3.2380,2.94416,3.2380,1.66624,3.2380,2.54223
3.3069,1.03336,3.3069,2.79571,3.3069,2.51056,3.3069,2.42666,3.3069,2.70399
3.3758,0.93674,3.3758,2.75614,3.3758,1.92698,3.3758,3.13446,3.3758,2.52422
3.4447,1.69593,3.4447,4.36134,3.4447,2.02677,3.4447,3.77180,3.4447,2.41763
3.5136,1.62215,3.5136,5.13320,3.5136,1.05115,3.5136,3.79473,3.5136,1.89048
3.5825,0.74144,3.5825,4.98789,3.5825,1.05017,3.5825,3.41580,3.5825,2.28490
3.6514,0.89668,3.6514,4.53915,3.6514,1.49522,3.6514,4.91792,3.6514,2.14289
3.7203,0.86093,3.7203,4.46346,3.7203,1.37267,3.7203,3.76377,3.7203,2.91213
3.7892,0.65633,3.7892,4.47418,3.7892,1.10896,3.7892,2.74301,3.7892,3.64479
3.8581,1.53858,3.8581,4.27954,3.8581,1.88925,3.8581,2.00470,3.8581,3.43393
3.9270,2.17910,3.9270,3.73426,3.9270,2.19538,3.9270,1.66633,3.9270,2.54015
3.9959,2.82584,3.9959,3.25669,3.9959,2.33177,3.9959,1.24869,3.9959,2.38294
4.0648,3.91916,4.0648,2.52502,4.0648,1.65881,4.0648,1.19831,4.0648,2.78288
4.1337,3.06788,4.1337,3.03128,4.1337,1.80828,4.1337,1.67409,4.1337,2.56722
4.2026,2.42319,4.2026,3.13934,4.2026,2.49667,4.2026,1.32358,4.2026,3.02094
4.2715,2.46358,4.2715,2.94759,4.2715,3.02950,4.2715,0.79508,4.2715,2.83483
4.3404,2.70199,4.3404,3.15113,4.3404,3.26608,4.3404,0.77453,4.3404,2.73094
4.4092,2.72705,4.4092,2.74879,4.4092,3.18773,4.4092,0.86870,4.4092,3.82752
4.4781,2.98376,4.4781,2.52739,4.4781,2.97803,4.4781,0.84254,4.4781,3.46288
4.5470,3.48247,4.5470,2.69185,4.5470,2.94045,4.5470,1.64006,4.5470,3.79384
4.6159,3.05996,4.6159,2.42705,4.6159,2.89334,4.6159,2.16802,4.6159,4.10881
4.6848,3.01319,4.6848,3.25554,4.6848,1.57085,4.6848,2.00037,4.6848,3.32317
4.7537,1.86742,4.7537,3.07784,4.7537,1.51092,4.7537,3.27153,4.7537,2.99900
4.8226,1.26429,4.8226,4.05075,4.8226,1.69364,4.8226,2.94841,4.8226,3.14924
4.8915,1.44488,4.8915,4.33586,4.8915,2.00087,4.8915,3.56268,4.8915,3.31367
4.9604,1.92806,4.9604,3.43284,4.9604,1.53033,4.9604,5.16047,4.9604,3.52635
5.0293,1.91524,5.0293,2.98747,5.0293,1.37307,5.0293,6.45704,5.0293,3.54209
5.0982,1.96417,5.0982,2.80059,5.0982,0.92937,5.0982,6.56970,5.0982,3.31102
5.1671,1.44481,5.1671,2.62722,5.1671,1.06119,5.1671,4.87583,5.1671,2.92857
5.2360,1.66329,5.2360,2.39670,5.2360,2.15218,5.2360,2.85032,5.2360,2.57422
5.3049,1.23047,5.3049,2.39508,5.3049,2.29923,5.3049,2.62485,5.3049,2.16139
5.3738,1.01065,5.3738,2.47655,5.3738,1.89878,5.3738,3.35227,5.3738,3.20599
5.4427,1.74493,5.4427,1.47007,5.4427,1.91703,5.4427,4.85426,5.4427,4.29287
5.5116,1.51817,5.5116,1.47810,5.5116,2.42263,5.5116,4.36963,5.5116,5.30919
5.5805,1.14783,5.5805,1.37824,5.5805,2.93247,5.5805,4.13292,5.5805,6.21124
5.6493,0.93887,5.6493,1.43964,5.6493,1.82619,5.6493,4.59934,5.6493,5.62617
5.7182,0.98028,5.7182,1.59277,5.7182,2.57536,5.7182,5.06346,5.7182,6.36002
5.7871,1.52816,5.7871,1.91935,5.7871,2.96285,5.7871,5.11783,5.7871,4.59984
5.8560,1.40453,5.8560,1.24043,5.8560,2.54934,5.8560,6.15076,5.8560,3.23655
5.9249,1.15473,5.9249,1.44451,5.9249,2.54915,5.9249,6.24972,5.9249,3.11073
5.9938,1.81678,5.9938,1.81271,5.9938,1.77676,5.9938,4.47599,5.9938,3.03633
6.0627,2.04950,6.0627,1.74441,6.0627,1.69900,6.0627,2.74013,6.0627,1.39228
6.1316,2.39545,6.1316,1.88722,6.1316,2.31203,6.1316,2.14854,6.1316,1.63984
6.2005,2.25392,6.2005,1.86158,6.2005,2.70715,6.2005,1.88219,6.2005,2.05823
6.2694,2.87067,6.2694,1.83280,6.2694,2.93462,6.2694,1.62936,6.2694,1.59209
6.3383,4.94106,6.3383,1.69456,6.3383,3.12137,6.3383,1.71466,6.3383,1.16605
6.4072,6.97089,6.4072,2.52668,6.4072,2.70224,6.4072,2.31811,6.4072,1.12147
6.4761,7.04550,6.4761,2.57957,6.4761,2.63304,6.4761,2.68071,6.4761,0.80188
6.5450,5.82813,6.5450,3.75059,6.5450,2.65043,6.5450,2.42629,6.5450,1.26735
6.6139,4.38162,6.6139,4.09842,6.6139,2.52030,6.6139,2.18185,6.6139,2.27423
6.6828,2.77498,6.6828,4.94065,6.6828,2.69990,6.6828,2.58600,6.6828,3.03202
6.7517,3.58108,6.7517,5.79274,6.7517,2.99978,6.7517,2.86168,6.7517,3.18443
6.8206,4.22657,6.8206,6.57424,6.8206,2.66734,6.8206,2.17371,6.8206,2.21939
6.8895,4.12293,6.8895,6.29539,6.8895,2.72436,6.8895,2.20711,6.8895,2.66323
6.9583,3.58256,6.9583,5.50525,6.9583,2.64571,6.9583,2.50199,6.9583,2.35321
7.0272,2.13132,7.0272,5.58739,7.0272,2.26977,7.0272,2.90728,7.0272,3.50863
7.0961,2.07463,7.0961,4.00418,7.0961,3.14274,7.0961,1.70465,7.0961,5.30125
7.1650,2.44264,7.1650,3.91095,7.1650,3.02891,7.1650,2.35934,7.1650,7.83703
7.2339,1.47267,7.2339,3.72173,7.2339,2.83050,7.2339,1.78454,7.2339,9.88992
7.3028,1.49396,7.3028,3.02760,7.3028,2.91802,7.3028,1.75697,7.3028,10.34002
7.3717,1.04404,7.3717,2.18203,7.3717,3.75892,7.3717,2.18211,7.3717,7.80502
7.4406,1.50734,7.4406,2.84722,7.4406,4.21721,7.4406,2.30278,7.4406,6.62465
7.5095,1.24681,7.5095,4.46751,7.5095,4.44302,7.5095,3.10395,7.5095,6.20500
7.5784,1.56360,7.5784,4.58922,7.5784,3.65755,7.5784,3.24911,7.5784,4.24396
7.6473,2.14002,7.6473,4.96742,7.6473,2.68699,7.6473,3.02187,7.6473,2.48122
7.7162,1.91688,7.7162,4.89288,7.7162,3.35800,7.7162,3.58792,7.7162,1.55036
7.7851,1.70766,7.7851,6.02884,7.7851,2.39761,7.7851,2.46597,7.7851,1.10713
7.8540,2.31236,7.8540,3.44056,7.8540,2.27552,7.8540,2.37071,7.8540,1.54371
7.9229,1.96580,7.9229,2.87643,7.9229,2.91850,7.9229,2.28788,7.9229,0.61646
7.9918,1.85364,7.9918,2.37787,7.9918,2.59839,7.9918,1.37726,7.9918,0.84819
8.0607,1.24531,8.0607,1.60912,8.0607,2.02038,8.0607,1.36181,8.0607,1.05190
8.1296,1.55864,8.1296,1.60300,8.1296,1.66896,8.1296,1.28921,8.1296,1.00885
8.1984,1.84964,8.1984,2.43291,8.1984,1.79842,8.1984,1.33650,8.1984,0.68441
8.2673,1.65553,8.2673,2.24125,8.2673,2.00019,8.2673,1.52416,8.2673,0.58344
8.3362,1.20925,8.3362,2.11539,8.3362,2.62239,8.3362,2.00923,8.3362,1.11316
8.4051,1.19999,8.4051,2.07738,8.4051,3.19767,8.4051,2.57452,8.4051,0.91395
8.4740,1.26788,8.4740,1.78420,8.4740,2.65057,8.4740,5.04309,8.4740,0.69418
8.5429,1.88531,8.5429,1.92660,8.5429,2.76470,8.5429,5.75781,8.5429,1.27210
8.6118,2.51442,8.6118,2.16089,8.6118,2.70329,8.6118,6.24252,8.6118,0.94280
8.6807,3.18606,8.6807,1.76823,8.6807,3.90263,8.6807,6.91626,8.6807,1.24240
8.7496,3.72013,8.7496,1.41110,8.7496,3.29634,8.7496,6.49034,8.7496,1.40757
8.8185,4.11584,8.8185,1.75389,8.8185,2.36686,8.8185,4.99917,8.8185,1.07642
8.8874,3.60206,8.8874,2.70553,8.8874,2.18440,8.8874,3.93830,8.8874,1.41530
8.9563,4.65412,8.9563,3.65490,8.9563,3.32843,8.9563,3.65606,8.9563,1.91298
9.0252,5.89742,9.0252,4.11544,9.0252,2.93974,9.0252,3.90594,9.0252,1.94617
9.0941,5.60267,9.0941,3.62606,9.0941,2.53105,9.0941,3.84864,9.0941,1.16670
9.1630,5.79619,9.1630,3.16346,9.1630,2.52114,9.1630,4.84278,9.1630,1.13937
9.2319,7.86885,9.2319,3.39869,9.2319,2.78154,9.2319,4.31044,9.2319,1.33756
9.3008,7.36966,9.3008,3.97275,9.3008,2.92411,9.3008,4.02445,9.3008,1.15775
9.3697,5.46762,9.3697,4.20722,9.3697,2.70784,9.3697,3.66825,9.3697,1.23833
9.4385,3.92635,9.4385,3.28408,9.4385,2.66555,9.4385,3.08929,9.4385,1.93578
9.5074,3.97118,9.5074,3.12298,9.5074,2.90855,9.5074,2.58989,9.5074,2.56155
9.5763,3.62895,9.5763,3.31322,9.5763,3.26471,9.5763,2.61059,9.5763,2.62717
9.6452,2.82108,9.6452,3.26789,9.6452,3.73082,9.6452,2.48673,9.6452,2.62694
9.7141,2.89007,9.7141,3.38340,9.7141,5.13820,9.7141,2.86642,9.7141,2.68908
9.7830,2.23202,9.7830,3.14055,9.7830,4.73878,9.7830,2.13637,9.7830,2.72136
9.8519,2.48230,9.8519,2.09395,9.8519,5.52262,9.8519,2.14135,9.8519,2.00926
9.9208,1.85437,9.9208,2.19182,9.9208,5.90659,9.9208,1.82181,9.9208,2.37314
9.9897,1.80746,9.9897,2.43903,9.9897,4.80187,9.9897,2.23027,9.9897,2.52811
10.0586,1.85449,10.0586,2.10251,10.0586,4.56312,10.0586,1.13237,10.0586,2.69188
10.1275,1.39619,10.1275,2.57427,10.1275,3.27248,10.1275,1.25972,10.1275,2.13986
10.1964,0.83641,10.1964,2.57405,10.1964,3.20172,10.1964,1.46951,10.1964,2.55966
10.2653,1.23023,10.2653,2.14840,10.2653,3.73872,10.2653,1.15060,10.2653,2.67745
10.3342,1.14931,10.3342,1.93527,10.3342,4.35798,10.3342,1.33564,10.3342,2.82188
10.4031,1.52348,10.4031,1.80908,10.4031,4.34429,10.4031,1.34064,10.4031,2.41000
10.4720,1.19027,10.4720,2.31046,10.4720,4.43961,10.4720,1.29558,10.4720,3.64865
10.5409,1.17962,10.5409,2.42660,10.5409,4.47952,10.5409,1.46926,10.5409,3.20997
10.6098,1.01462,10.6098,2.22186,10.6098,4.67735,10.6098,1.83577,10.6098,3.03105
10.6786,1.19089,10.6786,2.41192,10.6786,2.89758,10.6786,1.19238,10.6786,3.20643
10.7475,1.60441,10.7475,2.83685,10.7475,2.08988,10.7475,1.84086,10.7475,3.47922
10.8164,2.08487,10.8164,3.57810,10.8164,1.58744,10.8164,1.63248,10.8164,3.17782
10.8853,2.33465,10.8853,3.57467,10.8853,1.66345,10.8853,1.61696,10.8853,3.42219
10.9542,2.46819,10.9542,2.82886,10.9542,1.91509,10.9542,2.01677,10.9542,3.46603
11.0231,2.02719,11.0231,2.66835,11.0231,0.80428,11.0231,1.86024,11.0231,2.53304
11.0920,1.53135,11.0920,2.36114,11.0920,0.81916,11.0920,2.15610,11.0920,2.48053
11.1609,1.93818,11.1609,2.81713,11.1609,0.60743,11.1609,1.62024,11.1609,1.74657
11.2298,1.87721,11.2298,2.83991,11.2298,0.48698,11.2298,1.22750,11.2298,1.53464
11.2987,1.87731,11.2987,2.38604,11.2987,0.48006,11.2987,2.05805,11.2987,2.30056
11.3676,1.81102,11.3676,1.92040,11.3676,0.54492,11.3676,2.07909,11.3676,2.90257
11.4365,1.67370,11.4365,2.23038,11.4365,0.65451,11.4365,2.82995,11.4365,2.52498
11.5054,1.59314,11.5054,2.59936,11.5054,0.95901,11.5054,2.56509,11.5054,2.96673
11.5743,1.59875,11.5743,3.00368,11.5743,0.93072,11.5743,3.31795,11.5743,3.04469
11.6432,2.03087,11.6432,2.57970,11.6432,0.23353,11.6432,4.66097,11.6432,2.46906
11.7121,2.03836,11.7121,3.26094,11.7121,0.93435,11.7121,3.66651,11.7121,1.88303
11.7810,2.38081,11.7810,3.67665,11.7810,0.95664,11.7810,3.50444,11.7810,2.10946
11.8499,3.28173,11.8499,3.39775,11.8499,1.40839,11.8499,2.95043,11.8499,1.42949
11.9187,2.73541,11.9187,2.59885,11.9187,1.35378,11.9187,2.94501,11.9187,1.51043
11.9876,2.45270,11.9876,2.68059,11.9876,0.90233,11.9876,3.69209,11.9876,2.10904
12.0565,3.51383,12.0565,2.53642,12.0565,0.69714,12.0565,3.06850,12.0565,3.13790
12.1254,3.39347,12.1254,2.14302,12.1254,0.74932,12.1254,2.63763,12.1254,3.20309
12.1943,3.23318,12.1943,1.64361,12.1943,1.43689,12.1943,2.06347,12.1943,3.78964
12.2632,3.42958,12.2632,1.78620,12.2632,1.36928,12.2632,2.39550,12.2632,3.21906
12.3321,3.18742,12.3321,1.69700,12.3321,1.63539,12.3321,1.47647,12.3321,3.37160
12.4010,3.19581,12.4010,1.62029,12.4010,1.37559,12.4010,1.23338,12.4010,3.73656
12.4699,2.25180,12.4699,1.89549,12.4699,1.05433,12.4699,2.06263,12.4699,3.37014
12.5388,1.98573,12.5388,2.10698,12.5388,0.83335,12.5388,1.45487,12.5388,2.70217
12.6077,2.17906,12.6077,1.98134,12.6077,0.72354,12.6077,2.11228,12.6077,2.55475
12.6766,2.02031,12.6766,2.12385,12.6766,1.51079,12.6766,1.84202,12.6766,2.54417
12.7455,2.08539,12.7455,1.56327,12.7455,2.17267,12.7455,1.87710,12.7455,3.55770
12.8144,1.67336,12.8144,1.27625,12.8144,2.30871,12.8144,2.56131,12.8144,3.56046
12.8833,1.49522,12.8833,1.16186,12.8833,2.07695,12.8833,3.18709,12.8833,6.02714
12.9522,1.58949,12.9522,1.85466,12.9522,1.79431,12.9522,3.54235,12.9522,6.72560
13.0211,1.91257,13.0211,2.53291,13.0211,2.51930,13.0211,4.05528,13.0211,7.11226
13.0900,1.68159,13.0900,2.52033,13.0900,2.98019,13.0900,3.69307,13.0900,5.97894
13.1588,1.59387,13.1588,3.21618,13.1588,2.82774,13.1588,3.25156,13.1588,6.13932
13.2277,1.69645,13.2277,2.99836,13.2277,2.56184,13.2277,2.39501,13.2277,5.71953
13.2966,1.92119,13.2966,1.73466,13.2966,2.66519,13.2966,2.16684,13.2966,5.39392
13.3655,1.69118,13.3655,1.05638,13.3655,2.54422,13.3655,1.91841,13.3655,5.51104
13.4344,1.54117,13.4344,1.61303,13.4344,2.51454,13.4344,1.73585,13.4344,5.54038
13.5033,1.11962,13.5033,1.72340,13.5033,2.10415,13.5033,1.82821,13.5033,3.98318
13.5722,1.15532,13.5722,1.51428,13.5722,2.32663,13.5722,2.04442,13.5722,3.40811
13.6411,2.26129,13.6411,1.50553,13.6411,1.57385,13.6411,2.19162,13.6411,2.24383
13.7100,1.71343,13.7100,2.60122,13.7100,1.35763,13.7100,2.29717,13.7100,2.12998
13.7789,2.49678,13.7789,2.91382,13.7789,2.01397,13.7789,1.93824,13.7789,3.40632
13.8478,2.03099,13.8478,2.91879,13.8478,1.67576,13.8478,2.72925,13.8478,3.10060
13.9167,2.39061,13.9167,2.45944,13.9167,1.18921,13.9167,2.58464,13.9167,3.35191
13.9856,3.16329,13.9856,2.43168,13.9856,1.43948,13.9856,2.01958,13.9856,3.44973
14.0545,3.57595,14.0545,2.19880,14.0545,2.12527,14.0545,2.72260,14.0545,4.11104
14.1234,5.23847,14.1234,2.02704,14.1234,1.45452,14.1234,1.97401,14.1234,4.14939
14.1923,6.40927,14.1923,1.88845,14.1923,1.52873,14.1923,2.49386,14.1923,3.37930
14.2612,5.74443,14.2612,1.98538,14.2612,1.47571,14.2612,2.19830,14.2612,3.42366
14.3301,4.30940,14.3301,2.36544,14.3301,2.22031,14.3301,1.91699,14.3301,2.50351
14.3990,3.54063,14.3990,2.19958,14.3990,2.47395,14.3990,2.38583,14.3990,1.98682
14.4678,2.80070,14.4678,2.12251,14.4678,2.68467,14.4678,2.02429,14.4678,1.85268
14.5367,2.54032,14.5367,1.67371,14.5367,2.26659,14.5367,1.48831,14.5367,1.79032
14.6056,1.91140,14.6056,1.00559,14.6056,2.87885,14.6056,1.70928,14.6056,1.90469
14.6745,1.92843,14.6745,1.23287,14.6745,2.76809,14.6745,2.16206,14.6745,2.84732
14.7434,2.34382,14.7434,0.85956,14.7434,1.84270,14.7434,1.96441,14.7434,2.66199
14.8123,3.34148,14.8123,1.86877,14.8123,2.08542,14.8123,2.11835,14.8123,2.97391
14.8812,4.12936,14.8812,1.65327,14.8812,2.80100,14.8812,1.79015,14.8812,3.70905
14.9501,4.73940,14.9501,1.49916,14.9501,2.51195,14.9501,1.46955,14.9501,3.67609
15.0190,4.95281,15.0190,1.35520,15.0190,2.22697,15.0190,1.60840,15.0190,4.06606
15.0879,4.93675,15.0879,1.64342,15.0879,2.47208,15.0879,1.09583,15.0879,3.29673
15.1568,3.54998,15.1568,1.19044,15.1568,2.12195,15.1568,1.38246,15.1568,4.62825
15.2257,2.89632,15.2257,1.84695,15.2257,3.00317,15.2257,1.84687,15.2257,5.78122
15.2946,2.27619,15.2946,1.87264,15.2946,3.07027,15.2946,1.94853,15.2946,5.87022
15.3635,2.99114,15.3635,3.18612,15.3635,2.57517,15.3635,2.54419,15.3635,6.60977
15.4324,2.40242,15.4324,3.63059,15.4324,2.77490,15.4324,2.13790,15.4324,7.31598
15.5013,2.40417,15.5013,3.43818,15.5013,2.69827,15.5013,3.11287,15.5013,6.45972
15.5702,3.12379,15.5702,2.41810,15.5702,2.36078,15.5702,2.85433,15.5702,6.01894
15.6391,3.30720,15.6391,2.09154,15.6391,2.81132,15.6391,3.74054,15.6391,5.16583
15.7079,2.79989,15.7079,1.90298,15.7079,1.96607,15.7079,2.96100,15.7079,4.92249
15.7768,2.87199,15.7768,1.47985,15.7768,2.21030,15.7768,3.23415,15.7768,4.04506
15.8457,1.95295,15.8457,1.59134,15.8457,1.85016,15.8457,3.00159,15.8457,3.31028
15.9146,1.83148,15.9146,1.47357,15.9146,1.67219,15.9146,3.12929,15.9146,2.76633
15.9835,1.85818,15.9835,1.35292,15.9835,1.43710,15.9835,2.52409,15.9835,1.78386
16.0524,2.40333,16.0524,0.85563,16.0524,0.91856,16.0524,2.37120,16.0524,2.75509
16.1213,1.55962,16.1213,1.02932,16.1213,1.00721,16.1213,2.65720,16.1213,3.05740
16.1902,1.42523,16.1902,0.87060,16.1902,1.16830,16.1902,2.92942,16.1902,2.60230
16.2591,1.48202,16.2591,1.37272,16.2591,1.49787,16.2591,1.92710,16.2591,2.97886
16.3280,1.42184,16.3280,0.94884,16.3280,0.75480,16.3280,1.74716,16.3280,2.29777
16.3969,1.21933,16.3969,1.45168,16.3969,0.54166,16.3969,1.98148,16.3969,2.75367
16.4658,0.90087,16.4658,1.06474,16.4658,0.68409,16.4658,1.64624,16.4658,2.43675
16.5347,0.89618,16.5347,1.26708,16.5347,1.29114,16.5347,1.51118,16.5347,2.88018
16.6036,0.81104,16.6036,0.89944,16.6036,0.61981,16.6036,1.90575,16.6036,2.15292
16.6725,0.73116,16.6725,0.71046,16.6725,0.80447,16.6725,2.17326,16.6725,2.67717
16.7414,0.83680,16.7414,0.74106,16.7414,0.75761,16.7414,3.44158,16.7414,4.00174
16.8103,0.59180,16.8103,1.25818,16.8103,0.61617,16.8103,3.72731,16.8103,3.70066
16.8792,1.02718,16.8792,1.25768,16.8792,0.69134,16.8792,2.90619,16.8792,2.54617
16.9480,0.73567,16.9480,0.93808,16.9480,0.49672,16.9480,3.12686,16.9480,2.69414
17.0169,0.75955,17.0169,0.96829,17.0169,1.28465,17.0169,3.37693,17.0169,2.41714
17.0858,1.21386,17.0858,0.69352,17.0858,0.66107,17.0858,3.61517,17.0858,2.09626
17.1547,1.29870,17.1547,0.96001,17.1547,0.85847,17.1547,3.31244,17.1547,1.88760
17.2236,1.41216,17.2236,0.72138,17.2236,0.93954,17.2236,2.90908,17.2236,1.91245
17.2925,1.56671,17.2925,1.33252,17.2925,1.14561,17.2925,2.55220,17.2925,2.12101
17.3614,1.94298,17.3614,1.04936,17.3614,1.36292,17.3614,2.06611,17.3614,1.60871
17.4303,3.09491,17.4303,0.75616,17.4303,2.05952,17.4303,1.49749,17.4303,2.10031
17.4992,4.24830,17.4992,0.42832,17.4992,1.50195,17.4992,1.51693,17.4992,2.12678
17.5681,5.62659,17.5681,0.99666,17.5681,1.37457,17.5681,1.52416,17.5681,2.18868
17.6370,4.95877,17.6370,1.21763,17.6370,1.81184,17.6370,1.92026,17.6370,2.32294
17.7059,4.89746,17.7059,1.66825,17.7059,1.72168,17.7059,1.24901,17.7059,2.03453
17.7748,3.66843,17.7748,1.54603,17.7748,2.11426,17.7748,1.51070,17.7748,2.46459
17.8437,3.52157,17.8437,1.83832,17.8437,2.33098,17.8437,1.40117,17.8437,2.10398
17.9126,3.25351,17.9126,2.16608,17.9126,2.16164,17.9126,2.11571,17.9126,1.47195
17.9815,3.82985,17.9815,2.30969,17.9815,4.20140,17.9815,2.86500,17.9815,1.67844
18.0504,4.06433,18.0504,1.99182,18.0504,4.83751,18.0504,3.43787,18.0504,2.05230
18.1193,4.53035,18.1193,2.00846,18.1193,5.30284,18.1193,2.58555,18.1193,2.81530
18.1881,3.75820,18.1881,2.25540,18.1881,4.64647,18.1881,2.51526,18.1881,2.60762
18.2570,3.12299,18.2570,2.85344,18.2570,4.97480,18.2570,2.24834,18.2570,2.54167
18.3259,3.20436,18.3259,3.74962,18.3259,5.52661,18.3259,1.80197,18.3259,1.88562
18.3948,2.73073,18.3948,3.66912,18.3948,4.97424,18.3948,2.06045,18.3948,2.70450
18.4637,3.13402,18.4637,4.68834,18.4637,4.03097,18.4637,2.13194,18.4637,3.32516
18.5326,2.26009,18.5326,5.39630,18.5326,3.52229,18.5326,0.83886,18.5326,3.30226
18.6015,2.28422,18.6015,6.18588,18.6015,3.42834,18.6015,1.84104,18.6015,3.79667
18.6704,3.03323,18.6704,5.70305,18.6704,2.43097,18.6704,2.00193,18.6704,5.13750
18.7393,4.10487,18.7393,4.65571,18.7393,2.24661,18.7393,2.41278,18.7393,5.22009
18.8082,4.45705,18.8082,4.80462,18.8082,2.39866,18.8082,2.55269,18.8082,4.02773
18.8771,2.84194,18.8771,4.13438,18.8771,1.87184,18.8771,2.34239,18.8771,1.81789
18.9460,2.58244,18.9460,4.15409,18.9460,2.31247,18.9460,3.13402,18.9460,2.46161
19.0149,2.67708,19.0149,3.59648,19.0149,1.51917,19.0149,4.34497,19.0149,1.85920
19.0838,2.74081,19.0838,3.87133,19.0838,1.70201,19.0838,4.52036,19.0838,1.82753
19.1527,2.30299,19.1527,4.69695,19.1527,2.09969,19.1527,4.71255,19.1527,1.59583
19.2216,2.16732,19.2216,5.14929,19.2216,1.87190,19.2216,5.18661,19.2216,2.16781
19.2905,2.13726,19.2905,4.33658,19.2905,1.23796,19.2905,4.92106,19.2905,2.20543
19.3594,2.21275,19.3594,3.83486,19.3594,1.23430,19.3594,4.06893,19.3594,1.36875
19.4282,2.64287,19.4282,3.79275,19.4282,0.98546,19.4282,4.23054,19.4282,1.75619
19.4971,2.59220,19.4971,4.62338,19.4971,1.28063,19.4971,3.50605,19.4971,2.12219
19.5660,3.05228,19.5660,3.15400,19.5660,0.74142,,,19.5660,1.19093
19.6349,2.89329,19.6349,4.50773,19.6349,0.92260,,,19.6349,1.45307
19.7038,2.80430,19.7038,4.58527,19.7038,1.25602,,,19.7038,2.03843
19.7727,2.88779,19.7727,4.76251,19.7727,1.17927,,,19.7727,2.61387
19.8416,2.24805,19.8416,4.04209,19.8416,1.42206,,,19.8416,2.53022
19.9105,3.62798,19.9105,2.97337,19.9105,1.36446,,,19.9105,2.73487
19.9794,3.79550,19.9794,2.54092,19.9794,1.68922,,,19.9794,3.18833
20.0483,3.82918,20.0483,3.37567,20.0483,1.19288,,,20.0483,3.07323
20.1172,3.78766,20.1172,3.29923,20.1172,0.54263,,,20.1172,2.00774
20.1861,4.05130,20.1861,4.60393,20.1861,1.52214,,,20.1861,2.12169
20.2550,4.27444,20.2550,4.72788,20.2550,1.11139,,,20.2550,2.29310
20.3239,4.12467,20.3239,4.45500,20.3239,1.71496,,,20.3239,2.75543
20.3928,3.90636,20.3928,3.68601,20.3928,1.80960,,,20.3928,1.95146
20.4617,3.94025,20.4617,2.45983,20.4617,1.45551,,,20.4617,1.63431
20.5306,3.59589,20.5306,2.28911,20.5306,1.90366,,,20.5306,1.97498
20.5995,2.97041,20.5995,1.88854,20.5995,2.86009,,,20.5995,1.91316
20.6684,3.10688,20.6684,1.26087,20.6684,3.37560,,,20.6684,1.17892
20.7372,3.61087,20.7372,1.59603,20.7372,2.53184,,,20.7372,1.86840
20.8061,3.27251,20.8061,1.17111,20.8061,2.01924,,,20.8061,1.44555
20.8750,4.34746,20.8750,1.29612,20.8750,2.17465,,,20.8750,1.58711
20.9439,4.34754,20.9439,1.72067,20.9439,1.96667,,,20.9439,1.38743
21.0128,3.76096,21.0128,2.08162,21.0128,1.94774,,,21.0128,1.45530
21.0817,2.45617,21.0817,1.43254,21.0817,2.24286,,,21.0817,1.07742
21.1506,2.51827,21.1506,2.09508,21.1506,2.36618,,,21.1506,0.83840
21.2195,1.90751,21.2195,1.66500,21.2195,2.27323,,,21.2195,1.37428
21.2884,2.06650,21.2884,2.16959,21.2884,2.17325,,,21.2884,1.34370
21.3573,1.99554,21.3573,3.04643,21.3573,1.89381,,,21.3573,2.01248
21.4262,1.79553,21.4262,2.74213,21.4262,1.08744,,,21.4262,1.86461
21.4951,1.35481,21.4951,2.82417,21.4951,1.38213,,,21.4951,2.21182
21.5640,1.28553,21.5640,3.86604,21.5640,1.27055,,,21.5640,2.91542
21.6329,1.24770,21.6329,3.57441,21.6329,1.16665,,,21.6329,1.81054
21.7018,1.14473,21.7018,3.21299,21.7018,1.53384,,,21.7018,1.79535
21.7707,1.71629,21.7707,3.40641,21.7707,1.55952,,,21.7707,1.59496
21.8396,1.44048,21.8396,4.05148,21.8396,1.73168,,,21.8396,1.94634
21.9085,1.32776,21.9085,4.76732,21.9085,2.16668,,,21.9085,1.80658
21.9773,1.50852,21.9773,4.59559,21.9773,2.49580,,,21.9773,1.86649
22.0462,1.90782,22.0462,4.10540,22.0462,1.86451,,,22.0462,1.81416
22.1151,1.59653,22.1151,4.62848,22.1151,2.19423,,,22.1151,1.92592
22.1840,1.61367,22.1840,4.65313,22.1840,2.40305,,,22.1840,1.97130
22.2529,0.94548,22.2529,4.17589,22.2529,2.27714,,,22.2529,2.02735
22.3218,1.27115,22.3218,4.02789,22.3218,2.28165,,,22.3218,1.94953
22.3907,1.65944,22.3907,2.73365,22.3907,2.31881,,,22.3907,2.33475
22.4596,0.87500,22.4596,4.57946,22.4596,3.22498,,,22.4596,3.50218
22.5285,1.07257,22.5285,5.03365,22.5285,2.58469,,,22.5285,5.72594
22.5974,2.20500,22.5974,4.18838,22.5974,2.61189,,,22.5974,6.40352
22.6663,1.50442,22.6663,3.51131,22.6663,2.79508,,,22.6663,6.11101
22.7352,2.52723,22.7352,3.30930,22.7352,2.94080,,,22.7352,5.31004
22.8041,2.18275,22.8041,3.53679,22.8041,3.18031,,,22.8041,3.30994
22.8730,1.98669,22.8730,4.14030,22.8730,2.69917,,,22.8730,3.16155
22.9419,1.63463,22.9419,4.75290,22.9419,2.43820,,,22.9419,2.62074
23.0108,1.36283,23.0108,4.42876,23.0108,2.45469,,,23.0108,1.79399
23.0797,1.74550,23.0797,3.53476,23.0797,1.80977,,,23.0797,1.58384
23.1486,2.30032,23.1486,3.71273,23.1486,2.15365,,,23.1486,1.77591
23.2174,3.22430,23.2174,4.05240,23.2174,3.06291,,,23.2174,1.62703
23.2863,3.83094,23.2863,3.73452,23.2863,2.82242,,,23.2863,2.28889
23.3552,3.65600,23.3552,3.32802,23.3552,2.31364,,,23.3552,2.29031
23.4241,2.25144,23.4241,3.66257,23.4241,2.09044,,,23.4241,1.94749
23.4930,2.60792,23.4930,3.88078,23.4930,2.27423,,,23.4930,1.43275
23.5619,2.33675,23.5619,3.75665,23.5619,2.02830,,,23.5619,2.55465
23.6308,1.87559,23.6308,4.19543,23.6308,2.20684,,,23.6308,2.23990
23.6997,1.60854,23.6997,4.31575,23.6997,2.92718,,,23.6997,1.62855
23.7686,1.57174,23.7686,3.61743,23.7686,2.48075,,,23.7686,2.19815
23.8375,1.62831,23.8375,2.76444,23.8375,2.35956,,,23.8375,3.36770
23.9064,1.73216,23.9064,1.96263,23.9064,2.56080,,,23.9064,2.39424
23.9753,2.22446,23.9753,1.48601,23.9753,2.21793,,,23.9753,2.15108
24.0442,2.26351,24.0442,1.56649,24.0442,2.87714,,,24.0442,1.98191
24.1131,2.68935,24.1131,1.77928,24.1131,2.38361,,,24.1131,1.95886
24.1820,3.25241,24.1820,1.32888,24.1820,1.83698,,,24.1820,2.00057
24.2509,2.62893,24.2509,2.33226,24.2509,3.27561,,,24.2509,1.26338
24.3198,2.38007,24.3198,2.40646,24.3198,3.17713,,,24.3198,1.72236
24.3887,2.34292,24.3887,1.69325,24.3887,3.36023,,,24.3887,2.26949
24.4575,3.58536,24.4575,1.75777,24.4575,3.12662,,,24.4575,2.34716
24.5264,1.87458,24.5264,2.02181,24.5264,2.61096,,,24.5264,2.89700
24.5953,1.25698,24.5953,1.77065,24.5953,2.90504,,,24.5953,2.53434
24.6642,2.52342,24.6642,1.79463,24.6642,3.17167,,,24.6642,2.49477
24.7331,2.62867,24.7331,2.24613,24.7331,3.47137,,,24.7331,2.79852
24.8020,2.67155,24.8020,2.04242,24.8020,3.36930,,,24.8020,2.64254
24.8709,2.56121,24.8709,2.33102,24.8709,4.10841,,,24.8709,3.46775
24.9398,2.62455,24.9398,2.50480,24.9398,4.28190,,,24.9398,2.83168
25.0087,3.02624,25.0087,2.72669,25.0087,4.46380,,,25.0087,3.09787
25.0776,2.41902,25.0776,3.50289,25.0776,3.58912,,,25.0776,2.90230
25.1465,2.29838,25.1465,4.84719,25.1465,2.97706,,,25.1465,2.77683
25.2154,2.55074,25.2154,5.72366,25.2154,2.44034,,,25.2154,2.74971
25.2843,2.49656,25.2843,5.27375,25.2843,2.38584,,,25.2843,1.65170
25.3532,2.22197,25.3532,5.89019,25.3532,2.10490,,,25.3532,1.78784
25.4221,2.11524,25.4221,4.65008,25.4221,2.92012,,,25.4221,1.51217
25.4910,1.64836,25.4910,3.64734,25.4910,3.13539,,,25.4910,1.52879
25.5599,2.05296,25.5599,3.14101,25.5599,3.79526,,,25.5599,1.52126
25.6288,1.59386,25.6288,3.88014,25.6288,4.45966,,,25.6288,1.74744
25.6976,1.34743,25.6976,3.30013,25.6976,4.48343,,,25.6976,1.86862
25.7665,1.57919,25.7665,3.07391,25.7665,3.51485,,,25.7665,2.12309
25.8354,2.01610,25.8354,3.87112,25.8354,4.95673,,,25.8354,2.73716
25.9043,1.86195,25.9043,3.10164,25.9043,6.00456,,,25.9043,2.74847
25.9732,1.49739,25.9732,4.40192,25.9732,6.17248,,,25.9732,2.64119
26.0421,1.92465,26.0421,4.95888,26.0421,6.31356,,,26.0421,3.50342
26.1110,1.51050,26.1110,5.83251,26.1110,5.72994,,,26.1110,3.38293
26.1799,2.08781,26.1799,4.45285,26.1799,4.40799,,,26.1799,2.89149
26.2488,2.20676,26.2488,3.84501,26.2488,2.92310,,,26.2488,2.65207
26.3177,1.55369,26.3177,2.73747,26.3177,2.79008,,,26.3177,1.86155
26.3866,1.77341,26.3866,2.12800,26.3866,1.86616,,,26.3866,1.88927
26.4555,2.13963,26.4555,2.22006,26.4555,2.14945,,,26.4555,1.88450
26.5244,2.16628,26.5244,2.42442,26.5244,2.49135,,,26.5244,1.19368
26.5933,2.00627,26.5933,2.35399,26.5933,2.41278,,,26.5933,1.54828
26.6622,2.09798,26.6622,1.90972,26.6622,2.47789,,,26.6622,1.51873
26.7311,1.89958,26.7311,2.96615,26.7311,2.74864,,,26.7311,1.33904
26.8000,2.00262,26.8000,1.81110,26.8000,2.98221,,,26.8000,1.85659
26.8689,1.98920,26.8689,2.34520,26.8689,3.18146,,,26.8689,2.53437
26.9377,1.46325,26.9377,3.00187,26.9377,2.69827,,,26.9377,2.03481
27.0066,1.46263,27.0066,3.34646,27.0066,2.95227,,,27.0066,2.08695
27.0755,2.00078,27.0755,3.37884,27.0755,2.89522,,,27.0755,1.94753
27.1444,0.86496,27.1444,5.11908,27.1444,2.33703,,,27.1444,1.44865
27.2133,1.50028,27.2133,5.19658,27.2133,2.50110,,,27.2133,2.17048
27.2822,1.96384,27.2822,5.24922,27.2822,1.82446,,,27.2822,1.45073
27.3511,1.49651,27.3511,5.06757,27.3511,2.03738,,,27.3511,1.62270
27.4200,2.23824,27.4200,5.44144,27.4200,1.83244,,,27.4200,1.97362
27.4889,2.43211,27.4889,4.52734,27.4889,1.94959,,,27.4889,2.52952
27.5578,2.49140,27.5578,3.58117,27.5578,1.82107,,,27.5578,3.10847
27.6267,2.50823,27.6267,3.61715,27.6267,2.76428,,,27.6267,3.12163
27.6956,2.35022,27.6956,4.22482,27.6956,2.59751,,,27.6956,2.27317
27.7645,2.95600,27.7645,3.88039,27.7645,2.91171,,,27.7645,2.31850
27.8334,4.92963,27.8334,3.20618,27.8334,2.82607,,,27.8334,2.46816
27.9023,4.40479,27.9023,3.36676,27.9023,3.36326,,,27.9023,2.21701
27.9712,3.79763,27.9712,3.10711,27.9712,3.06430,,,27.9712,1.76243
28.0401,2.77088,28.0401,3.28851,28.0401,4.25961,,,28.0401,1.82071
28.1090,1.90158,28.1090,2.78557,28.1090,4.39145,,,28.1090,1.92936
28.1779,2.05152,28.1779,3.25033,28.1779,5.03693,,,28.1779,1.79663
28.2467,2.09542,28.2467,3.08469,28.2467,5.28963,,,28.2467,2.17062
28.3156,2.13823,28.3156,2.98632,28.3156,5.06512,,,28.3156,1.79513
28.3845,1.67526,28.3845,3.65228,28.3845,4.69609,,,28.3845,1.74404
28.4534,1.84324,28.4534,4.53056,28.4534,4.18926,,,28.4534,1.66058
28.5223,1.39942,28.5223,5.02446,28.5223,2.88964,,,28.5223,1.46780
28.5912,2.23086,28.5912,4.31314,28.5912,3.49991,,,28.5912,1.09318
28.6601,2.27177,28.6601,4.45625,28.6601,2.07517,,,28.6601,1.29622
28.7290,2.48843,28.7290,4.63546,28.7290,1.68550,,,28.7290,1.43574
28.7979,1.98703,28.7979,4.29476,28.7979,2.28979,,,28.7979,1.64850
28.8668,1.26827,28.8668,3.62050,28.8668,2.29154,,,28.8668,1.90399
28.9357,1.63572,28.9357,2.12161,28.9357,2.52794,,,28.9357,1.95977
29.0046,2.12669,29.0046,1.87232,29.0046,3.95207,,,29.0046,1.88225
29.0735,1.19064,29.0735,2.08258,29.0735,5.67651,,,29.0735,2.15907
29.1424,1.07756,29.1424,1.98572,29.1424,7.49713,,,29.1424,1.96332
29.2113,2.00682,29.2113,2.48730,29.2113,7.75147,,,29.2113,2.37745
29.2802,2.51070,29.2802,1.59304,29.2802,7.15713,,,29.2802,2.63727
29.3491,3.24926,29.3491,1.66469,29.3491,5.86054,,,29.3491,3.14813
29.4180,3.55721,29.4180,2.13599,29.4180,4.30761,,,29.4180,3.42701
29.4868,2.23452,29.4868,1.43152,29.4868,3.51000,,,29.4868,3.39244
29.5557,1.85182,29.5557,1.54704,29.5557,3.32404,,,29.5557,3.05670
29.6246,1.87089,29.6246,2.00549,29.6246,3.75151,,,29.6246,2.98904
29.6935,2.19987,29.6935,2.11238,29.6935,2.78737,,,29.6935,2.98679
29.7624,2.36584,29.7624,2.78882,29.7624,2.56403,,,29.7624,3.28957
29.8313,2.32861,29.8313,2.78889,29.8313,1.84753,,,29.8313,3.06662
29.9002,3.18854,29.9002,3.88683,29.9002,1.87332,,,29.9002,3.24284
29.9691,3.74204,29.9691,4.61629,29.9691,2.00594,,,29.9691,2.42070
30.0380,3.21436,30.0380,4.81291,30.0380,1.69626,,,30.0380,1.68861
30.1069,3.15851,30.1069,5.07250,30.1069,1.81944,,,30.1069,1.73401
30.1758,3.04725,30.1758,5.76145,30.1758,1.69971,,,30.1758,2.21602
30.2447,3.23148,30.2447,5.46883,30.2447,1.52300,,,30.2447,2.50735
30.3136,3.05553,30.3136,5.51261,30.3136,1.96545,,,30.3136,2.55807
30.3825,2.81050,30.3825,4.94988,30.3825,2.21701,,,30.3825,2.32751
30.4514,2.82940,30.4514,3.95339,30.4514,1.96745,,,30.4514,1.96671
30.5203,2.41183,30.5203,2.89776,30.5203,2.78674,,,30.5203,1.70574
30.5892,2.58803,30.5892,2.50574,30.5892,3.02370,,,30.5892,2.80015
30.6581,2.82694,30.6581,2.03321,30.6581,2.41674,,,30.6581,2.95251
30.7269,2.62329,30.7269,2.22716,30.7269,2.17863,,,30.7269,3.52984
30.7958,2.50986,30.7958,3.10677,30.7958,3.00718,,,30.7958,4.00268
30.8647,1.52924,30.8647,3.06535,30.8647,2.94777,,,30.8647,3.57820
30.9336,1.01974,30.9336,2.57941,30.9336,2.92444,,,30.9336,3.27362
31.0025,1.43476,31.0025,2.00692,31.0025,3.81409,,,31.0025,3.60376
31.0714,1.62154,31.0714,1.72562,31.0714,4.09266,,,31.0714,2.48616
31.1403,1.35189,31.1403,1.45244,31.1403,3.35173,,,31.1403,3.72526
31.2092,1.78864,31.2092,1.45769,31.2092,2.93664,,,31.2092,2.85793
31.2781,2.24330,31.2781,1.85379,31.2781,1.61942,,,31.2781,2.53468
31.3470,2.30355,31.3470,1.89255,31.3470,1.90836,,,31.3470,2.96637
31.4159,1.78251,31.4159,1.35251,31.4159,1.77808,,,31.4159,3.24841
31.4848,2.43141,31.4848,0.98667,31.4848,1.60660,,,31.4848,3.64140
31.5537,1.55454,31.5537,1.17023,31.5537,1.46218,,,31.5537,2.97635
31.6226,1.78440,31.6226,0.77076,31.6226,1.33034,,,31.6226,3.07050
31.6915,2.32872,31.6915,0.80305,31.6915,1.16521,,,31.6915,3.45800
31.7604,3.05657,31.7604,1.22441,31.7604,1.51648,,,31.7604,3.36299
31.8293,2.99653,31.8293,1.31806,31.8293,1.19287,,,31.8293,3.47032
31.8982,2.57415,31.8982,1.09374,31.8982,1.74966,,,31.8982,4.73498
31.9670,2.67273,31.9670,1.30994,31.9670,2.20850,,,31.9670,5.28795
32.0359,3.14488,32.0359,1.39832,32.0359,1.45652,,,32.0359,3.78735
32.1048,3.01446,32.1048,2.21355,32.1048,2.15877,,,32.1048,2.57412
32.1737,3.80703,32.1737,2.90231,32.1737,3.03092,,,32.1737,1.55143
32.2426,3.39829,32.2426,2.47305,32.2426,2.57001,,,32.2426,1.58681
32.3115,2.92539,32.3115,2.84173,32.3115,2.15168,,,32.3115,2.35535
32.3804,3.15340,32.3804,2.16140,32.3804,2.30377,,,32.3804,1.84739
32.4493,3.72516,32.4493,1.59520,32.4493,2.23524,,,32.4493,1.62222
32.5182,5.08735,32.5182,1.70176,32.5182,1.85712,,,32.5182,1.32017
32.5871,4.05985,32.5871,1.60809,32.5871,2.56799,,,32.5871,1.85643
32.6560,4.41663,32.6560,1.84433,32.6560,2.13147,,,32.6560,2.30367
32.7249,5.75670,32.7249,2.21263,32.7249,2.89889,,,32.7249,2.12837
32.7938,4.75324,32.7938,1.19203,32.7938,3.56872,,,32.7938,1.81109
32.8627,3.80900,32.8627,1.16651,32.8627,2.38298,,,32.8627,1.67130
32.9316,2.49637,32.9316,1.51022,32.9316,2.12205,,,32.9316,3.15754
33.0005,2.64859,33.0005,1.72577,33.0005,1.87634,,,33.0005,3.53504
33.0694,2.96733,33.0694,1.95505,33.0694,1.46285,,,33.0694,3.91515
33.1383,2.74823,33.1383,1.30735,33.1383,1.94043,,,33.1383,5.18781
33.2071,2.83143,33.2071,1.89039,33.2071,2.51050,,,33.2071,4.66524
33.2760,2.91029,33.2760,1.74909,33.2760,1.38231,,,33.2760,5.14329
33.3449,3.01024,33.3449,2.00113,33.3449,0.86091,,,33.3449,5.33245
33.4138,3.22963,33.4138,2.08777,33.4138,1.18004,,,33.4138,3.89449
33.4827,3.07771,33.4827,2.65403,33.4827,1.71189,,,33.4827,3.44296
33.5516,2.52038,33.5516,3.16426,33.5516,2.44731,,,33.5516,2.31328
33.6205,2.89464,33.6205,3.46951,33.6205,2.27814,,,33.6205,1.15913
33.6894,3.46058,33.6894,3.35893,33.6894,2.38484,,,33.6894,1.23418
33.7583,2.64225,33.7583,2.57268,33.7583,2.59394,,,33.7583,0.97298
33.8272,2.91859,33.8272,2.85171,33.8272,3.60849,,,33.8272,0.78411
33.8961,2.59934,33.8961,2.34379,33.8961,4.16389,,,33.8961,0.74926
33.9650,1.49135,33.9650,2.96159,33.9650,4.13280,,,33.9650,1.23090
34.0339,2.13175,34.0339,2.98892,34.0339,5.28114,,,34.0339,1.32697
34.1028,2.44071,34.1028,3.44061,34.1028,5.54941,,,34.1028,0.93295
34.1717,2.66805,34.1717,3.18091,34.1717,4.98707,,,34.1717,0.89409
34.2406,2.77589,34.2406,3.14181,34.2406,5.29547,,,34.2406,0.97128
34.3095,2.68886,34.3095,2.84550,34.3095,5.51812,,,34.3095,0.63090
34.3784,2.84858,34.3784,3.28454,34.3784,3.32871,,,34.3784,0.55326
34.4473,3.43051,34.4473,3.51790,34.4473,3.39547,,,34.4473,0.45189
34.5161,1.80853,34.5161,3.29864,34.5161,3.54116,,,34.5161,0.55554
34.5850,2.10699,34.5850,3.32370,34.5850,3.63838,,,34.5850,1.02146
34.6539,1.91041,34.6539,4.40913,34.6539,3.99074,,,34.6539,1.22661
34.7228,2.04146,34.7228,3.97339,34.7228,3.11064,,,34.7228,1.08335
34.7917,1.76373,34.7917,4.15192,34.7917,3.11890,,,34.7917,1.09931
34.8606,2.12833,34.8606,4.03595,34.8606,3.51732,,,34.8606,1.52528
34.9295,2.46985,34.9295,2.64179,34.9295,2.75094,,,34.9295,1.39242
34.9984,3.36770,34.9984,2.34949,34.9984,3.34014,,,34.9984,1.37467
35.0673,4.03352,35.0673,1.63750,35.0673,3.91262,,,35.0673,1.49003
35.1362,4.34752,35.1362,1.76403,35.1362,3.16039,,,35.1362,1.36630
35.2051,3.29331,35.2051,1.97967,35.2051,2.61664,,,35.2051,1.57993
35.2740,3.75861,35.2740,1.51536,35.2740,3.68812,,,35.2740,1.35208
35.3429,3.90395,35.3429,1.50114,35.3429,4.09818,,,35.3429,1.19755
35.4118,3.95239,35.4118,1.44891,35.4118,3.78008,,,35.4118,1.25694
35.4807,2.56011,35.4807,1.32486,35.4807,3.86296,,,35.4807,1.27852
35.5496,2.14302,35.5496,1.89363,35.5496,3.73877,,,35.5496,0.80293
35.6185,2.17704,35.6185,1.43784,35.6185,4.06823,,,35.6185,1.00063
35.6874,1.86817,35.6874,1.31466,35.6874,3.90306,,,35.6874,0.53420
35.7562,2.91651,35.7562,1.44506,35.7562,3.51543,,,35.7562,0.40364
35.8251,2.72782,35.8251,1.08837,35.8251,3.58918,,,35.8251,0.80967
35.8940,2.90900,35.8940,1.49913,35.8940,4.00758,,,35.8940,0.84954
35.9629,2.29284,35.9629,1.47353,35.9629,4.00942,,,35.9629,1.31066
36.0318,2.40432,36.0318,1.06097,36.0318,2.78574,,,36.0318,1.55582
36.1007,2.80823,36.1007,0.64122,36.1007,3.00197,,,36.1007,1.15218
36.1696,3.08787,36.1696,1.17232,36.1696,2.30514,,,36.1696,1.08538
36.2385,3.16008,36.2385,1.19884,36.2385,1.82027,,,36.2385,0.79320
36.3074,3.94598,36.3074,1.30498,36.3074,2.33237,,,36.3074,0.50630
36.3763,3.67578,36.3763,0.95061,36.3763,2.51735,,,36.3763,0.71010
36.4452,2.98993,36.4452,1.14635,36.4452,2.14715,,,36.4452,1.23428
36.5141,2.74962,36.5141,1.07074,36.5141,2.62649,,,36.5141,1.35981
36.5830,2.36886,36.5830,1.48462,36.5830,3.20616,,,36.5830,1.06013
36.6519,2.68684,36.6519,2.55762,36.6519,2.19828,,,36.6519,1.27087
36.7208,2.94007,36.7208,2.79466,36.7208,1.84584,,,36.7208,1.59814
36.7897,3.20195,36.7897,2.45482,36.7897,2.27769,,,36.7897,1.82426
36.8586,3.39337,36.8586,3.09429,36.8586,2.81688,,,36.8586,2.05502
36.9275,3.21272,36.9275,3.61440,36.9275,3.88040,,,36.9275,2.33011
36.9963,2.76043,36.9963,3.14985,36.9963,4.69454,,,36.9963,2.16102
37.0652,3.09977,37.0652,2.80199,37.0652,6.08347,,,37.0652,1.90225
37.1341,3.43434,37.1341,2.61079,37.1341,5.59293,,,37.1341,2.24471
37.2030,3.83531,37.2030,2.27680,37.2030,4.75588,,,37.2030,1.60341
37.2719,3.01113,37.2719,1.83137,37.2719,3.22128,,,37.2719,1.92797
37.3408,3.62362,37.3408,1.95781,37.3408,3.93345,,,37.3408,2.28124
37.4097,4.21272,37.4097,2.02311,37.4097,3.60679,,,37.4097,2.64189
37.4786,3.02771,37.4786,1.39665,37.4786,3.17705,,,37.4786,3.25638
37.5475,2.63790,37.5475,1.37052,37.5475,3.34201,,,37.5475,3.01913
37.6164,3.02086,37.6164,1.34356,37.6164,3.52486,,,37.6164,2.33935
37.6853,2.58743,37.6853,1.79536,37.6853,3.32661,,,37.6853,2.20162
37.7542,2.44223,37.7542,2.30899,37.7542,3.16728,,,37.7542,1.51005
37.8231,2.20040,37.8231,2.80554,37.8231,2.95753,,,37.8231,1.57371
37.8920,1.63762,37.8920,3.31762,37.8920,3.40419,,,37.8920,1.60575
37.9609,1.19807,37.9609,3.98405,37.9609,3.91493,,,37.9609,1.45558
38.0298,1.38061,38.0298,2.95808,38.0298,3.89244,,,38.0298,1.17396
38.0987,1.49328,38.0987,2.01814,38.0987,4.29322,,,38.0987,0.98401
38.1676,1.60998,38.1676,2.09877,38.1676,4.93518,,,38.1676,1.05555
38.2364,1.23594,38.2364,1.84687,38.2364,6.18479,,,38.2364,1.29316
38.3053,1.27031,38.3053,1.86713,38.3053,4.60085,,,38.3053,1.22251
38.3742,1.56540,38.3742,1.67251,38.3742,3.26796,,,38.3742,1.69323
38.4431,2.07214,38.4431,2.27332,38.4431,3.29704,,,38.4431,2.14333
38.5120,3.66374,38.5120,2.01927,38.5120,2.68507,,,38.5120,2.62263
38.5809,4.97118,38.5809,2.37416,38.5809,2.54915,,,38.5809,2.00405
38.6498,5.28861,38.6498,2.24089,38.6498,2.98360,,,38.6498,1.68766
38.7187,5.03328,38.7187,3.95182,38.7187,2.88991,,,38.7187,2.75723
38.7876,5.06225,38.7876,4.79934,38.7876,2.70632,,,38.7876,2.47577
38.8565,3.36220,38.8565,4.82073,38.8565,2.62667,,,38.8565,2.25228
38.9254,2.62021,38.9254,4.56244,38.9254,2.40465,,,38.9254,2.60232
38.9943,3.37208,38.9943,4.83634,38.9943,3.03201,,,38.9943,3.38493
39.0632,3.13448,39.0632,5.15509,39.0632,3.13405,,,39.0632,4.30733
39.1321,3.31886,39.1321,5.46540,39.1321,2.53358,,,39.1321,4.48072
39.2010,3.06459,39.2010,5.90762,39.2010,3.20104,,,39.2010,4.13844
39.2699,2.73839,39.2699,5.57327,39.2699,3.02760,,,39.2699,4.19293
39.3388,2.46098,39.3388,5.86783,39.3388,2.55139,,,39.3388,3.96852
39.4077,1.99136,39.4077,6.63288,39.4077,2.70267,,,39.4077,4.75702
39.4765,1.80657,39.4765,7.00023,39.4765,2.57749,,,39.4765,4.98569
39.5454,1.08425,39.5454,6.76545,39.5454,2.37033,,,39.5454,5.16963
39.6143,1.82815,39.6143,7.07326,39.6143,1.46205,,,39.6143,4.30177
39.6832,1.36324,39.6832,4.98889,39.6832,1.64697,,,39.6832,3.82194
39.7521,1.26686,39.7521,2.93153,39.7521,2.34889,,,39.7521,4.12200
39.8210,1.32485,39.8210,2.29689,39.8210,2.50599,,,39.8210,3.72614
39.8899,1.29747,39.8899,2.61184,39.8899,2.36809,,,39.8899,3.65396
39.9588,1.05753,39.9588,2.44474,39.9588,3.24073,,,39.9588,3.24110
40.0277,1.06892,40.0277,3.30900,40.0277,3.57340,,,40.0277,4.04535
40.0966,0.98806,40.0966,2.93245,40.0966,4.24681,,,40.0966,3.26803
40.1655,1.47551,40.1655,2.38348,40.1655,4.40555,,,40.1655,2.94608
40.2344,1.40205,40.2344,2.53128,40.2344,3.58341,,,40.2344,2.80033
40.3033,1.90555,40.3033,2.51105,40.3033,2.83399,,,40.3033,2.87263
40.3722,1.86754,40.3722,2.60472,40.3722,1.65377,,,40.3722,2.49559
40.4411,2.05382,40.4411,2.72231,40.4411,1.46411,,,40.4411,3.20640
40.5100,2.06855,40.5100,2.58408,40.5100,1.62221,,,40.5100,2.57367
40.5789,1.70748,40.5789,3.12019,40.5789,2.07321,,,40.5789,2.59253
40.6478,1.89373,40.6478,2.99395,40.6478,1.64098,,,40.6478,2.93296
40.7166,1.45873,40.7166,2.37627,40.7166,1.75637,,,40.7166,3.67380
40.7855,1.62578,40.7855,2.54560,40.7855,1.70935,,,40.7855,3.34700
40.8544,2.21856,40.8544,2.01161,40.8544,1.11048,,,40.8544,2.52693
40.9233,2.19503,40.9233,2.39106,40.9233,0.99512,,,40.9233,1.63279
40.9922,2.56959,40.9922,2.72485,40.9922,1.18455,,,40.9922,1.10152
41.0611,3.91266,41.0611,2.69666,41.0611,1.40271,,,41.0611,1.21603
41.1300,3.79679,41.1300,1.96118,41.1300,2.25670,,,41.1300,1.47774
41.1989,4.17967,41.1989,1.47915,41.1989,2.36145,,,41.1989,1.23823
41.2678,3.41058,41.2678,1.24149,41.2678,2.04602,,,41.2678,1.21237
41.3367,4.18677,41.3367,1.55958,41.3367,2.31740,,,41.3367,1.99475
41.4056,4.33431,41.4056,2.11085,41.4056,2.22524,,,41.4056,2.51735
41.4745,4.72966,41.4745,2.03042,41.4745,2.48057,,,41.4745,2.88552
41.5434,4.64193,41.5434,1.96954,41.5434,2.50545,,,41.5434,2.82576
41.6123,4.57474,41.6123,2.77259,41.6123,2.74046,,,41.6123,2.90132
41.6812,4.43391,41.6812,3.34392,41.6812,2.83482,,,41.6812,2.93728
41.7501,4.88275,41.7501,3.25720,41.7501,2.33954,,,41.7501,2.59185
41.8190,4.56053,41.8190,2.58909,41.8190,1.81356,,,41.8190,2.51717
41.8879,4.39814,41.8879,2.88190,41.8879,2.25684,,,41.8879,2.19323
41.9567,4.03642,41.9567,3.74246,41.9567,2.13831,,,41.9567,1.50118
42.0256,3.88746,42.0256,3.55053,42.0256,2.08796,,,42.0256,1.24459
42.0945,3.34271,42.0945,3.13846,42.0945,2.56866,,,42.0945,1.31179
42.1634,2.50583,42.1634,2.72046,42.1634,2.31201,,,42.1634,1.35321
42.2323,2.98075,42.2323,2.48651,42.2323,3.58983,,,42.2323,1.86162
42.3012,2.80090,42.3012,2.05664,42.3012,3.18411,,,42.3012,1.34843
42.3701,2.93490,42.3701,1.12739,42.3701,2.43069,,,42.3701,1.48913
42.4390,3.26583,42.4390,1.52808,42.4390,2.39833,,,42.4390,1.61193
42.5079,3.81285,42.5079,2.24253,42.5079,3.98676,,,42.5079,2.40349
42.5768,3.66405,42.5768,2.02530,42.5768,3.77770,,,42.5768,3.22546
42.6457,2.58605,42.6457,2.35491,42.6457,2.72247,,,42.6457,3.23361
42.7146,1.91044,42.7146,2.27206,42.7146,3.19352,,,42.7146,2.73957
42.7835,1.47946,42.7835,1.98293,42.7835,3.47223,,,42.7835,3.06951
42.8524,1.83303,42.8524,1.98416,42.8524,5.38716,,,42.8524,2.89049
42.9213,1.71087,42.9213,2.29396,42.9213,5.17743,,,42.9213,2.86019
42.9902,2.21225,42.9902,2.24861,42.9902,4.75936,,,42.9902,4.01002
43.0591,2.26862,43.0591,2.45024,43.0591,4.52858,,,43.0591,5.27029
43.1280,1.62223,43.1280,2.05519,43.1280,3.85817,,,43.1280,4.75617
43.1968,2.01567,43.1968,1.09500,43.1968,3.60841,,,43.1968,4.33649
43.2657,2.09425,43.2657,1.24305,43.2657,3.64721,,,43.2657,3.61980
43.3346,1.60670,43.3346,1.98098,43.3346,3.06221,,,43.3346,2.43411
43.4035,1.99674,43.4035,1.94418,43.4035,3.00038,,,43.4035,2.33189
43.4724,2.33228,43.4724,2.13398,43.4724,2.57773,,,43.4724,1.99087
43.5413,1.39528,43.5413,2.91555,43.5413,2.09451,,,43.5413,1.85149
43.6102,1.44942,43.6102,2.58571,43.6102,1.95572,,,43.6102,1.71862
43.6791,1.83352,43.6791,2.59737,43.6791,1.95390,,,43.6791,2.56822
43.7480,2.27858,43.7480,3.40122,43.7480,2.15436,,,43.7480,3.67216
43.8169,2.02622,43.8169,2.87157,43.8169,1.88740,,,43.8169,3.31287
43.8858,2.56324,43.8858,2.83684,43.8858,1.84004,,,43.8858,3.39333
43.9547,2.19703,43.9547,2.84692,43.9547,1.34205,,,43.9547,2.89605
44.0236,1.88161,44.0236,2.80101,44.0236,1.54558,,,44.0236,2.83166
44.0925,1.43283,44.0925,2.33743,44.0925,1.84254,,,44.0925,2.75889
44.1614,1.46781,44.1614,2.46462,44.1614,2.01579,,,44.1614,1.90664
44.2303,1.89350,44.2303,1.88319,44.2303,2.47035,,,44.2303,2.83215
44.2992,2.27983,44.2992,1.78702,44.2992,2.17167,,,44.2992,3.30009
44.3681,2.18723,44.3681,1.68248,44.3681,1.98842,,,44.3681,2.74023
44.4370,2.41415,44.4370,1.33806,44.4370,2.46629,,,44.4370,2.15453
44.5058,1.74855,44.5058,1.91930,44.5058,3.08749,,,44.5058,2.26462
44.5747,2.38741,44.5747,1.85280,44.5747,2.56080,,,44.5747,2.35364
44.6436,2.56183,44.6436,2.52307,44.6436,3.65624,,,44.6436,2.75381
44.7125,2.83047,44.7125,2.16668,44.7125,3.15965,,,44.7125,2.12504
44.7814,3.00092,44.7814,1.58080,44.7814,3.75480,,,44.7814,2.96292
44.8503,3.62240,44.8503,1.58517,44.8503,3.20812,,,44.8503,2.37860
44.9192,3.48317,44.9192,1.63265,44.9192,2.05427,,,44.9192,1.70630
44.9881,3.26752,44.9881,1.89348,44.9881,1.73602,,,44.9881,1.84726
45.0570,3.29894,45.0570,1.63779,45.0570,2.30792,,,45.0570,2.63269
45.1259,3.77694,45.1259,2.38193,45.1259,2.27593,,,45.1259,3.03133
45.1948,4.04356,45.1948,2.15052,45.1948,2.30417,,,45.1948,2.71020
45.2637,3.79935,45.2637,3.13186,45.2637,2.17356,,,45.2637,2.66183
45.3326,3.08705,45.3326,2.42171,45.3326,2.26367,,,45.3326,3.33748
45.4015,3.11567,45.4015,1.36454,45.4015,2.45577,,,45.4015,2.94964
45.4704,2.76417,45.4704,1.98916,45.4704,2.88969,,,45.4704,3.03401
45.5393,1.75339,45.5393,2.24945,45.5393,2.60363,,,45.5393,2.70161
45.6082,1.38565,45.6082,2.32569,45.6082,3.18674,,,45.6082,2.59402
45.6771,1.24058,45.6771,2.15578,45.6771,2.96203,,,45.6771,1.84310
45.7459,2.10593,45.7459,1.60458,45.7459,3.28991,,,45.7459,2.35893
45.8148,2.18748,45.8148,2.04661,45.8148,3.98902,,,45.8148,2.37399
45.8837,1.75382,45.8837,2.39787,45.8837,4.90300,,,45.8837,2.13094
45.9526,1.06008,45.9526,2.46242,45.9526,4.36794,,,45.9526,1.25727
46.0215,1.59940,46.0215,2.97209,46.0215,3.92029,,,46.0215,1.69832
46.0904,1.72856,46.0904,2.80308,46.0904,3.15374,,,46.0904,1.75805
46.1593,1.16587,46.1593,1.91597,46.1593,2.77852,,,46.1593,1.62074
46.2282,0.76235,46.2282,2.28795,46.2282,3.31848,,,46.2282,1.91046
46.2971,1.42174,46.2971,2.76823,46.2971,4.20572,,,46.2971,1.66422
46.3660,1.19708,46.3660,2.39216,46.3660,5.82856,,,46.3660,1.20906
46.4349,1.10517,46.4349,2.11303,46.4349,5.81036,,,46.4349,1.97168
46.5038,1.53674,46.5038,2.70034,46.5038,5.48795,,,46.5038,2.89311
46.5727,1.58151,46.5727,2.55996,46.5727,7.13333,,,46.5727,2.36238
46.6416,1.33556,46.6416,2.97708,46.6416,7.07222,,,46.6416,1.78084
46.7105,1.49992,46.7105,2.88742,46.7105,7.54733,,,46.7105,2.23977
46.7794,1.63800,46.7794,3.25836,46.7794,7.15128,,,46.7794,2.79706
46.8483,2.12507,46.8483,2.66607,46.8483,5.71595,,,46.8483,2.31304
46.9172,2.17790,46.9172,2.82573,46.9172,6.03322,,,46.9172,2.08165
46.9860,2.22075,46.9860,2.95307,46.9860,5.76980,,,46.9860,1.93105
47.0549,2.90438,47.0549,3.00155,47.0549,5.58428,,,47.0549,2.22681
47.1238,2.32946,47.1238,2.78388,47.1238,5.41133,,,47.1238,2.69076
47.1927,2.49639,47.1927,3.29678,47.1927,4.65410,,,47.1927,1.44210
47.2616,3.25771,47.2616,3.23892,47.2616,4.34445,,,47.2616,2.20767
47.3305,2.71127,47.3305,3.92773,47.3305,4.30999,,,47.3305,2.48531
47.3994,2.75724,47.3994,3.93059,47.3994,3.87668,,,47.3994,2.54618
47.4683,2.27536,47.4683,3.87210,47.4683,3.24709,,,47.4683,2.86366
47.5372,3.35948,47.5372,2.83103,47.5372,3.03022,,,47.5372,2.86984
47.6061,3.78400,47.6061,2.53264,47.6061,3.28189,,,47.6061,3.39079
47.6750,4.11653,47.6750,2.32570,47.6750,2.80108,,,47.6750,3.55930
47.7439,5.03300,47.7439,2.45323,47.7439,2.87322,,,47.7439,3.44457
47.8128,4.42959,47.8128,1.96989,47.8128,3.64004,,,47.8128,2.93382
47.8817,3.75694,47.8817,2.41019,47.8817,2.68667,,,47.8817,3.17415
47.9506,2.25857,47.9506,2.25079,47.9506,3.08906,,,47.9506,2.65031
48.0195,1.45852,48.0195,2.42094,48.0195,2.97352,,,48.0195,2.99840
48.0884,1.39513,48.0884,2.87330,48.0884,1.72496,,,48.0884,4.10424
48.1573,1.83317,48.1573,3.34057,48.1573,1.94507,,,48.1573,4.23182
48.2262,1.38084,48.2262,2.33689,48.2262,1.84041,,,48.2262,3.11776
48.2950,2.77495,48.2950,2.08856,48.2950,2.56844,,,48.2950,3.62651
48.3639,2.31567,48.3639,2.30105,48.3639,1.79638,,,48.3639,2.90325
48.4328,2.43061,48.4328,2.36854,48.4328,2.18750,,,48.4328,2.87542
48.5017,2.62989,48.5017,1.99676,48.5017,2.11383,,,48.5017,1.93620
48.5706,2.82804,48.5706,1.71101,48.5706,1.98433,,,48.5706,2.69235
48.6395,2.21390,48.6395,2.28564,48.6395,2.49245,,,48.6395,1.80737
48.7084,2.20724,48.7084,2.00062,48.7084,2.49347,,,48.7084,2.13449
48.7773,2.78905,48.7773,2.07172,48.7773,3.03679,,,48.7773,1.95759
48.8462,2.62922,48.8462,2.03849,48.8462,3.65701,,,48.8462,1.99847
48.9151,3.02912,48.9151,3.00411,48.9151,3.93662,,,48.9151,1.97011
48.9840,2.67522,48.9840,2.84530,48.9840,4.48431,,,48.9840,1.65609
49.0529,2.61500,49.0529,3.93454,49.0529,4.47091,,,49.0529,2.00139
49.1218,4.19226,49.1218,3.08343,49.1218,5.10355,,,49.1218,1.84874
49.1907,4.02325,49.1907,3.29078,49.1907,5.27573,,,49.1907,1.87347
49.2596,4.27360,49.2596,2.79768,49.2596,5.21548,,,49.2596,2.03886
49.3285,3.23844,49.3285,2.92467,49.3285,5.03202,,,49.3285,2.35720
49.3974,3.19534,49.3974,2.73614,49.3974,4.66786,,,49.3974,2.38850
49.4663,3.44782,49.4663,2.27015,49.4663,4.66849,,,49.4663,2.22612
49.5351,2.91669,49.5351,2.43796,49.5351,4.39045,,,49.5351,2.62656
49.6040,2.68301,49.6040,2.43278,49.6040,3.17360,,,49.6040,2.14552
49.6729,2.77327,49.6729,2.40314,49.6729,1.80049,,,49.6729,1.94134
49.7418,2.51716,49.7418,2.03346,49.7418,1.22690,,,49.7418,2.26852
49.8107,2.09155,49.8107,2.38330,49.8107,1.71961,,,49.8107,2.75087
49.8796,2.01810,49.8796,3.21902,49.8796,1.71344,,,49.8796,3.64766
49.9485,2.78384,49.9485,3.84499,49.9485,1.94010,,,49.9485,3.23234
50.0174,3.56150,50.0174,3.87278,50.0174,1.49436,,,50.0174,3.22867
50.0863,3.51212,50.0863,3.81666,50.0863,1.93642,,,50.0863,3.04376
50.1552,2.96891,50.1552,3.95821,50.1552,1.70891,,,50.1552,2.81904
50.2241,2.77384,50.2241,4.61698,50.2241,2.06617,,,50.2241,3.41513
50.2930,2.59819,50.2930,4.29901,50.2930,1.89106,,,50.2930,3.01055
50.3619,2.12078,50.3619,4.44839,50.3619,2.16388,,,50.3619,2.68149
50.4308,2.11328,50.4308,4.35743,50.4308,2.69373,,,50.4308,2.59054
50.4997,2.70727,50.4997,3.19226,50.4997,3.12461,,,50.4997,3.06428
50.5686,2.45475,50.5686,3.99945,50.5686,3.21759,,,50.5686,3.97165
50.6375,3.08964,50.6375,4.77534,50.6375,2.38444,,,50.6375,4.80403
50.7064,2.26511,50.7064,4.25963,50.7064,2.99772,,,50.7064,4.66162
50.7752,1.92976,50.7752,5.13628,50.7752,2.00039,,,50.7752,4.33291
50.8441,1.89357,50.8441,3.48177,50.8441,2.14782,,,50.8441,2.94629
50.9130,1.87690,50.9130,2.25537,50.9130,2.43574,,,50.9130,3.06337
50.9819,1.63947,50.9819,2.18755,50.9819,2.01353,,,50.9819,2.87764
51.0508,1.60500,51.0508,2.31469,51.0508,2.94298,,,51.0508,2.41993
51.1197,1.97322,51.1197,2.36087,51.1197,3.31557,,,51.1197,2.33563
51.1886,2.05943,51.1886,2.72608,51.1886,3.74999,,,51.1886,2.52042
51.2575,1.51804,51.2575,3.22251,51.2575,3.53841,,,51.2575,3.33030
51.3264,1.59226,51.3264,2.94698,51.3264,2.99920,,,51.3264,2.03700
51.3953,2.09928,51.3953,3.56858,51.3953,4.31244,,,51.3953,1.70388
51.4642,2.29579,51.4642,3.61975,51.4642,4.58303,,,51.4642,2.61419
,,51.5331,3.75976,51.5331,4.06234,,,51.5331,2.95132
,,51.6020,2.13110,51.6020,3.68194,,,51.6020,2.90879
,,51.6709,2.49357,51.6709,3.58716,,,51.6709,2.76834
,,51.7398,1.89388,51.7398,3.81111,,,51.7398,3.17656
,,51.8087,2.12548,51.8087,4.21666,,,51.8087,1.75664
,,51.8776,1.22297,51.8776,3.61237,,,51.8776,1.83343
,,51.9465,1.35511,51.9465,4.24612,,,51.9465,1.94784
,,52.0153,1.48912,52.0153,4.49773,,,52.0153,2.23449
,,52.0842,1.02902,52.0842,3.56095,,,52.0842,2.19738
,,52.1531,1.36948,52.1531,3.60876,,,52.1531,1.78535
,,52.2220,0.99732,52.2220,3.19029,,,52.2220,1.36608
,,52.2909,1.57488,52.2909,2.94377,,,52.2909,1.33594
,,52.3598,2.10743,52.3598,3.12472,,,52.3598,1.63019
,,52.4287,2.43204,52.4287,1.98564,,,52.4287,1.95245
,,52.4976,2.56077,52.4976,2.09881,,,52.4976,2.13774
,,52.5665,2.79743,52.5665,2.51833,,,52.5665,1.84639
,,52.6354,2.25231,52.6354,2.75780,,,52.6354,2.78474
,,52.7043,2.62840,52.7043,2.54389,,,52.7043,4.03774
,,52.7732,2.51416,52.7732,2.32404,,,52.7732,3.77501
,,52.8421,2.39365,52.8421,1.97648,,,52.8421,4.34440
,,52.9110,2.41648,52.9110,1.36064,,,52.9110,3.92751
,,52.9799,2.63389,52.9799,1.20073,,,52.9799,3.11577
,,53.0488,2.66321,53.0488,1.69051,,,53.0488,2.83568
,,53.1177,2.51733,53.1177,1.54091,,,53.1177,2.76402
,,53.1866,2.43218,53.1866,1.59291,,,53.1866,2.59223
,,53.2554,2.33087,53.2554,1.09358,,,53.2554,2.46351
,,53.3243,2.21639,53.3243,1.12799,,,53.3243,2.85619
,,53.3932,2.20251,53.3932,1.46884,,,53.3932,1.76561
,,53.4621,1.59223,53.4621,1.85642,,,53.4621,1.99198
,,53.5310,1.94791,53.5310,1.69455,,,53.5310,1.39014
,,53.5999,1.57007,53.5999,1.33935,,,53.5999,1.16556
,,53.6688,1.54676,53.6688,2.14710,,,53.6688,2.36385
,,53.7377,1.73238,53.7377,1.95643,,,53.7377,3.07141
,,53.8066,1.99785,53.8066,1.52227,,,53.8066,2.80727
,,53.8755,2.17011,53.8755,1.62050,,,53.8755,3.41302
,,53.9444,2.48407,53.9444,1.85217,,,53.9444,5.05729
,,54.0133,1.94189,54.0133,3.02009,,,54.0133,4.28041
,,54.0822,1.66717,54.0822,2.25587,,,54.0822,4.32031
,,54.1511,2.34890,54.1511,2.13902,,,54.1511,4.04686
,,54.2200,2.17310,54.2200,3.23088,,,54.2200,3.54819
,,54.2889,2.81904,54.2889,3.57847,,,54.2889,3.43113
,,54.3578,3.36907,54.3578,3.83501,,,54.3578,4.08323
,,54.4267,3.67411,54.4267,3.67164,,,54.4267,4.87644
,,54.4955,4.06142,54.4955,4.08457,,,54.4955,3.67780
,,54.5644,2.71033,54.5644,4.00255,,,54.5644,3.37898
,,54.6333,3.01756,54.6333,5.08377,,,54.6333,3.44431
,,54.7022,3.50717,54.7022,5.01351,,,54.7022,1.72157
,,54.7711,2.78393,54.7711,5.66315,,,54.7711,1.44020
,,54.8400,2.54810,54.8400,4.48851,,,54.8400,2.13612
,,54.9089,2.46603,54.9089,4.21937,,,54.9089,2.40487
,,54.9778,2.03724,54.9778,2.98064,,,54.9778,2.23712
,,55.0467,2.18745,55.0467,2.62707,,,55.0467,2.42855
,,55.1156,1.82684,55.1156,2.11048,,,55.1156,2.06415
,,55.1845,1.49026,55.1845,1.65560,,,55.1845,1.73702
,,55.2534,1.41785,55.2534,2.07694,,,55.2534,1.44829
,,55.3223,2.23989,55.3223,2.10678,,,55.3223,1.81791
,,55.3912,2.73637,55.3912,2.84241,,,55.3912,1.88245
,,55.4601,3.84117,55.4601,3.69221,,,55.4601,1.96285
,,55.5290,3.83556,55.5290,3.14440,,,55.5290,2.06449
,,55.5979,4.03373,55.5979,2.90983,,,55.5979,3.15203
,,55.6668,3.45784,55.6668,3.20886,,,55.6668,3.22450
,,55.7356,2.91303,55.7356,2.60209,,,55.7356,1.60008
,,55.8045,2.72979,55.8045,2.78393,,,55.8045,1.72892
,,55.8734,2.90973,55.8734,2.21669,,,55.8734,2.41282
,,55.9423,2.92511,55.9423,2.59842,,,55.9423,2.12894
,,56.0112,3.18116,56.0112,3.17442,,,56.0112,3.08875
,,56.0801,3.19692,56.0801,2.46300,,,56.0801,3.47540
,,56.1490,4.08890,56.1490,1.50570,,,56.1490,3.66911
,,56.2179,4.24080,56.2179,1.79643,,,56.2179,3.41939
,,56.2868,4.74658,56.2868,1.87471,,,56.2868,3.97202
,,56.3557,3.54849,56.3557,2.18988,,,56.3557,4.04914
,,56.4246,2.43350,56.4246,1.68728,,,56.4246,3.66181
,,56.4935,2.77643,56.4935,2.34909,,,56.4935,2.84758
,,56.5624,2.70526,56.5624,2.48203,,,56.5624,2.23088
,,56.6313,3.63080,56.6313,1.79499,,,56.6313,1.85889
,,56.7002,2.92384,56.7002,1.62888,,,56.7002,1.96145
,,56.7691,1.70622,56.7691,1.54914,,,56.7691,2.29802
,,56.8380,1.92750,56.8380,1.29580,,,56.8380,3.36121
,,56.9069,2.24353,56.9069,1.75578,,,56.9069,3.69378
,,56.9757,2.03218,56.9757,1.78574,,,56.9757,3.88315
,,57.0446,2.98832,57.0446,2.14175,,,57.0446,4.88962
,,57.1135,4.36955,57.1135,2.68408,,,57.1135,6.04876
,,57.1824,3.14134,57.1824,2.85468,,,57.1824,6.17429
,,57.2513,2.58234,57.2513,1.91834,,,57.2513,7.41247
,,57.3202,4.15524,57.3202,1.39948,,,57.3202,6.55334
,,57.3891,3.96008,57.3891,1.23968,,,57.3891,6.72893
,,57.4580,3.46950,57.4580,1.93963,,,57.4580,6.43517
,,57.5269,2.70087,57.5269,3.03879,,,57.5269,6.20280
,,57.5958,2.61020,57.5958,4.21278,,,57.5958,5.07878
,,57.6647,3.08108,57.6647,4.60807,,,57.6647,3.84541
,,57.7336,2.92857,57.7336,4.45418,,,57.7336,2.49667
,,57.8025,3.46520,57.8025,4.52988,,,57.8025,1.78261
,,57.8714,2.33659,57.8714,4.50071,,,57.8714,1.71464
,,57.9403,2.82958,57.9403,4.05902,,,57.9403,1.11526
,,58.0092,2.31353,58.0092,3.82320,,,58.0092,1.28706
,,58.0781,2.24086,58.0781,4.23857,,,58.0781,1.81751
,,58.1470,2.60040,58.1470,4.27097,,,58.1470,1.36697
,,58.2159,3.38201,58.2159,4.44796,,,58.2159,2.47117
,,58.2847,4.66990,58.2847,4.58290,,,58.2847,2.00339
,,58.3536,3.59771,58.3536,4.08075,,,58.3536,1.72871
,,58.4225,2.87510,58.4225,3.57650,,,58.4225,1.35333
,,58.4914,2.59963,58.4914,3.53519,,,58.4914,1.52055
,,58.5603,3.18512,58.5603,3.13307,,,58.5603,1.83388
,,58.6292,3.98571,58.6292,3.88858,,,58.6292,1.70118
,,58.6981,3.72005,58.6981,3.85699,,,58.6981,1.39223
,,58.7670,3.23575,58.7670,4.01559,,,58.7670,1.47107
,,58.8359,3.21258,58.8359,3.13161,,,58.8359,1.78638
,,58.9048,3.31893,58.9048,4.15779,,,58.9048,1.68487
,,58.9737,3.10647,58.9737,3.34218,,,58.9737,1.59350
,,59.0426,3.64928,59.0426,3.44316,,,59.0426,1.86294
,,59.1115,3.76645,59.1115,3.94129,,,59.1115,1.71133
,,59.1804,3.76060,59.1804,3.64004,,,59.1804,1.89380
,,59.2493,3.04633,59.2493,3.47351,,,59.2493,1.93266
,,59.3182,2.19328,59.3182,2.63080,,,59.3182,1.93247
,,59.3871,2.19691,59.3871,2.87588,,,59.3871,1.90130
,,59.4560,2.46264,59.4560,3.06016,,,59.4560,1.73098
,,59.5248,2.52088,59.5248,2.80638,,,59.5248,2.25299
,,59.5937,2.32225,59.5937,2.97590,,,59.5937,1.93179
,,59.6626,2.97781,59.6626,2.23838,,,59.6626,2.14894
,,59.7315,3.21839,59.7315,2.92690,,,59.7315,1.74622
,,59.8004,3.68518,59.8004,3.34036,,,59.8004,1.75006
,,59.8693,3.72962,59.8693,3.34308,,,59.8693,1.69981
,,59.9382,3.43736,59.9382,2.74801,,,59.9382,1.40084
,,60.0071,2.79429,60.0071,2.89408,,,60.0071,1.23213
,,60.0760,2.51883,60.0760,2.59008,,,60.0760,1.75888
,,60.1449,2.08857,60.1449,2.55691,,,60.1449,1.06898
,,60.2138,1.37746,60.2138,3.00170,,,60.2138,1.63571
,,,,60.2827,3.36631,,,60.2827,2.29545
,,,,60.3516,3.21636,,,60.3516,2.40001
,,,,60.4205,3.04521,,,60.4205,2.99700
,,,,60.4894,3.60938,,,60.4894,2.51366
,,,,60.5583,2.93824,,,60.5583,2.03278
,,,,60.6272,1.51698,,,60.6272,2.48037
,,,,60.6961,2.92013,,,60.6961,3.07823
,,,,60.7649,2.83905,,,60.7649,4.88965
,,,,60.8338,1.77478,,,60.8338,5.69201
,,,,60.9027,1.71847,,,60.9027,5.39643
,,,,60.9716,1.92728,,,60.9716,3.70742
,,,,61.0405,1.88886,,,61.0405,2.88574
,,,,61.1094,2.66965,,,61.1094,2.56727
,,,,61.1783,2.17231,,,61.1783,2.14230
,,,,61.2472,2.02318,,,61.2472,1.92446
,,,,61.3161,2.17609,,,61.3161,1.91665
,,,,61.3850,3.32084,,,61.3850,1.95532
,,,,61.4539,2.83920,,,61.4539,2.12903
,,,,61.5228,2.49118,,,61.5228,1.89930
,,,,61.5917,2.71642,,,61.5917,2.16099
,,,,61.6606,2.34005,,,61.6606,1.60279
,,,,61.7295,2.77095,,,61.7295,1.91528
,,,,61.7984,2.02724,,,61.7984,1.91068
,,,,61.8673,1.55490,,,61.8673,2.06643
,,,,,,,,61.9362,1.40044
,,,,,,,,62.0051,0.83707
,,,,,,,,62.0739,1.46166
,,,,,,,,62.1428,1.39458
