Distance_(microns),Value,X1,Y1,X2,Y2,X3,Y3,X4,Y4,X5,Y5
0.0000,19.6751,0.0000,3.2355,0.0000,15.8028,0.0000,41.1685,0.0000,14.8420,0.0000,15.3787
0.0689,22.9383,0.0689,4.4500,0.0689,13.1046,0.0689,30.7734,0.0689,13.4494,0.0689,18.3380
0.1378,21.1620,0.1378,4.2453,0.1378,9.1630,0.1378,22.1419,0.1378,11.5296,0.1378,18.1473
0.2067,19.0877,0.2067,3.3934,0.2067,6.0658,0.2067,15.8359,0.2067,8.8620,0.2067,13.8000
0.2756,19.1344,0.2756,1.6226,0.2756,4.1797,0.2756,13.3243,0.2756,5.7076,0.2756,9.8825
0.3445,19.1601,0.3445,2.2183,0.3445,4.0629,0.3445,14.7275,0.3445,4.8740,0.3445,7.3829
0.4134,13.9218,0.4134,3.1822,0.4134,6.1949,0.4134,20.3047,0.4134,5.2401,0.4134,5.2148
0.4823,11.4632,0.4823,2.5639,0.4823,8.5289,0.4823,20.3870,0.4823,5.5186,0.4823,5.5394
0.5512,6.8525,0.5512,6.0939,0.5512,13.9313,0.5512,21.3897,0.5512,5.6959,0.5512,6.4593
0.6201,5.0726,0.6201,8.6004,0.6201,17.2843,0.6201,19.7698,0.6201,5.1418,0.6201,8.1483
0.6889,6.5848,0.6889,9.9938,0.6889,24.9719,0.6889,12.8426,0.6889,3.7578,0.6889,10.4854
0.7578,9.8066,0.7578,10.2046,0.7578,34.9584,0.7578,9.7811,0.7578,3.9862,0.7578,14.5846
0.8267,12.0587,0.8267,9.7757,0.8267,42.0002,0.8267,7.1720,0.8267,5.9940,0.8267,19.9004
0.8956,13.9894,0.8956,7.4913,0.8956,41.2279,0.8956,6.7139,0.8956,6.8381,0.8956,19.3598
0.9645,12.4641,0.9645,7.7138,0.9645,41.1661,0.9645,8.0906,0.9645,6.3912,0.9645,13.5228
1.0334,11.5525,1.0334,10.1671,1.0334,34.0848,1.0334,11.0257,1.0334,5.7551,1.0334,10.9926
1.1023,8.0855,1.1023,11.6423,1.1023,25.9335,1.1023,15.3109,1.1023,6.2320,1.1023,10.8453
1.1712,8.9592,1.1712,15.7225,1.1712,17.2404,1.1712,23.6717,1.1712,5.5312,1.1712,7.2694
1.2401,8.7287,1.2401,22.1278,1.2401,13.8426,1.2401,31.1291,1.2401,4.1844,1.2401,7.7946
1.3090,7.0176,1.3090,26.8674,1.3090,6.7124,1.3090,34.6338,1.3090,6.0548,1.3090,9.3776
1.3779,3.8474,1.3779,26.4043,1.3779,6.2913,1.3779,38.9569,1.3779,6.9976,1.3779,9.0652
1.4468,3.2862,1.4468,23.4866,1.4468,5.9660,1.4468,36.8754,1.4468,9.2352,1.4468,7.6966
1.5157,3.5039,1.5157,21.2435,1.5157,6.0940,1.5157,28.6220,1.5157,9.8024,1.5157,5.8187
1.5846,5.8537,1.5846,20.4004,1.5846,6.5648,1.5846,22.2911,1.5846,8.8062,1.5846,9.3656
1.6535,6.5984,1.6535,15.7682,1.6535,8.1889,1.6535,17.1359,1.6535,6.8929,1.6535,8.3452
1.7224,10.6377,1.7224,14.5117,1.7224,9.8779,1.7224,16.6035,1.7224,6.2944,1.7224,8.8597
1.7913,11.1879,1.7913,12.8160,1.7913,12.1026,1.7913,16.0774,1.7913,5.2113,1.7913,8.0346
1.8602,9.6392,1.8602,13.8221,1.8602,12.2353,1.8602,15.6479,1.8602,7.7798,1.8602,9.1382
1.9290,6.9001,1.9290,21.6302,1.9290,13.0417,1.9290,9.4759,1.9290,8.8251,1.9290,10.1893
1.9979,6.7801,1.9979,31.5075,1.9979,10.6296,1.9979,8.7407,1.9979,11.6496,1.9979,9.6148
2.0668,7.9876,2.0668,36.5845,2.0668,11.8275,2.0668,5.6278,2.0668,14.8246,2.0668,10.8657
2.1357,10.9317,2.1357,41.6415,2.1357,14.9058,2.1357,4.2557,2.1357,17.0633,2.1357,7.0649
2.2046,11.7630,2.2046,44.3543,2.2046,23.8702,2.2046,4.7697,2.2046,17.1202,2.2046,8.6088
2.2735,10.5941,2.2735,38.5703,2.2735,28.1395,2.2735,4.8396,2.2735,13.1060,2.2735,9.2505
2.3424,6.8213,2.3424,35.0416,2.3424,25.1027,2.3424,5.2815,2.3424,8.4911,2.3424,11.1953
2.4113,5.8108,2.4113,29.8314,2.4113,25.6553,2.4113,7.3474,2.4113,5.9985,2.4113,18.1866
2.4802,5.4137,2.4802,26.1770,2.4802,30.4704,2.4802,7.6263,2.4802,4.6223,2.4802,31.0013
2.5491,9.1832,2.5491,24.4742,2.5491,32.3371,2.5491,11.0762,2.5491,4.6120,2.5491,40.8421
2.6180,7.9991,2.6180,23.4361,2.6180,29.8496,2.6180,10.9909,2.6180,4.2173,2.6180,38.3134
2.6869,5.9477,2.6869,19.8738,2.6869,20.7049,2.6869,8.2007,2.6869,6.0954,2.6869,18.5369
2.7558,7.4824,2.7558,14.4262,2.7558,16.5672,2.7558,5.8426,2.7558,7.5636,2.7558,9.7312
2.8247,6.5814,2.8247,9.2742,2.8247,12.4498,2.8247,3.8792,2.8247,9.7839,2.8247,4.5647
2.8936,2.8794,2.8936,7.6098,2.8936,8.8508,2.8936,4.0980,2.8936,11.4609,2.8936,3.7754
2.9625,3.9520,2.9625,5.5203,2.9625,10.2882,2.9625,4.4171,2.9625,11.4027,2.9625,4.1539
3.0314,3.7894,3.0314,3.9440,3.0314,10.9983,3.0314,5.9166,3.0314,13.4093,3.0314,3.3643
3.1003,5.1523,3.1003,2.3009,3.1003,11.9662,3.1003,5.5183,3.1003,14.1716,3.1003,3.4536
3.1691,5.2750,3.1691,2.7417,3.1691,10.1450,3.1691,6.3210,3.1691,16.7787,3.1691,2.6645
3.2380,7.8737,3.2380,3.9344,3.2380,9.4897,3.2380,3.8367,3.2380,16.9976,3.2380,2.2180
3.3069,11.6413,3.3069,3.5253,3.3069,4.8664,3.3069,1.4222,3.3069,13.4675,3.3069,3.7080
3.3758,18.1318,3.3758,3.7067,3.3758,4.8915,3.3758,2.2108,3.3758,13.8336,3.3758,4.0341
3.4447,26.5122,3.4447,5.8814,3.4447,6.0350,3.4447,2.4723,3.4447,13.6368,3.4447,3.9770
3.5136,35.7752,3.5136,10.4335,3.5136,4.9154,3.5136,2.1144,3.5136,13.0046,3.5136,2.2078
3.5825,35.2445,3.5825,12.2524,3.5825,7.4402,3.5825,2.3232,3.5825,12.3698,3.5825,2.2373
3.6514,29.2678,3.6514,13.9131,3.6514,8.3324,3.6514,2.4939,3.6514,12.5954,3.6514,2.0901
3.7203,19.8504,3.7203,12.6870,3.7203,7.8842,3.7203,1.5230,3.7203,13.9113,3.7203,2.0116
3.7892,13.0889,3.7892,10.8754,3.7892,8.6260,3.7892,2.3056,3.7892,15.5329,3.7892,2.9919
3.8581,11.9428,3.8581,9.1487,3.8581,12.1733,3.8581,2.4419,3.8581,16.9846,3.8581,3.5671
3.9270,10.0185,3.9270,6.3221,3.9270,17.6265,3.9270,1.4482,3.9270,16.5684,3.9270,2.1705
3.9959,9.9901,3.9959,6.1734,3.9959,28.5251,3.9959,0.8626,3.9959,16.4871,3.9959,2.1248
4.0648,7.2506,4.0648,5.2826,4.0648,28.0965,4.0648,1.1051,4.0648,14.3390,4.0648,2.6969
4.1337,6.9117,4.1337,6.9912,4.1337,19.5834,4.1337,1.7131,4.1337,13.6254,4.1337,3.1666
4.2026,6.3247,4.2026,9.5414,4.2026,14.5680,4.2026,1.7403,4.2026,10.6613,4.2026,5.8151
4.2715,6.0297,4.2715,13.0014,4.2715,8.5957,4.2715,3.0589,4.2715,6.3599,4.2715,7.0588
4.3404,8.0020,4.3404,20.2433,4.3404,6.0111,4.3404,4.4793,4.3404,6.2145,4.3404,8.6834
4.4092,11.8437,4.4092,29.6521,4.4092,6.8849,4.4092,4.3781,4.4092,6.5101,4.4092,8.6699
4.4781,16.1173,4.4781,29.1659,4.4781,6.7581,4.4781,5.8719,4.4781,5.8457,4.4781,6.5180
4.5470,16.3659,4.5470,23.6140,4.5470,8.4050,4.5470,5.0028,4.5470,4.6244,4.5470,5.3250
4.6159,11.9450,4.6159,16.5236,4.6159,9.9071,4.6159,2.5720,4.6159,4.1573,4.6159,6.7899
4.6848,9.0957,4.6848,11.4961,4.6848,11.0235,4.6848,2.9943,4.6848,4.5491,4.6848,11.6346
4.7537,3.8795,4.7537,7.7641,4.7537,10.3379,4.7537,3.4203,4.7537,5.8358,4.7537,11.0111
4.8226,4.2243,4.8226,6.3333,4.8226,11.5597,4.8226,7.7877,4.8226,5.8240,4.8226,10.1916
4.8915,4.6423,4.8915,5.7401,4.8915,12.4032,4.8915,12.1098,4.8915,6.7482,4.8915,7.7718
4.9604,4.5595,4.9604,5.1576,4.9604,12.6649,4.9604,17.9911,4.9604,10.3693,4.9604,2.9152
5.0293,4.2276,5.0293,6.1107,5.0293,12.7936,5.0293,17.5730,5.0293,11.0507,5.0293,1.7055
5.0982,5.8807,5.0982,8.1576,5.0982,17.0225,5.0982,10.9498,5.0982,13.3828,5.0982,1.5300
5.1671,8.5344,5.1671,10.3361,5.1671,19.0271,5.1671,7.6101,5.1671,15.3521,5.1671,0.9062
5.2360,12.8726,5.2360,14.7486,5.2360,18.1879,5.2360,5.0340,5.2360,16.6425,5.2360,0.7178
5.3049,17.0694,5.3049,17.2220,5.3049,16.7040,5.3049,1.8841,5.3049,19.2836,5.3049,1.0210
5.3738,16.1937,5.3738,21.9612,5.3738,11.7930,5.3738,2.2701,5.3738,17.8375,5.3738,0.7634
5.4427,18.2910,5.4427,20.6882,5.4427,6.9932,5.4427,2.2075,5.4427,24.3374,5.4427,1.2564
5.5116,18.7015,5.5116,19.8188,5.5116,5.5296,5.5116,1.5076,5.5116,29.4276,5.5116,1.2747
5.5805,15.3496,5.5805,14.9076,5.5805,3.4466,5.5805,1.6898,5.5805,30.6181,5.5805,1.3292
5.6493,15.2072,5.6493,11.6020,5.6493,3.9091,5.6493,2.7774,5.6493,23.0504,5.6493,2.3224
5.7182,17.6054,5.7182,10.6321,5.7182,5.0284,5.7182,3.1290,5.7182,14.9615,5.7182,1.9480
5.7871,18.0931,5.7871,10.3051,5.7871,7.4940,5.7871,5.3447,5.7871,9.8613,5.7871,3.8115
5.8560,19.4443,5.8560,12.5162,5.8560,10.4726,5.8560,5.4149,5.8560,6.8894,5.8560,4.4245
5.9249,17.2515,5.9249,14.5341,5.9249,12.5443,5.9249,5.7815,5.9249,6.2232,5.9249,4.9548
5.9938,15.4796,5.9938,13.6074,5.9938,15.4165,5.9938,8.3434,5.9938,4.5631,5.9938,5.9179
6.0627,14.1563,6.0627,14.9507,6.0627,22.7823,6.0627,13.6761,6.0627,4.0590,6.0627,8.4326
6.1316,9.3732,6.1316,14.2069,6.1316,22.8810,6.1316,17.8018,6.1316,7.3963,6.1316,10.9456
6.2005,6.5552,6.2005,12.4035,6.2005,21.1117,6.2005,21.1928,6.2005,3.1392,6.2005,11.4494
6.2694,3.9625,6.2694,10.6946,6.2694,17.4488,6.2694,27.9316,6.2694,2.6774,6.2694,11.2365
6.3383,3.6815,6.3383,8.2868,6.3383,16.8871,6.3383,35.2052,6.3383,2.9556,6.3383,9.4790
6.4072,3.8150,6.4072,4.6303,6.4072,14.6643,6.4072,35.9603,6.4072,3.0531,6.4072,7.1527
6.4761,3.9552,6.4761,3.8480,6.4761,15.5248,6.4761,26.9876,6.4761,2.2587,6.4761,5.5022
6.5450,3.5604,6.5450,3.9447,6.5450,17.5115,6.5450,23.5064,6.5450,1.8089,6.5450,6.3750
6.6139,3.6790,6.6139,3.3746,6.6139,19.9736,6.6139,20.0146,6.6139,3.0721,6.6139,5.7257
6.6828,4.0534,6.6828,4.4028,6.6828,20.0241,6.6828,20.7781,6.6828,2.0717,6.6828,6.8015
6.7517,3.9046,6.7517,5.0277,6.7517,18.4735,6.7517,20.4089,6.7517,2.8301,6.7517,6.7613
6.8206,4.9929,6.8206,5.2930,6.8206,11.6828,6.8206,23.1267,6.8206,5.8253,6.8206,7.9345
6.8894,4.7265,6.8894,6.0557,6.8894,10.2808,6.8894,27.5490,6.8894,6.5457,6.8894,11.6692
6.9583,4.8734,6.9583,7.2677,6.9583,9.6367,6.9583,25.2366,6.9583,10.8521,6.9583,11.5328
7.0272,3.3807,7.0272,8.5155,7.0272,12.1418,7.0272,32.4534,7.0272,14.6108,7.0272,11.1596
7.0961,2.9389,7.0961,8.3772,7.0961,12.5240,7.0961,29.3573,7.0961,13.0916,7.0961,8.3518
7.1650,3.6136,7.1650,8.4299,7.1650,11.2040,7.1650,25.8768,7.1650,9.7992,7.1650,6.8811
7.2339,7.0710,7.2339,9.5776,7.2339,7.4906,7.2339,18.3845,7.2339,8.6582,7.2339,8.0119
7.3028,11.8749,7.3028,13.4060,7.3028,6.8144,7.3028,16.7189,7.3028,9.3719,7.3028,13.3357
7.3717,14.4059,7.3717,15.8486,7.3717,7.0720,7.3717,14.5993,7.3717,7.3692,7.3717,15.4268
7.4406,15.4186,7.4406,18.8185,7.4406,9.2650,7.4406,11.7048,7.4406,6.9958,7.4406,12.4850
7.5095,16.3817,7.5095,25.1706,7.5095,8.4718,7.5095,10.6053,7.5095,6.5970,7.5095,9.7123
7.5784,20.1375,7.5784,27.4476,7.5784,9.7351,7.5784,10.7555,7.5784,7.4442,7.5784,8.0911
7.6473,25.2221,7.6473,26.0991,7.6473,8.9962,7.6473,10.7816,7.6473,7.6541,7.6473,8.0991
7.7162,30.5949,7.7162,20.3052,7.7162,5.8320,7.7162,11.3504,7.7162,13.7098,7.7162,7.4631
7.7851,31.2617,7.7851,14.6760,7.7851,3.5786,7.7851,14.9583,7.7851,18.6501,7.7851,8.2026
7.8540,30.8983,7.8540,11.5114,7.8540,2.7531,7.8540,14.7845,7.8540,29.2620,7.8540,9.7379
7.9229,29.2511,7.9229,12.8827,7.9229,2.0871,7.9229,11.7680,7.9229,38.0030,7.9229,10.5988
7.9918,27.6917,7.9918,15.0776,7.9918,1.9687,7.9918,11.2422,7.9918,36.5429,7.9918,10.8874
8.0607,26.9747,8.0607,12.1737,8.0607,1.6511,8.0607,11.3367,8.0607,28.4425,8.0607,9.2451
8.1296,24.0006,8.1296,7.1413,8.1296,2.4212,8.1296,9.4417,8.1296,18.9866,8.1296,13.0056
8.1984,26.5335,8.1984,6.2521,8.1984,2.8906,8.1984,9.1596,8.1984,9.4973,8.1984,15.3692
8.2673,27.0994,8.2673,7.0474,8.2673,3.5224,8.2673,9.8804,8.2673,7.6064,8.2673,15.3493
8.3362,22.1758,8.3362,5.2028,8.3362,3.9908,8.3362,7.4043,8.3362,5.0506,8.3362,16.2941
8.4051,17.9478,8.4051,6.6897,8.4051,4.0169,8.4051,7.6537,8.4051,4.3143,8.4051,10.4505
8.4740,12.3712,8.4740,9.8875,8.4740,4.7505,8.4740,8.3794,8.4740,4.4091,8.4740,10.0446
8.5429,6.7749,8.5429,10.0737,8.5429,9.6079,8.5429,7.9601,8.5429,4.7203,8.5429,12.1324
8.6118,7.5428,8.6118,8.8275,8.6118,11.5721,8.6118,6.4894,8.6118,3.6156,8.6118,14.0008
8.6807,7.6287,8.6807,6.9632,8.6807,16.3841,8.6807,4.3038,8.6807,2.6680,8.6807,21.9031
8.7496,9.5827,8.7496,7.6767,8.7496,15.5246,8.7496,3.8706,8.7496,3.5267,8.7496,30.2751
8.8185,12.8421,8.8185,7.2080,8.8185,14.4369,8.8185,3.4749,8.8185,3.9281,8.8185,32.6858
8.8874,18.3212,8.8874,9.5548,8.8874,13.5784,8.8874,4.9305,8.8874,2.4989,8.8874,39.0321
8.9563,21.4937,8.9563,11.0434,8.9563,9.7570,8.9563,5.0620,8.9563,3.8295,8.9563,41.1651
9.0252,33.8558,9.0252,9.8494,9.0252,6.6090,9.0252,5.6260,9.0252,3.8407,9.0252,39.5218
9.0941,45.6618,9.0941,10.1934,9.0941,4.1444,9.0941,7.4050,9.0941,4.3215,9.0941,39.4787
9.1630,51.3513,9.1630,12.7930,9.1630,3.5313,9.1630,7.8096,9.1630,4.4259,9.1630,33.5649
9.2319,52.5820,9.2319,15.9556,9.2319,4.6110,9.2319,10.5652,9.2319,5.7978,9.2319,28.8499
9.3008,49.3968,9.3008,15.3530,9.3008,5.0747,9.3008,12.4049,9.3008,4.2921,9.3008,27.7586
9.3697,42.5381,9.3697,13.4495,9.3697,6.1306,9.3697,13.0799,9.3697,4.5148,9.3697,30.9283
9.4385,35.8502,9.4385,15.2887,9.4385,7.2486,9.4385,13.6133,9.4385,4.4336,9.4385,28.9212
9.5074,33.6229,9.5074,17.9068,9.5074,7.5455,9.5074,17.6212,9.5074,3.5815,9.5074,29.6930
9.5763,19.9401,9.5763,17.2077,9.5763,4.2433,9.5763,25.5323,9.5763,3.6436,9.5763,28.4879
9.6452,10.6187,9.6452,18.5888,9.6452,5.2699,9.6452,36.8654,9.6452,1.8612,9.6452,26.0776
9.7141,8.3542,9.7141,13.5210,9.7141,6.4622,9.7141,34.3016,9.7141,2.8571,9.7141,23.3294
9.7830,7.6158,9.7830,11.3118,9.7830,7.4135,9.7830,33.7997,9.7830,3.1896,9.7830,19.7158
9.8519,8.4621,9.8519,10.5235,9.8519,6.8119,9.8519,24.0441,9.8519,2.4257,9.8519,15.6774
9.9208,8.9735,9.9208,13.3736,9.9208,8.9200,9.9208,15.6514,9.9208,3.6702,9.9208,13.2342
9.9897,9.0775,9.9897,21.0442,9.9897,5.7418,9.9897,11.8700,9.9897,4.9156,9.9897,11.6971
10.0586,9.1342,10.0586,25.9466,10.0586,4.0512,10.0586,10.4518,10.0586,7.7200,10.0586,8.8495
10.1275,9.0849,10.1275,34.4158,10.1275,2.2769,10.1275,12.7414,10.1275,9.4401,10.1275,7.4754
10.1964,7.4056,10.1964,55.0902,10.1964,1.8393,10.1964,11.7904,10.1964,11.7995,10.1964,5.1626
10.2653,6.1229,10.2653,71.7726,10.2653,1.7323,10.2653,11.8743,10.2653,10.7291,10.2653,4.7465
10.3342,4.5742,10.3342,62.6684,,,10.3342,9.0752,10.3342,9.0656,10.3342,5.2260
10.4031,4.2927,10.4031,45.4862,,,10.4031,8.7608,10.4031,5.7018,10.4031,3.7729
10.4720,2.8590,10.4720,40.1315,,,10.4720,10.9562,10.4720,5.1005,10.4720,3.8578
10.5409,1.9314,10.5409,39.4997,,,10.5409,9.2312,10.5409,3.3527,10.5409,2.4448
10.6098,1.5575,10.6098,30.7049,,,10.6098,6.7486,10.6098,3.1694,10.6098,2.0703
10.6786,1.6921,10.6786,20.2369,,,10.6786,4.1047,10.6786,4.8805,10.6786,1.2081
10.7475,1.1325,10.7475,17.7367,,,10.7475,2.4439,10.7475,6.3423,10.7475,2.3455
10.8164,0.8734,10.8164,12.1476,,,10.8164,2.2012,10.8164,6.6713,10.8164,1.5612
10.8853,1.2445,10.8853,10.2643,,,10.8853,1.2973,10.8853,7.1773,10.8853,3.7816
10.9542,1.2975,10.9542,7.8201,,,10.9542,2.8571,10.9542,7.0396,10.9542,4.2553
11.0231,1.2484,11.0231,5.8700,,,11.0231,2.7133,11.0231,9.1801,11.0231,3.4053
11.0920,2.1512,11.0920,4.9057,,,11.0920,2.3668,11.0920,15.2421,11.0920,3.6566
11.1609,2.5931,11.1609,3.3136,,,11.1609,2.0481,11.1609,21.7041,11.1609,3.5223
11.2298,2.6308,11.2298,2.4956,,,11.2298,2.0710,11.2298,24.1915,11.2298,5.8077
11.2987,3.1527,11.2987,2.1241,,,11.2987,1.7938,11.2987,30.3109,11.2987,7.3746
11.3676,1.6969,11.3676,3.1492,,,11.3676,2.4138,11.3676,28.2616,11.3676,13.6004
11.4365,1.6407,11.4365,2.8730,,,11.4365,2.3253,11.4365,25.8114,11.4365,15.7551
11.5054,4.1548,11.5054,3.2534,,,11.5054,3.0973,11.5054,24.0824,11.5054,17.7706
11.5743,4.5838,11.5743,2.8855,,,11.5743,3.7224,11.5743,15.3788,11.5743,22.4206
11.6432,4.7527,11.6432,4.0089,,,11.6432,4.3080,11.6432,7.5882,11.6432,25.0398
11.7121,5.9357,11.7121,3.7163,,,11.7121,4.5767,11.7121,6.9609,11.7121,23.9636
11.7810,4.9656,11.7810,3.8523,,,11.7810,4.6138,11.7810,6.7629,11.7810,19.7084
11.8499,3.0729,11.8499,3.6346,,,11.8499,5.4202,11.8499,6.5185,11.8499,11.3844
11.9187,3.2451,11.9187,4.1406,,,11.9187,6.4959,11.9187,7.1568,11.9187,6.2295
11.9876,3.6732,11.9876,4.7431,,,11.9876,7.0870,11.9876,8.8856,11.9876,7.1990
12.0565,4.6393,12.0565,7.2447,,,12.0565,9.7433,12.0565,13.5485,12.0565,6.4093
12.1254,6.9773,12.1254,11.0619,,,12.1254,8.3172,12.1254,17.3450,12.1254,5.5186
12.1943,9.5568,12.1943,14.6405,,,12.1943,10.6146,12.1943,20.4774,12.1943,5.7922
12.2632,9.2395,12.2632,15.3951,,,12.2632,11.6432,12.2632,24.2952,12.2632,6.8303
12.3321,11.1297,12.3321,19.2572,,,12.3321,12.8326,12.3321,27.9922,12.3321,5.3224
12.4010,10.0921,12.4010,17.3773,,,12.4010,16.0878,12.4010,26.9758,12.4010,5.1183
12.4699,4.4957,12.4699,10.5387,,,12.4699,19.1756,12.4699,26.5032,12.4699,4.9131
12.5388,2.9555,12.5388,4.7841,,,12.5388,25.2718,12.5388,23.4622,12.5388,3.2047
12.6077,2.2197,12.6077,2.3820,,,12.6077,31.3703,12.6077,14.5293,12.6077,5.0426
12.6766,4.4754,12.6766,1.9788,,,12.6766,39.0699,12.6766,9.1259,12.6766,4.2855
12.7455,3.7766,12.7455,3.5021,,,12.7455,50.7181,12.7455,5.4616,12.7455,3.6058
12.8144,2.7896,12.8144,3.9116,,,12.8144,50.7599,12.8144,3.8388,12.8144,3.7738
12.8833,2.4630,12.8833,3.4561,,,12.8833,53.1666,12.8833,2.7152,12.8833,3.2842
12.9522,2.3856,12.9522,5.6044,,,12.9522,49.6611,12.9522,2.3523,12.9522,3.3718
13.0211,0.9586,13.0211,8.0467,,,13.0211,39.9894,13.0211,2.4528,13.0211,3.5532
13.0900,1.0977,13.0900,12.4262,,,13.0900,29.0122,13.0900,3.2967,13.0900,3.7172
13.1588,0.8169,13.1588,10.8056,,,13.1588,17.5242,13.1588,3.5059,13.1588,4.3499
13.2277,0.9293,13.2277,8.6821,,,13.2277,10.6650,13.2277,4.4814,13.2277,5.0684
13.2966,0.9179,13.2966,4.8560,,,13.2966,6.7752,13.2966,4.6033,13.2966,4.9769
13.3655,0.9839,13.3655,3.2734,,,13.3655,4.3398,13.3655,4.4638,13.3655,4.6994
13.4344,0.5984,13.4344,1.5967,,,13.4344,5.0611,13.4344,4.5958,13.4344,3.4455
13.5033,1.5821,13.5033,1.5501,,,13.5033,8.1634,13.5033,4.3872,13.5033,1.7379
13.5722,2.5849,13.5722,1.2652,,,13.5722,10.9133,13.5722,2.9584,13.5722,2.1280
13.6411,1.7534,13.6411,0.5522,,,13.6411,11.3328,13.6411,1.4321,13.6411,3.4928
13.7100,2.8432,13.7100,1.9718,,,13.7100,9.1984,13.7100,1.7156,13.7100,4.4147
13.7789,4.3167,13.7789,1.3034,,,13.7789,8.2323,13.7789,1.5966,13.7789,3.3965
13.8478,5.5851,13.8478,1.2587,,,13.8478,5.5608,13.8478,2.3213,13.8478,3.9684
13.9167,4.5944,13.9167,1.7912,,,13.9167,4.6834,13.9167,3.1695,13.9167,3.5671
13.9856,6.5681,13.9856,1.3225,,,13.9856,3.3114,13.9856,3.8365,13.9856,7.2081
14.0545,7.5463,14.0545,1.5207,,,14.0545,3.9634,14.0545,4.7999,14.0545,9.4965
14.1234,10.6537,14.1234,1.7623,,,14.1234,4.4417,14.1234,5.1530,14.1234,12.7550
14.1923,17.0319,14.1923,1.6409,,,14.1923,3.9060,14.1923,8.0548,14.1923,18.0319
14.2612,24.6739,14.2612,1.6554,,,14.2612,4.1672,14.2612,11.0596,14.2612,22.1936
14.3301,24.0303,14.3301,1.5602,,,14.3301,4.4454,14.3301,11.0803,14.3301,24.0136
14.3989,22.2571,14.3989,0.7596,,,14.3989,3.8992,14.3989,10.2300,14.3989,21.2220
14.4678,16.4667,14.4678,0.9564,,,14.4678,2.9624,14.4678,11.4839,14.4678,20.5636
14.5367,13.5647,14.5367,2.0231,,,14.5367,3.1319,14.5367,11.1843,14.5367,13.7533
14.6056,13.7886,14.6056,1.6144,,,14.6056,4.9858,14.6056,8.7127,14.6056,12.5675
14.6745,17.3495,14.6745,1.9578,,,14.6745,6.4801,14.6745,4.9850,14.6745,11.7341
14.7434,21.1173,14.7434,1.1792,,,14.7434,11.4868,14.7434,3.3779,14.7434,11.8402
14.8123,17.7276,14.8123,1.5079,,,14.8123,17.7742,14.8123,2.6156,14.8123,13.7861
14.8812,15.2433,14.8812,1.8084,,,14.8812,24.3772,14.8812,4.4853,14.8812,12.8373
14.9501,10.5359,14.9501,1.6468,,,14.9501,27.8195,14.9501,8.1324,14.9501,12.4076
15.0190,9.5751,15.0190,1.8186,,,15.0190,24.8284,15.0190,10.0150,15.0190,11.2940
15.0879,9.1881,15.0879,2.9522,,,15.0879,26.9232,15.0879,12.5037,15.0879,9.4555
15.1568,6.7429,15.1568,3.0865,,,15.1568,23.7856,15.1568,10.0974,15.1568,8.2498
15.2257,5.3738,15.2257,4.4643,,,15.2257,18.7677,15.2257,5.9640,15.2257,9.2009
15.2946,5.2893,15.2946,6.5627,,,15.2946,14.1923,15.2946,3.8367,15.2946,10.0408
15.3635,6.1080,15.3635,7.8042,,,15.3635,16.3862,15.3635,4.1262,15.3635,11.4990
15.4324,6.8426,15.4324,9.4022,,,15.4324,15.8508,15.4324,3.5145,15.4324,11.5560
15.5013,8.5485,15.5013,8.2830,,,15.5013,16.5828,15.5013,3.5141,15.5013,18.6179
15.5702,6.9698,15.5702,7.3292,,,15.5702,16.9911,15.5702,3.2616,15.5702,23.5487
15.6391,6.1711,15.6391,5.7556,,,15.6391,19.9425,15.6391,3.6952,15.6391,30.2988
15.7079,4.1916,15.7079,4.5336,,,15.7079,24.9107,15.7079,4.7191,15.7079,43.3403
15.7768,4.0537,15.7768,4.2995,,,15.7768,27.1910,15.7768,7.5551,15.7768,71.0450
15.8457,4.3660,15.8457,3.4401,,,15.8457,25.8356,15.8457,8.7649,15.8457,62.0953
15.9146,6.4433,15.9146,2.8719,,,15.9146,18.8217,15.9146,11.2091,15.9146,32.7063
15.9835,5.7895,15.9835,3.8314,,,15.9835,11.8764,15.9835,13.5740,15.9835,18.5085
16.0524,7.3313,16.0524,4.3340,,,16.0524,5.6946,16.0524,13.0880,16.0524,13.4259
16.1213,9.5438,16.1213,6.0103,,,16.1213,3.1003,16.1213,10.3363,16.1213,13.0442
16.1902,13.2160,16.1902,9.2411,,,16.1902,2.9668,16.1902,11.1977,16.1902,13.2838
16.2591,15.7557,16.2591,15.0237,,,16.2591,3.0001,16.2591,8.0283,16.2591,11.2574
16.3280,17.7886,16.3280,16.8774,,,16.3280,3.2731,16.3280,8.8833,16.3280,12.0640
16.3969,16.0497,16.3969,18.6619,,,16.3969,3.6757,16.3969,10.7726,16.3969,6.9676
16.4658,15.8385,16.4658,20.1353,,,16.4658,3.9907,16.4658,10.8781,16.4658,4.2079
16.5347,13.6839,16.5347,25.1162,,,16.5347,5.2411,16.5347,11.2674,16.5347,2.7447
16.6036,9.1175,16.6036,31.5224,,,16.6036,8.3952,16.6036,13.7769,16.6036,1.4195
16.6725,6.4675,16.6725,39.2610,,,16.6725,7.8759,16.6725,12.5660,16.6725,2.2604
16.7414,3.3653,16.7414,48.9804,,,16.7414,6.9496,16.7414,10.3383,16.7414,3.8408
16.8103,2.0858,16.8103,48.2454,,,16.8103,8.3164,16.8103,10.0789,16.8103,3.0019
16.8792,2.5658,16.8792,44.4277,,,16.8792,11.2247,16.8792,9.7249,16.8792,2.7814
16.9480,1.8261,16.9480,31.7118,,,16.9480,11.0667,16.9480,8.7837,16.9480,2.9024
17.0169,2.5187,17.0169,22.4828,,,17.0169,10.1411,17.0169,7.5147,17.0169,2.7937
17.0858,2.7414,17.0858,17.6713,,,17.0858,7.6777,17.0858,4.0087,17.0858,2.6288
17.1547,2.0625,17.1547,10.6113,,,17.1547,6.0827,17.1547,4.1082,17.1547,2.3932
17.2236,2.3856,17.2236,6.8069,,,17.2236,6.7130,17.2236,3.3492,17.2236,3.4983
17.2925,2.3777,17.2925,8.1162,,,17.2925,6.5166,17.2925,3.3345,17.2925,3.3680
17.3614,3.5825,17.3614,6.5129,,,17.3614,9.6048,17.3614,3.8879,17.3614,3.5694
17.4303,4.1844,17.4303,9.1883,,,17.4303,12.5029,17.4303,5.7419,17.4303,4.0018
17.4992,5.0869,17.4992,10.9880,,,17.4992,17.7601,17.4992,6.7543,17.4992,2.2143
17.5681,4.7363,17.5681,10.9069,,,17.5681,25.7119,17.5681,8.7386,17.5681,1.4133
17.6370,5.9906,17.6370,12.9661,,,17.6370,25.9876,17.6370,8.4464,17.6370,1.3810
17.7059,6.9341,17.7059,12.1079,,,17.7059,23.8946,17.7059,10.5170,17.7059,1.5787
17.7748,6.5472,17.7748,8.4761,,,17.7748,21.2423,17.7748,9.6982,17.7748,2.6705
17.8437,5.2116,17.8437,6.2527,,,17.8437,15.7064,17.8437,8.1899,17.8437,2.6681
17.9126,4.2187,17.9126,4.1773,,,17.9126,9.6715,17.9126,7.6176,17.9126,4.5876
17.9815,2.8898,17.9815,3.4919,,,17.9815,3.9702,17.9815,6.5147,17.9815,9.1784
18.0504,2.2433,18.0504,2.6804,,,18.0504,3.1068,18.0504,5.8585,18.0504,9.8169
18.1193,2.4959,18.1193,5.1564,,,18.1193,3.3335,18.1193,6.8667,18.1193,10.8491
18.1881,1.7958,18.1881,3.3077,,,18.1881,4.5894,18.1881,9.3576,18.1881,14.5809
18.2570,2.7331,18.2570,3.2498,,,18.2570,7.0402,18.2570,11.7048,18.2570,25.6028
18.3259,2.5883,18.3259,4.1707,,,18.3259,11.4838,18.3259,10.0757,18.3259,31.1526
18.3948,3.3106,18.3948,3.1993,,,18.3948,16.0353,18.3948,10.5387,18.3948,30.4696
18.4637,5.0102,18.4637,4.9750,,,18.4637,22.1355,18.4637,11.9424,18.4637,22.0633
18.5326,3.0806,18.5326,6.6736,,,18.5326,38.1121,18.5326,11.7303,18.5326,16.6268
18.6015,4.3322,18.6015,7.9517,,,18.6015,62.5859,18.6015,16.1080,18.6015,13.6487
18.6704,4.6634,18.6704,5.4817,,,18.6704,90.0592,18.6704,19.3319,18.6704,12.6930
18.7393,4.5766,18.7393,6.2379,,,18.7393,97.3408,18.7393,30.8414,18.7393,12.5246
18.8082,5.5969,18.8082,6.8916,,,18.8082,76.5419,18.8082,41.7427,18.8082,10.0761
18.8771,4.9693,18.8771,4.3098,,,18.8771,55.5068,18.8771,44.7617,18.8771,12.6264
18.9460,3.6253,18.9460,4.2446,,,18.9460,29.3252,18.9460,43.9787,18.9460,16.5710
19.0149,5.0888,19.0149,3.6184,,,19.0149,17.5776,19.0149,42.2139,19.0149,16.4227
19.0838,6.3507,19.0838,3.2776,,,19.0838,15.3986,19.0838,36.3443,19.0838,16.9916
19.1527,5.0224,19.1527,7.3111,,,19.1527,13.1325,19.1527,39.3782,19.1527,15.5406
19.2216,5.5713,19.2216,11.1875,,,19.2216,10.6648,19.2216,35.1115,19.2216,14.4352
19.2905,6.3659,19.2905,11.0185,,,19.2905,13.2518,19.2905,33.4807,19.2905,12.3476
19.3594,7.5584,19.3594,12.6488,,,19.3594,17.7981,19.3594,23.9994,19.3594,7.3769
19.4282,9.3264,19.4282,8.3789,,,19.4282,25.1407,19.4282,19.7577,19.4282,4.3052
19.4971,11.0794,19.4971,8.6007,,,19.4971,26.7725,19.4971,12.9010,19.4971,3.9402
19.5660,9.8142,19.5660,7.3144,,,19.5660,19.8333,19.5660,9.8817,19.5660,4.8742
19.6349,9.0696,19.6349,7.1182,,,19.6349,9.3050,19.6349,6.2820,19.6349,4.3708
19.7038,6.9212,19.7038,9.0033,,,19.7038,4.9083,19.7038,4.1374,19.7038,3.8032
19.7727,7.6461,19.7727,7.9791,,,19.7727,4.8083,19.7727,3.8190,19.7727,4.4892
19.8416,9.8479,19.8416,8.6481,,,19.8416,4.9808,19.8416,4.3370,19.8416,5.5117
19.9105,13.3258,19.9105,8.8529,,,19.9105,4.1538,19.9105,2.8913,19.9105,8.1545
19.9794,17.9996,19.9794,7.1028,,,19.9794,3.9137,19.9794,3.9059,19.9794,11.6489
20.0483,20.5545,20.0483,7.0571,,,20.0483,2.9622,20.0483,4.0222,20.0483,14.3958
20.1172,23.8934,20.1172,5.3680,,,20.1172,5.9379,20.1172,5.6739,20.1172,11.5603
20.1861,24.2647,20.1861,3.1701,,,20.1861,8.4067,20.1861,4.2290,20.1861,10.5415
20.2550,20.5746,20.2550,3.6422,,,20.2550,10.0157,20.2550,2.8275,20.2550,13.0696
20.3239,16.5149,20.3239,3.1396,,,20.3239,11.6805,20.3239,1.7615,20.3239,14.8184
20.3928,12.2749,20.3928,5.0360,,,20.3928,21.7273,20.3928,3.0411,20.3928,15.8878
20.4617,11.3722,20.4617,9.0385,,,20.4617,26.2033,20.4617,1.9010,20.4617,19.1673
20.5306,12.2089,20.5306,10.3368,,,20.5306,24.7170,20.5306,2.1905,20.5306,19.7193
20.5995,11.9005,20.5995,9.6505,,,20.5995,20.4956,20.5995,2.0377,20.5995,17.4137
20.6683,7.2174,20.6683,8.7579,,,20.6683,17.9220,20.6683,2.6100,20.6683,11.5538
20.7372,6.8103,20.7372,9.5546,,,20.7372,16.9363,20.7372,3.2932,20.7372,8.3104
20.8061,4.5509,20.8061,7.1459,,,20.8061,15.4759,20.8061,2.6786,20.8061,10.5996
20.8750,2.9438,20.8750,6.6064,,,20.8750,11.1257,20.8750,3.5629,20.8750,8.7180
20.9439,4.5583,20.9439,7.3357,,,20.9439,9.6943,20.9439,7.2506,20.9439,10.6898
21.0128,4.7449,21.0128,6.2085,,,21.0128,8.2539,21.0128,9.2870,21.0128,8.6973
21.0817,4.6714,21.0817,6.0349,,,21.0817,5.6408,21.0817,16.0616,21.0817,8.8345
21.1506,3.9855,21.1506,6.6680,,,21.1506,3.8809,21.1506,18.2016,21.1506,8.3519
21.2195,4.2908,21.2195,11.5233,,,21.2195,4.0169,21.2195,18.5055,21.2195,5.4655
21.2884,3.8608,21.2884,14.3256,,,21.2884,2.1851,21.2884,16.8694,21.2884,6.4877
21.3573,4.4703,21.3573,17.5701,,,21.3573,1.8523,21.3573,15.4745,21.3573,9.4204
21.4262,2.8329,21.4262,24.6598,,,21.4262,2.8967,21.4262,13.7266,21.4262,10.5543
21.4951,3.1699,21.4951,32.1864,,,21.4951,4.4215,21.4951,11.5396,21.4951,13.2519
21.5640,2.5730,21.5640,34.2419,,,21.5640,7.9235,21.5640,9.7684,21.5640,28.2070
21.6329,4.0649,21.6329,36.9075,,,21.6329,7.1562,21.6329,8.5337,21.6329,43.1736
21.7018,4.4478,21.7018,26.3987,,,21.7018,7.1702,21.7018,7.0076,21.7018,53.3896
21.7707,5.5624,21.7707,16.6168,,,21.7707,8.0657,21.7707,4.7188,21.7707,55.5248
21.8396,8.0291,21.8396,10.6044,,,21.8396,5.5231,21.8396,4.3314,21.8396,50.6099
21.9084,11.8120,21.9084,9.4709,,,21.9084,3.1777,21.9084,4.8912,21.9084,35.7399
21.9773,13.9868,21.9773,5.1559,,,21.9773,2.5177,21.9773,6.4429,21.9773,30.7667
22.0462,22.8985,22.0462,3.4778,,,22.0462,4.0376,22.0462,6.3390,22.0462,28.2431
22.1151,37.9446,22.1151,3.6059,,,22.1151,5.0918,22.1151,7.2846,22.1151,31.0827
22.1840,53.1579,22.1840,5.4973,,,22.1840,4.4841,22.1840,7.9930,22.1840,32.7748
22.2529,54.5710,22.2529,6.9432,,,22.2529,7.0753,22.2529,9.7081,22.2529,40.2127
22.3218,43.3780,22.3218,5.9478,,,22.3218,10.5811,22.3218,13.2308,22.3218,42.3589
22.3907,33.8256,22.3907,5.2705,,,22.3907,13.3506,22.3907,17.6022,22.3907,38.0704
22.4596,29.3347,22.4596,4.1752,,,22.4596,18.3858,22.4596,25.3105,22.4596,38.0384
22.5285,24.4653,22.5285,5.1095,,,22.5285,24.0891,22.5285,24.8795,22.5285,37.8119
22.5974,20.5241,22.5974,5.0718,,,22.5974,31.6112,22.5974,27.6130,22.5974,34.0332
22.6663,15.5357,22.6663,8.0362,,,22.6663,38.0264,22.6663,28.2396,22.6663,19.5060
22.7352,11.5312,22.7352,8.7691,,,22.7352,41.6669,22.7352,22.7676,22.7352,10.4317
22.8041,8.9556,22.8041,7.6556,,,22.8041,40.2166,22.8041,17.8877,22.8041,6.7533
22.8730,5.9093,22.8730,9.2039,,,22.8730,37.4075,22.8730,14.6453,22.8730,3.9588
22.9419,6.4271,22.9419,10.4411,,,22.9419,36.2633,22.9419,13.9873,22.9419,3.2087
23.0108,3.7952,23.0108,7.8530,,,23.0108,31.1945,23.0108,10.7143,23.0108,3.2892
23.0797,3.6168,23.0797,7.8322,,,23.0797,22.2212,23.0797,10.3670,23.0797,2.3889
23.1486,3.1825,23.1486,5.7246,,,23.1486,15.4022,23.1486,7.4190,23.1486,2.4529
23.2174,3.8770,23.2174,4.6251,,,23.2174,7.8191,23.2174,8.2123,23.2174,1.9078
23.2863,4.3971,23.2863,5.0144,,,23.2863,3.5307,23.2863,7.2652,23.2863,2.8816
23.3552,4.8855,23.3552,5.4177,,,23.3552,2.6159,23.3552,7.4120,23.3552,2.8582
23.4241,5.5116,23.4241,5.3516,,,23.4241,2.7026,23.4241,7.8354,23.4241,2.6272
23.4930,7.4349,23.4930,4.9458,,,23.4930,4.9513,23.4930,8.7133,23.4930,4.2349
23.5619,5.7590,23.5619,4.7309,,,23.5619,7.9684,23.5619,8.2598,23.5619,5.2665
23.6308,4.5719,23.6308,2.8273,,,23.6308,13.5536,23.6308,5.7493,23.6308,6.9416
23.6997,4.7375,23.6997,3.4767,,,23.6997,20.6590,23.6997,5.1109,23.6997,6.4747
23.7686,4.7785,23.7686,4.2954,,,23.7686,29.6473,23.7686,4.7111,23.7686,6.8242
23.8375,3.9856,23.8375,3.3656,,,23.8375,44.5695,23.8375,3.3804,23.8375,7.8276
23.9064,4.0552,23.9064,4.4726,,,23.9064,64.1621,23.9064,2.4429,23.9064,7.6465
23.9753,5.8299,23.9753,6.2157,,,23.9753,80.6245,23.9753,2.0147,23.9753,5.4576
24.0442,5.5593,24.0442,10.0049,,,24.0442,86.8546,24.0442,1.8457,24.0442,6.5392
24.1131,2.9071,24.1131,17.4842,,,24.1131,81.0249,24.1131,1.9936,24.1131,5.1316
24.1820,2.8749,24.1820,23.0299,,,24.1820,72.0611,24.1820,4.9883,24.1820,5.8787
24.2509,3.2266,24.2509,25.4439,,,24.2509,58.4325,24.2509,5.9110,24.2509,4.6105
24.3198,1.8788,24.3198,17.9072,,,24.3198,47.1872,24.3198,5.5964,24.3198,5.8481
24.3887,3.8543,24.3887,8.8189,,,24.3887,38.3485,24.3887,3.8684,24.3887,6.0629
24.4575,8.1207,24.4575,7.5626,,,24.4575,22.8928,24.4575,2.6748,24.4575,5.9539
24.5264,14.9829,24.5264,7.2707,,,24.5264,14.4220,24.5264,1.9003,24.5264,5.1602
24.5953,14.1046,24.5953,10.8885,,,24.5953,10.1921,24.5953,1.3398,24.5953,5.2785
24.6642,7.8269,24.6642,14.3075,,,24.6642,8.6254,24.6642,1.5390,24.6642,6.3138
24.7331,3.4867,24.7331,15.7661,,,24.7331,9.5118,24.7331,2.2628,24.7331,5.4091
24.8020,4.2631,24.8020,17.6340,,,24.8020,14.1879,24.8020,1.3375,24.8020,4.9890
24.8709,4.1975,24.8709,18.4702,,,24.8709,15.6161,24.8709,1.8312,24.8709,5.6743
24.9398,4.8229,24.9398,13.2287,,,24.9398,25.8167,24.9398,3.5259,24.9398,4.4650
25.0087,5.3637,25.0087,9.0040,,,25.0087,25.4350,25.0087,3.9431,25.0087,4.9084
25.0776,7.2368,25.0776,7.7362,,,25.0776,25.9316,25.0776,4.6946,25.0776,4.0423
25.1465,7.1082,25.1465,6.8144,,,25.1465,26.3684,25.1465,7.1574,25.1465,3.6541
25.2154,7.8497,25.2154,4.4242,,,25.2154,28.2298,25.2154,8.0755,25.2154,3.4500
25.2843,9.4606,25.2843,5.5445,,,25.2843,32.8649,25.2843,9.7772,25.2843,2.8329
25.3532,8.8660,25.3532,6.9575,,,25.3532,33.6985,25.3532,8.2506,25.3532,1.8013
25.4221,7.0300,25.4221,7.1217,,,25.4221,29.9588,25.4221,5.7045,25.4221,1.0689
25.4910,6.0088,25.4910,5.2744,,,25.4910,21.4875,25.4910,3.3418,25.4910,2.0494
25.5599,4.5877,25.5599,5.6280,,,25.5599,13.2222,25.5599,4.1392,25.5599,2.5186
25.6288,4.9204,25.6288,8.5594,,,25.6288,9.3492,25.6288,4.1751,25.6288,3.9288
25.6976,6.9769,25.6976,14.0584,,,25.6976,7.1544,25.6976,4.1610,25.6976,5.0342
25.7665,11.2362,25.7665,18.7314,,,25.7665,7.3748,25.7665,5.3839,25.7665,6.8124
25.8354,13.3219,25.8354,21.2780,,,25.8354,8.3429,25.8354,4.2908,25.8354,12.8351
25.9043,15.5536,25.9043,22.7049,,,25.9043,14.2370,25.9043,3.4973,25.9043,21.9478
25.9732,14.4521,25.9732,25.1772,,,25.9732,19.7989,25.9732,3.1096,25.9732,35.7684
26.0421,12.2939,26.0421,25.8875,,,26.0421,22.9439,26.0421,2.7409,26.0421,45.4077
26.1110,11.1055,26.1110,28.5431,,,26.1110,26.1340,26.1110,4.5016,26.1110,49.5012
26.1799,8.9546,26.1799,29.9370,,,26.1799,20.0848,26.1799,6.3014,26.1799,53.1950
26.2488,9.9257,26.2488,28.0650,,,26.2488,12.7435,26.2488,9.3455,26.2488,51.6928
26.3177,10.2785,26.3177,20.4222,,,26.3177,8.9556,26.3177,10.8002,26.3177,45.3938
26.3866,13.6421,26.3866,15.1862,,,26.3866,8.2179,26.3866,13.4055,26.3866,36.2060
26.4555,19.6420,26.4555,14.3425,,,26.4555,6.2983,26.4555,13.7284,26.4555,28.7589
26.5244,24.7889,26.5244,14.0620,,,26.5244,7.4099,26.5244,7.8563,26.5244,21.2199
26.5933,28.4638,26.5933,11.3718,,,26.5933,8.0742,26.5933,5.6815,26.5933,15.4163
26.6622,29.2285,26.6622,7.9308,,,26.6622,7.9695,26.6622,5.5638,26.6622,11.8189
26.7311,21.3959,26.7311,6.2656,,,26.7311,7.1837,26.7311,6.6844,26.7311,10.7063
26.8000,17.2853,26.8000,6.9835,,,26.8000,9.1703,26.8000,7.3188,26.8000,8.8792
26.8689,16.2421,26.8689,4.1021,,,26.8689,9.6613,26.8689,7.3905,26.8689,7.2878
26.9377,12.8641,26.9377,3.7081,,,26.9377,11.5199,26.9377,7.7579,26.9377,5.3725
27.0066,11.5860,27.0066,4.1353,,,27.0066,16.5004,27.0066,11.3684,27.0066,7.1988
27.0755,9.2306,27.0755,4.5250,,,27.0755,22.4056,27.0755,14.3680,27.0755,6.5343
27.1444,8.6304,27.1444,4.7917,,,,,27.1444,12.6297,27.1444,5.9872
27.2133,10.7709,27.2133,4.7829,,,,,27.2133,8.4784,27.2133,6.3554
27.2822,13.4130,27.2822,4.7416,,,,,27.2822,8.8150,27.2822,4.7642
27.3511,14.5469,27.3511,4.5009,,,,,27.3511,7.7923,27.3511,4.6194
27.4200,15.8280,27.4200,2.3489,,,,,27.4200,9.2329,27.4200,5.8792
27.4889,16.2338,27.4889,1.5132,,,,,27.4889,7.5546,27.4889,5.9217
27.5578,16.0047,27.5578,1.2355,,,,,27.5578,5.2463,27.5578,6.3430
27.6267,11.9628,27.6267,0.9532,,,,,27.6267,4.2074,27.6267,8.5978
27.6956,8.7482,27.6956,1.7080,,,,,27.6956,3.0246,27.6956,7.4765
27.7645,5.9348,27.7645,1.7880,,,,,27.7645,3.5207,27.7645,7.0541
27.8334,3.8667,27.8334,3.3947,,,,,27.8334,3.7075,27.8334,5.4405
27.9023,5.2414,27.9023,3.7808,,,,,27.9023,4.6414,27.9023,5.5827
27.9712,8.6618,27.9712,7.3185,,,,,27.9712,4.1977,27.9712,4.4003
28.0401,9.3728,28.0401,9.7339,,,,,28.0401,5.4359,28.0401,2.6764
28.1090,6.7503,28.1090,11.8088,,,,,28.1090,6.3336,28.1090,3.9526
28.1778,7.2044,28.1778,10.3972,,,,,28.1778,5.8221,28.1778,4.6661
28.2467,8.4860,28.2467,12.9367,,,,,28.2467,8.2903,28.2467,7.5519
28.3156,8.6449,28.3156,12.6959,,,,,28.3156,12.8919,28.3156,10.2378
28.3845,8.6322,28.3845,9.3429,,,,,28.3845,16.2677,28.3845,11.3477
28.4534,9.0959,28.4534,8.6471,,,,,28.4534,17.0153,28.4534,12.0295
28.5223,11.0760,28.5223,8.8823,,,,,28.5223,20.5939,28.5223,10.8654
28.5912,8.9641,28.5912,5.8063,,,,,28.5912,20.9976,28.5912,9.8588
28.6601,9.4088,28.6601,6.0646,,,,,28.6601,18.8902,28.6601,10.0726
28.7290,9.0589,28.7290,5.2447,,,,,28.7290,15.1506,28.7290,7.6836
28.7979,7.7006,28.7979,3.6085,,,,,28.7979,18.8882,28.7979,7.1546
28.8668,7.9258,28.8668,3.3354,,,,,28.8668,19.5315,28.8668,6.0887
28.9357,8.8455,28.9357,2.5918,,,,,28.9357,16.1743,28.9357,3.6119
29.0046,7.5460,29.0046,2.6485,,,,,29.0046,12.6490,29.0046,4.1300
29.0735,8.8296,29.0735,2.5245,,,,,29.0735,15.8415,29.0735,1.9583
29.1424,8.7839,29.1424,2.7542,,,,,29.1424,14.8418,29.1424,2.7738
29.2113,9.2346,29.2113,3.2010,,,,,29.2113,16.5912,29.2113,3.7044
29.2802,9.7981,29.2802,3.4561,,,,,29.2802,20.3829,29.2802,2.7746
29.3491,13.0425,29.3491,4.6481,,,,,29.3491,23.9040,29.3491,2.8754
29.4179,16.0856,29.4179,4.0540,,,,,29.4179,21.7296,29.4179,2.5395
29.4868,12.6242,29.4868,7.4792,,,,,29.4868,15.4332,29.4868,2.6358
29.5557,7.4344,29.5557,6.9741,,,,,29.5557,13.8685,29.5557,2.0679
29.6246,4.9427,29.6246,6.1681,,,,,29.6246,12.6495,29.6246,1.6069
29.6935,3.5407,29.6935,5.8008,,,,,29.6935,12.3939,29.6935,1.4988
29.7624,2.0638,29.7624,3.3798,,,,,29.7624,12.9058,29.7624,2.0982
29.8313,1.3460,29.8313,2.4658,,,,,29.8313,13.1534,29.8313,2.2596
29.9002,1.5344,29.9002,2.5342,,,,,29.9002,13.6552,29.9002,4.0166
29.9691,1.4254,29.9691,4.6295,,,,,29.9691,15.3545,29.9691,4.7942
30.0380,1.0001,30.0380,4.9176,,,,,30.0380,17.2875,30.0380,7.0128
30.1069,1.0729,30.1069,7.6052,,,,,30.1069,12.7059,30.1069,6.5803
30.1758,1.6409,30.1758,6.0390,,,,,30.1758,7.6244,30.1758,6.6078
30.2447,1.6487,30.2447,5.2219,,,,,30.2447,4.9965,30.2447,11.2891
30.3136,1.8743,30.3136,5.6282,,,,,30.3136,4.0718,30.3136,20.3757
30.3825,2.5518,30.3825,4.5677,,,,,30.3825,2.5701,30.3825,33.3035
30.4514,2.8657,30.4514,3.5250,,,,,30.4514,2.4717,30.4514,46.9266
30.5203,3.8678,30.5203,2.7186,,,,,30.5203,2.6579,30.5203,56.3908
30.5892,4.5367,30.5892,2.6098,,,,,30.5892,3.6190,30.5892,52.2331
30.6581,3.7862,30.6581,3.4207,,,,,30.6581,2.8532,30.6581,38.2946
30.7269,6.4894,30.7269,4.4501,,,,,30.7269,3.3228,30.7269,23.9718
30.7958,8.0129,30.7958,5.7645,,,,,30.7958,3.4847,30.7958,20.6583
30.8647,9.6722,30.8647,5.5622,,,,,30.8647,3.2797,30.8647,22.8099
30.9336,12.7785,30.9336,5.3960,,,,,30.9336,3.4207,30.9336,23.7412
31.0025,15.7844,31.0025,4.5925,,,,,31.0025,3.1072,31.0025,20.9807
31.0714,17.3388,31.0714,3.3097,,,,,31.0714,4.4349,31.0714,16.5593
31.1403,16.6226,31.1403,3.1052,,,,,31.1403,6.3517,31.1403,11.7985
31.2092,17.9400,31.2092,3.3935,,,,,31.2092,6.3778,31.2092,8.9430
31.2781,16.3409,31.2781,2.5105,,,,,31.2781,10.8366,31.2781,6.6746
31.3470,16.6254,31.3470,3.6734,,,,,31.3470,11.1829,31.3470,8.1048
31.4159,13.8487,31.4159,4.5281,,,,,31.4159,7.0929,31.4159,9.4773
31.4848,13.7517,31.4848,3.6366,,,,,31.4848,5.0729,31.4848,11.4021
31.5537,10.7429,31.5537,3.6379,,,,,31.5537,2.7936,31.5537,11.4234
31.6226,11.6695,31.6226,3.5893,,,,,31.6226,3.1360,31.6226,8.7714
31.6915,11.7200,31.6915,4.6931,,,,,31.6915,3.0710,31.6915,7.3287
31.7604,10.3560,31.7604,5.1356,,,,,31.7604,2.5571,31.7604,8.3087
31.8293,10.4569,31.8293,5.8677,,,,,31.8293,4.2509,31.8293,7.7820
31.8982,12.9301,31.8982,9.8333,,,,,31.8982,5.0775,31.8982,7.9618
31.9670,18.5102,31.9670,9.3423,,,,,31.9670,7.5497,31.9670,5.3198
32.0359,23.8142,32.0359,9.3692,,,,,32.0359,11.2032,32.0359,5.3454
32.1048,33.0106,32.1048,7.7360,,,,,32.1048,14.6951,32.1048,6.3690
32.1737,36.2336,32.1737,3.5460,,,,,32.1737,25.0096,32.1737,8.3796
32.2426,37.9467,32.2426,3.0135,,,,,32.2426,32.1374,32.2426,10.2616
32.3115,36.0935,32.3115,3.4448,,,,,32.3115,41.2281,32.3115,10.9341
32.3804,33.2767,32.3804,2.7128,,,,,32.3804,33.5196,32.3804,11.7539
32.4493,26.9259,32.4493,3.3605,,,,,32.4493,27.9438,32.4493,14.0041
32.5182,23.4142,32.5182,4.1329,,,,,32.5182,20.4537,32.5182,20.6983
32.5871,20.2904,32.5871,3.4290,,,,,32.5871,12.1634,32.5871,21.6656
32.6560,17.8285,32.6560,3.1930,,,,,32.6560,10.4526,32.6560,19.8058
32.7249,14.0380,32.7249,3.7443,,,,,32.7249,8.2735,32.7249,18.4471
32.7938,9.5225,32.7938,3.5395,,,,,32.7938,7.1704,32.7938,17.0273
32.8627,8.4522,32.8627,4.1219,,,,,32.8627,9.9051,32.8627,13.8726
32.9316,8.9254,32.9316,5.2671,,,,,32.9316,8.4932,32.9316,10.1176
33.0005,11.4106,33.0005,7.1825,,,,,33.0005,7.4975,33.0005,10.4800
33.0694,12.8189,33.0694,7.8498,,,,,33.0694,5.6583,33.0694,9.7763
33.1383,14.7203,33.1383,10.6555,,,,,33.1383,4.5222,33.1383,10.0461
33.2071,24.6752,33.2071,11.8486,,,,,33.2071,4.5214,33.2071,11.1058
33.2760,36.9417,33.2760,12.9690,,,,,33.2760,3.7811,33.2760,11.6336
33.3449,48.0210,33.3449,12.7908,,,,,33.3449,3.7649,33.3449,8.4231
33.4138,43.5550,33.4138,13.1087,,,,,33.4138,3.1220,33.4138,5.3799
33.4827,35.9758,33.4827,12.6231,,,,,33.4827,2.7360,33.4827,2.9878
33.5516,34.6514,33.5516,10.8952,,,,,33.5516,1.6889,33.5516,2.8106
33.6205,33.3738,33.6205,9.4691,,,,,33.6205,2.5749,33.6205,3.4331
33.6894,31.0339,33.6894,6.9380,,,,,33.6894,0.8894,33.6894,3.9655
33.7583,36.0746,33.7583,8.7713,,,,,33.7583,1.8294,33.7583,2.9385
33.8272,34.5446,33.8272,10.6848,,,,,33.8272,1.5373,33.8272,2.3799
33.8961,36.3250,33.8961,13.6882,,,,,33.8961,0.8772,33.8961,2.3395
33.9650,33.9291,33.9650,11.6843,,,,,33.9650,1.2376,33.9650,2.4654
34.0339,29.9535,34.0339,5.7666,,,,,34.0339,1.9867,34.0339,2.2329
34.1028,26.5592,34.1028,4.1312,,,,,34.1028,1.9983,34.1028,3.5654
34.1717,24.8798,34.1717,2.6658,,,,,34.1717,2.1699,34.1717,3.7056
34.2406,22.0670,34.2406,3.2802,,,,,34.2406,1.5241,34.2406,6.2230
34.3095,21.7780,34.3095,4.9695,,,,,34.3095,0.8458,34.3095,9.5441
34.3784,18.1746,34.3784,6.5676,,,,,34.3784,1.3159,34.3784,15.0246
34.4472,16.0227,34.4472,7.7101,,,,,34.4472,1.2298,34.4472,26.0189
34.5161,13.7164,34.5161,9.7749,,,,,34.5161,1.8777,34.5161,33.7225
34.5850,11.6666,34.5850,11.5650,,,,,34.5850,2.8429,34.5850,38.2260
34.6539,10.3715,34.6539,13.6304,,,,,34.6539,3.8096,34.6539,33.8345
34.7228,9.0280,34.7228,13.6957,,,,,34.7228,3.6927,34.7228,20.3648
34.7917,6.5526,34.7917,17.3551,,,,,34.7917,3.4784,34.7917,10.3526
34.8606,5.9482,34.8606,20.3263,,,,,34.8606,3.9951,34.8606,9.2583
34.9295,5.4240,34.9295,21.4727,,,,,34.9295,2.8795,34.9295,9.0158
34.9984,3.2902,34.9984,20.9411,,,,,34.9984,2.9629,34.9984,7.0591
35.0673,3.4647,35.0673,11.8194,,,,,35.0673,4.2393,35.0673,6.3257
35.1362,3.4510,35.1362,10.5945,,,,,35.1362,5.4258,35.1362,5.0797
35.2051,2.8065,35.2051,8.2685,,,,,35.2051,6.7184,35.2051,5.0521
35.2740,4.4203,35.2740,13.6250,,,,,35.2740,7.1798,35.2740,5.4162
35.3429,6.3891,35.3429,17.1466,,,,,35.3429,4.6985,35.3429,3.5761
35.4118,5.7175,35.4118,19.2127,,,,,35.4118,5.7172,35.4118,3.0189
35.4807,5.2630,35.4807,18.3049,,,,,35.4807,4.5608,35.4807,2.1179
35.5496,6.3367,35.5496,15.3725,,,,,35.5496,4.5538,35.5496,2.7876
35.6185,5.1817,35.6185,12.7479,,,,,35.6185,5.7210,35.6185,3.9803
35.6873,7.8450,35.6873,12.0632,,,,,35.6873,4.9037,35.6873,3.7275
35.7562,8.3716,35.7562,10.7180,,,,,35.7562,3.7930,35.7562,6.5970
35.8251,11.3136,35.8251,5.3024,,,,,35.8251,2.8973,35.8251,4.9670
35.8940,11.0506,35.8940,4.1974,,,,,35.8940,3.3393,35.8940,5.0164
35.9629,13.8847,35.9629,3.4096,,,,,35.9629,2.2279,35.9629,7.1875
36.0318,13.4522,36.0318,4.0464,,,,,36.0318,1.5188,36.0318,8.1409
36.1007,14.6700,36.1007,4.5599,,,,,36.1007,1.6398,36.1007,6.3449
36.1696,10.5263,36.1696,6.1465,,,,,36.1696,1.4623,36.1696,6.6752
36.2385,8.3658,36.2385,4.6670,,,,,36.2385,1.5457,36.2385,7.1220
36.3074,8.4048,36.3074,3.2403,,,,,36.3074,1.5003,36.3074,9.0286
36.3763,7.9971,36.3763,3.9289,,,,,36.3763,1.6144,36.3763,12.9824
36.4452,10.8344,36.4452,3.7151,,,,,36.4452,1.1835,36.4452,12.9276
36.5141,11.2563,36.5141,4.4055,,,,,36.5141,1.1415,36.5141,11.4606
36.5830,9.1757,36.5830,3.0478,,,,,36.5830,2.1858,36.5830,8.5819
36.6519,7.1888,36.6519,2.6919,,,,,36.6519,2.2045,36.6519,6.7552
36.7208,4.8900,36.7208,3.7569,,,,,36.7208,2.8148,36.7208,6.5578
36.7897,4.8372,36.7897,3.8254,,,,,36.7897,2.6953,36.7897,6.9920
36.8586,5.9603,36.8586,2.8531,,,,,36.8586,7.3653,36.8586,9.4574
36.9274,6.7925,36.9274,3.1636,,,,,36.9274,9.4947,36.9274,11.7580
36.9963,8.3782,36.9963,2.7306,,,,,36.9963,11.3743,36.9963,11.7735
37.0652,8.0151,37.0652,3.7050,,,,,37.0652,14.9404,37.0652,18.3942
37.1341,8.9312,37.1341,5.6535,,,,,37.1341,23.0851,37.1341,28.6379
37.2030,7.5987,37.2030,7.6465,,,,,37.2030,32.8223,37.2030,29.8019
37.2719,7.5879,37.2719,15.6561,,,,,37.2719,46.8096,37.2719,21.7800
37.3408,5.1742,37.3408,23.9512,,,,,37.3408,62.5799,37.3408,13.7352
37.4097,3.8787,37.4097,32.6994,,,,,37.4097,67.5514,37.4097,10.1299
37.4786,3.5987,37.4786,43.9124,,,,,37.4786,79.7054,37.4786,6.9356
37.5475,2.6991,37.5475,62.3141,,,,,37.5475,84.5196,37.5475,6.8322
37.6164,2.3827,37.6164,67.3096,,,,,37.6164,72.6371,,
37.6853,2.5372,37.6853,58.8030,,,,,37.6853,51.0726,,
37.7542,1.8001,37.7542,44.3472,,,,,37.7542,30.1458,,
37.8231,1.6949,37.8231,27.9772,,,,,37.8231,20.6907,,
37.8920,2.2056,37.8920,19.0572,,,,,37.8920,19.1710,,
37.9609,3.1500,37.9609,12.3577,,,,,37.9609,21.9103,,
38.0298,4.3289,38.0298,7.8156,,,,,38.0298,17.5427,,
38.0987,5.6065,38.0987,6.1670,,,,,38.0987,10.7887,,
38.1675,5.4648,38.1675,3.7199,,,,,38.1675,6.0324,,
38.2364,4.5468,38.2364,4.8768,,,,,38.2364,5.3197,,
38.3053,2.2727,38.3053,5.0911,,,,,38.3053,5.2506,,
38.3742,1.7599,38.3742,4.0675,,,,,38.3742,5.4928,,
38.4431,2.4447,38.4431,3.6321,,,,,38.4431,6.0836,,
38.5120,4.7094,38.5120,3.1158,,,,,38.5120,6.6474,,
38.5809,4.9142,38.5809,2.2490,,,,,38.5809,7.5742,,
38.6498,7.0135,38.6498,2.7983,,,,,38.6498,8.2298,,
38.7187,9.1609,38.7187,3.4851,,,,,38.7187,8.7896,,
38.7876,11.4520,38.7876,5.3490,,,,,38.7876,7.3767,,
38.8565,12.4372,38.8565,6.1476,,,,,38.8565,8.4540,,
38.9254,13.1692,38.9254,7.8989,,,,,38.9254,10.7769,,
38.9943,13.8408,38.9943,7.0381,,,,,38.9943,14.7237,,
39.0632,17.0981,39.0632,7.1872,,,,,39.0632,18.1045,,
39.1321,20.2693,39.1321,7.1066,,,,,39.1321,12.2821,,
39.2010,17.0414,39.2010,11.5337,,,,,39.2010,6.7794,,
39.2699,15.4033,39.2699,15.6037,,,,,39.2699,5.1411,,
39.3388,16.2293,39.3388,16.8883,,,,,39.3388,4.4673,,
39.4076,15.0426,39.4076,15.2666,,,,,39.4076,3.9960,,
39.4765,14.5680,39.4765,12.3986,,,,,39.4765,3.7412,,
39.5454,13.2615,39.5454,10.4914,,,,,39.5454,2.2247,,
39.6143,12.4830,39.6143,7.7080,,,,,39.6143,2.4050,,
39.6832,7.9638,39.6832,7.2275,,,,,39.6832,2.3690,,
39.7521,5.6137,39.7521,5.9798,,,,,39.7521,4.1177,,
39.8210,8.0869,39.8210,6.9193,,,,,39.8210,4.0356,,
39.8899,8.2904,39.8899,8.2489,,,,,39.8899,2.8578,,
39.9588,9.4678,39.9588,6.6542,,,,,39.9588,1.8488,,
40.0277,10.3911,40.0277,4.1859,,,,,40.0277,2.7167,,
40.0966,16.7335,40.0966,3.4016,,,,,40.0966,4.1725,,
40.1655,20.5434,40.1655,4.4181,,,,,40.1655,4.4874,,
40.2344,24.3119,40.2344,3.6626,,,,,40.2344,3.7287,,
40.3033,24.9356,40.3033,4.9543,,,,,40.3033,5.0449,,
40.3722,27.7263,40.3722,5.0701,,,,,40.3722,6.6279,,
40.4411,36.7265,40.4411,4.9439,,,,,40.4411,9.7078,,
40.5100,44.1821,40.5100,4.7099,,,,,40.5100,8.8260,,
40.5789,50.5055,40.5789,5.9696,,,,,40.5789,5.8367,,
40.6478,51.6086,40.6478,9.3266,,,,,40.6478,4.5376,,
40.7166,44.2441,40.7166,7.9883,,,,,40.7166,3.0101,,
40.7855,30.6401,40.7855,7.7791,,,,,40.7855,2.6221,,
40.8544,16.4775,40.8544,6.5471,,,,,40.8544,2.5176,,
40.9233,8.7980,40.9233,8.2461,,,,,40.9233,3.6906,,
40.9922,8.0012,40.9922,7.8416,,,,,40.9922,3.5809,,
41.0611,4.3314,41.0611,8.1926,,,,,41.0611,4.6901,,
41.1300,3.3249,41.1300,9.4666,,,,,41.1300,4.9765,,
41.1989,3.2034,41.1989,9.9345,,,,,41.1989,6.1303,,
41.2678,4.1005,41.2678,13.7389,,,,,41.2678,7.5224,,
41.3367,4.1343,41.3367,15.8145,,,,,41.3367,7.2323,,
41.4056,4.0566,41.4056,15.4424,,,,,41.4056,7.6257,,
41.4745,2.7717,41.4745,12.1818,,,,,41.4745,7.0910,,
41.5434,2.2849,41.5434,8.9174,,,,,41.5434,4.5238,,
41.6123,2.4794,41.6123,7.0123,,,,,41.6123,5.0682,,
41.6812,3.5587,,,,,,,41.6812,6.2525,,
41.7501,2.8597,,,,,,,41.7501,6.8386,,
41.8190,2.0729,,,,,,,41.8190,6.4634,,
41.8879,2.4853,,,,,,,41.8879,8.6160,,
41.9567,2.3925,,,,,,,41.9567,9.6605,,
42.0256,2.3904,,,,,,,42.0256,12.3772,,
42.0945,3.9594,,,,,,,42.0945,12.0865,,
42.1634,6.4972,,,,,,,42.1634,12.1667,,
42.2323,8.7892,,,,,,,42.2323,8.8183,,
42.3012,8.0532,,,,,,,42.3012,9.4299,,
42.3701,6.5264,,,,,,,42.3701,6.5103,,
42.4390,5.4108,,,,,,,42.4390,7.4787,,
42.5079,4.0096,,,,,,,42.5079,7.4880,,
42.5768,4.3905,,,,,,,42.5768,9.5799,,
42.6457,3.9436,,,,,,,42.6457,10.5820,,
42.7146,5.4363,,,,,,,42.7146,11.0203,,
42.7835,7.4005,,,,,,,42.7835,12.0277,,
42.8524,10.1466,,,,,,,42.8524,13.8905,,
42.9213,10.0302,,,,,,,42.9213,17.2755,,
42.9902,11.0447,,,,,,,42.9902,18.6093,,
43.0591,12.5658,,,,,,,43.0591,16.4170,,
43.1280,15.3307,,,,,,,,,,
43.1968,15.2335,,,,,,,,,,
43.2657,16.9692,,,,,,,,,,
43.3346,14.8616,,,,,,,,,,
43.4035,12.4740,,,,,,,,,,
43.4724,12.5271,,,,,,,,,,
43.5413,12.8992,,,,,,,,,,
43.6102,13.1511,,,,,,,,,,
43.6791,13.6047,,,,,,,,,,
43.7480,11.4924,,,,,,,,,,
43.8169,9.6304,,,,,,,,,,
43.8858,8.7695,,,,,,,,,,
43.9547,7.0924,,,,,,,,,,
44.0236,6.0334,,,,,,,,,,
44.0925,3.7196,,,,,,,,,,
44.1614,4.2865,,,,,,,,,,
44.2303,4.8838,,,,,,,,,,
44.2992,6.2695,,,,,,,,,,
44.3681,8.1139,,,,,,,,,,
44.4370,5.9611,,,,,,,,,,
44.5058,3.9873,,,,,,,,,,
44.5747,3.7470,,,,,,,,,,
44.6436,2.3934,,,,,,,,,,
44.7125,1.9020,,,,,,,,,,
44.7814,2.0139,,,,,,,,,,
44.8503,1.4610,,,,,,,,,,
44.9192,0.9608,,,,,,,,,,
44.9881,1.9071,,,,,,,,,,
45.0570,2.3339,,,,,,,,,,
45.1259,2.0713,,,,,,,,,,
45.1948,2.2043,,,,,,,,,,
45.2637,2.7987,,,,,,,,,,
45.3326,3.0016,,,,,,,,,,
45.4015,4.9384,,,,,,,,,,
45.4704,7.2617,,,,,,,,,,
45.5393,9.7175,,,,,,,,,,
45.6082,8.5781,,,,,,,,,,
45.6771,11.8884,,,,,,,,,,
45.7459,9.1399,,,,,,,,,,
45.8148,7.1478,,,,,,,,,,
45.8837,3.3903,,,,,,,,,,
45.9526,2.7766,,,,,,,,,,
46.0215,3.0639,,,,,,,,,,
46.0904,2.8206,,,,,,,,,,
46.1593,4.2675,,,,,,,,,,
46.2282,3.2608,,,,,,,,,,
46.2971,3.5822,,,,,,,,,,
46.3660,3.8378,,,,,,,,,,
46.4349,2.6355,,,,,,,,,,
46.5038,5.6932,,,,,,,,,,
46.5727,4.6906,,,,,,,,,,
46.6416,5.7104,,,,,,,,,,
46.7105,4.6390,,,,,,,,,,
46.7794,5.5047,,,,,,,,,,
46.8483,6.7657,,,,,,,,,,
46.9172,11.6573,,,,,,,,,,
46.9860,14.4604,,,,,,,,,,
47.0549,13.9457,,,,,,,,,,
47.1238,8.9860,,,,,,,,,,
47.1927,5.1734,,,,,,,,,,
47.2616,4.3956,,,,,,,,,,
47.3305,3.2296,,,,,,,,,,
47.3994,3.5840,,,,,,,,,,
47.4683,2.5809,,,,,,,,,,
47.5372,2.1291,,,,,,,,,,
47.6061,2.3573,,,,,,,,,,
47.6750,2.3816,,,,,,,,,,
47.7439,3.9535,,,,,,,,,,
47.8128,4.4877,,,,,,,,,,
47.8817,2.7333,,,,,,,,,,
47.9506,3.7268,,,,,,,,,,
48.0195,5.1614,,,,,,,,,,
48.0884,6.9757,,,,,,,,,,
48.1573,6.2031,,,,,,,,,,
48.2261,5.8329,,,,,,,,,,
48.2950,4.4149,,,,,,,,,,
48.3639,5.6978,,,,,,,,,,
48.4328,7.6456,,,,,,,,,,
48.5017,10.2018,,,,,,,,,,
48.5706,13.4734,,,,,,,,,,
48.6395,13.7305,,,,,,,,,,
48.7084,16.5251,,,,,,,,,,
48.7773,20.5370,,,,,,,,,,
48.8462,21.9666,,,,,,,,,,
48.9151,22.5744,,,,,,,,,,
48.9840,23.1496,,,,,,,,,,
49.0529,19.5095,,,,,,,,,,
49.1218,16.7747,,,,,,,,,,
49.1907,11.8968,,,,,,,,,,
49.2596,9.5176,,,,,,,,,,
49.3285,9.0997,,,,,,,,,,
49.3974,8.4544,,,,,,,,,,
49.4662,9.1011,,,,,,,,,,
49.5351,8.9354,,,,,,,,,,
49.6040,7.6354,,,,,,,,,,
49.6729,5.9997,,,,,,,,,,
49.7418,5.4896,,,,,,,,,,
49.8107,4.4263,,,,,,,,,,
49.8796,3.2343,,,,,,,,,,
49.9485,2.5348,,,,,,,,,,
50.0174,1.3836,,,,,,,,,,
50.0863,0.8084,,,,,,,,,,
50.1552,1.0816,,,,,,,,,,
50.2241,1.6175,,,,,,,,,,
50.2930,1.1988,,,,,,,,,,
50.3619,1.2368,,,,,,,,,,
50.4308,1.6342,,,,,,,,,,
50.4997,3.4109,,,,,,,,,,
50.5686,6.6491,,,,,,,,,,
50.6375,11.1607,,,,,,,,,,
50.7063,11.1471,,,,,,,,,,
50.7752,9.3706,,,,,,,,,,
50.8441,9.6262,,,,,,,,,,
50.9130,9.5615,,,,,,,,,,
50.9819,7.9061,,,,,,,,,,
51.0508,9.0851,,,,,,,,,,
51.1197,13.3175,,,,,,,,,,
51.1886,14.1961,,,,,,,,,,
51.2575,12.8139,,,,,,,,,,
51.3264,12.5244,,,,,,,,,,
51.3953,15.1048,,,,,,,,,,
51.4642,20.0413,,,,,,,,,,
51.5331,23.8637,,,,,,,,,,
51.6020,22.9175,,,,,,,,,,
51.6709,19.8993,,,,,,,,,,
51.7398,14.1035,,,,,,,,,,
51.8087,9.2347,,,,,,,,,,
51.8776,7.4015,,,,,,,,,,
51.9464,4.6625,,,,,,,,,,
52.0153,3.6043,,,,,,,,,,
52.0842,4.7445,,,,,,,,,,
52.1531,4.9758,,,,,,,,,,
52.2220,4.0774,,,,,,,,,,
52.2909,3.3375,,,,,,,,,,
52.3598,2.2169,,,,,,,,,,
52.4287,1.9002,,,,,,,,,,
52.4976,1.1317,,,,,,,,,,
52.5665,2.2024,,,,,,,,,,
52.6354,1.8646,,,,,,,,,,
52.7043,1.1460,,,,,,,,,,
52.7732,1.7933,,,,,,,,,,
52.8421,0.7494,,,,,,,,,,
52.9110,1.7540,,,,,,,,,,
52.9799,2.0113,,,,,,,,,,
53.0488,3.3198,,,,,,,,,,
53.1177,5.0394,,,,,,,,,,
53.1866,5.6534,,,,,,,,,,
53.2554,7.0314,,,,,,,,,,
53.3243,9.2481,,,,,,,,,,
53.3932,9.2391,,,,,,,,,,
53.4621,7.9927,,,,,,,,,,
53.5310,9.4584,,,,,,,,,,
53.5999,11.9268,,,,,,,,,,
53.6688,15.8511,,,,,,,,,,
53.7377,18.3698,,,,,,,,,,
53.8066,17.0541,,,,,,,,,,
53.8755,15.3641,,,,,,,,,,
53.9444,13.7831,,,,,,,,,,
54.0133,11.8124,,,,,,,,,,
54.0822,9.9142,,,,,,,,,,
54.1511,6.7453,,,,,,,,,,
54.2200,3.6388,,,,,,,,,,
54.2889,2.4822,,,,,,,,,,
54.3578,2.2545,,,,,,,,,,
54.4267,2.9825,,,,,,,,,,
54.4955,3.3756,,,,,,,,,,
54.5644,4.6932,,,,,,,,,,
54.6333,3.2709,,,,,,,,,,
54.7022,6.0926,,,,,,,,,,
54.7711,6.9085,,,,,,,,,,
54.8400,7.0708,,,,,,,,,,
54.9089,5.6290,,,,,,,,,,
54.9778,8.2203,,,,,,,,,,
55.0467,15.9568,,,,,,,,,,
55.1156,22.7274,,,,,,,,,,
55.1845,19.3599,,,,,,,,,,
55.2534,18.6938,,,,,,,,,,
55.3223,23.6923,,,,,,,,,,
55.3912,26.6643,,,,,,,,,,
55.4601,24.9803,,,,,,,,,,
55.5290,24.6989,,,,,,,,,,
55.5979,33.8589,,,,,,,,,,
55.6668,46.0938,,,,,,,,,,
55.7356,51.2227,,,,,,,,,,
55.8045,45.9046,,,,,,,,,,
55.8734,34.3330,,,,,,,,,,
55.9423,29.4738,,,,,,,,,,
56.0112,31.1409,,,,,,,,,,
56.0801,28.6895,,,,,,,,,,
56.1490,22.1523,,,,,,,,,,
56.2179,16.4413,,,,,,,,,,
56.2868,14.3800,,,,,,,,,,
56.3557,16.3682,,,,,,,,,,
56.4246,19.0237,,,,,,,,,,
56.4935,19.9690,,,,,,,,,,
56.5624,21.1292,,,,,,,,,,
56.6313,20.0003,,,,,,,,,,
56.7002,16.6835,,,,,,,,,,
56.7691,14.6475,,,,,,,,,,
56.8380,14.1109,,,,,,,,,,
56.9069,10.3520,,,,,,,,,,
56.9757,9.6351,,,,,,,,,,
57.0446,8.1404,,,,,,,,,,
57.1135,7.4091,,,,,,,,,,
57.1824,6.8864,,,,,,,,,,
57.2513,8.0991,,,,,,,,,,
57.3202,9.9715,,,,,,,,,,
57.3891,13.2115,,,,,,,,,,
57.4580,17.4543,,,,,,,,,,
57.5269,19.5932,,,,,,,,,,
57.5958,16.7991,,,,,,,,,,
57.6647,14.5174,,,,,,,,,,
57.7336,12.5503,,,,,,,,,,
57.8025,14.4347,,,,,,,,,,
57.8714,16.7001,,,,,,,,,,
57.9403,15.1878,,,,,,,,,,
58.0092,12.4970,,,,,,,,,,
58.0781,10.5666,,,,,,,,,,
58.1470,9.7128,,,,,,,,,,
58.2159,15.9457,,,,,,,,,,
58.2847,25.8920,,,,,,,,,,
58.3536,32.1471,,,,,,,,,,
58.4225,36.8767,,,,,,,,,,
58.4914,31.3174,,,,,,,,,,
58.5603,26.9914,,,,,,,,,,
58.6292,29.2980,,,,,,,,,,
58.6981,31.7446,,,,,,,,,,
58.7670,23.7989,,,,,,,,,,
58.8359,16.4796,,,,,,,,,,
58.9048,11.3623,,,,,,,,,,
58.9737,8.0742,,,,,,,,,,
59.0426,6.6751,,,,,,,,,,
59.1115,8.7497,,,,,,,,,,
59.1804,10.0633,,,,,,,,,,
59.2493,9.6524,,,,,,,,,,
59.3182,10.9085,,,,,,,,,,
59.3871,10.2089,,,,,,,,,,
59.4560,9.8480,,,,,,,,,,
59.5248,7.9174,,,,,,,,,,
59.5937,5.2474,,,,,,,,,,
59.6626,3.6032,,,,,,,,,,
59.7315,2.8263,,,,,,,,,,
59.8004,2.8710,,,,,,,,,,
59.8693,4.7532,,,,,,,,,,
59.9382,8.4389,,,,,,,,,,
60.0071,11.0964,,,,,,,,,,
60.0760,15.5420,,,,,,,,,,
60.1449,16.9529,,,,,,,,,,
60.2138,19.6221,,,,,,,,,,
60.2827,24.6357,,,,,,,,,,
60.3516,28.9255,,,,,,,,,,
60.4205,26.8145,,,,,,,,,,
60.4894,26.7131,,,,,,,,,,
60.5583,19.2169,,,,,,,,,,
60.6272,36.4732,,,,,,,,,,
60.6961,33.4556,,,,,,,,,,
60.7649,27.4460,,,,,,,,,,
60.8338,21.1745,,,,,,,,,,
60.9027,18.6249,,,,,,,,,,
60.9716,11.2222,,,,,,,,,,
61.0405,7.4822,,,,,,,,,,
61.1094,4.2016,,,,,,,,,,
61.1783,1.5706,,,,,,,,,,
61.2472,1.6364,,,,,,,,,,
